{"train_acc": 1.0, "test_acc": 0.7366935711463566, "val_acc": 0.7189610389610389, "loss": 0.007219044957309961, "_timestamp": 1648871276, "_runtime": 72, "_step": 599, "_wandb": {"runtime": 70}}