{"train_acc": 0.9933333333333333, "test_acc": 0.625, "val_acc": 0.6324324324324324, "loss": 1.2303650379180908, "_timestamp": 1648804269, "_runtime": 24, "_step": 249, "_wandb": {"runtime": 32}}