{"train_acc": 1.0, "test_acc": 0.7172771913980922, "val_acc": 0.730909090909091, "loss": 0.08626064658164978, "_timestamp": 1648885864, "_runtime": 293, "_step": 599, "_wandb": {"runtime": 294}}