{"train_acc": 0.9866666666666667, "test_acc": 0.6666666666666666, "val_acc": 0.6324324324324324, "loss": 1.0472244024276733, "_timestamp": 1648915954, "_runtime": 36, "_step": 249, "_wandb": {"runtime": 37}}