{"train_acc": 1.0, "test_acc": 0.6832985268386296, "val_acc": 0.6727272727272727, "loss": 0.11588938534259796, "_timestamp": 1648801678, "_runtime": 43, "_step": 599, "_wandb": {"runtime": 43}}