{"train_acc": 1.0, "test_acc": 0.55, "val_acc": 0.6081081081081081, "loss": 1.1439313888549805, "_timestamp": 1648803442, "_runtime": 27, "_step": 249, "_wandb": {"runtime": 27}}