{"train_acc": 1.0, "test_acc": 0.8701717542938573, "val_acc": 0.8711351351351352, "loss": 1.2850617170333862, "_timestamp": 1648863068, "_runtime": 26, "_step": 249, "_wandb": {"runtime": 28}}