{"train_acc": 1.0, "test_acc": 0.894022350558764, "val_acc": 0.8925405405405406, "loss": 1.3370872735977173, "_timestamp": 1648821719, "_runtime": 97, "_step": 249, "_wandb": {"runtime": 98}}