{"train_acc": 1.0, "test_acc": 0.8869721743043576, "val_acc": 0.8908108108108108, "loss": 1.2451354265213013, "_timestamp": 1648805548, "_runtime": 69, "_step": 249, "_wandb": {"runtime": 73}}