{"train_acc": 1.0, "test_acc": 0.886747168679217, "val_acc": 0.8918918918918919, "loss": 1.3018279075622559, "_timestamp": 1648823717, "_runtime": 102, "_step": 249, "_wandb": {"runtime": 102}}