{"train_acc": 1.0, "test_acc": 0.6247422680412371, "val_acc": 0.6082191780821918, "loss": 0.12321147322654724, "_timestamp": 1648911800, "_runtime": 13, "_step": 99, "_wandb": {"runtime": 14}}