{"train_acc": 1.0, "test_acc": 0.8781969549238731, "val_acc": 0.8778378378378379, "loss": 1.326185703277588, "_timestamp": 1648878438, "_runtime": 138, "_step": 249, "_wandb": {"runtime": 139}}