{"train_acc": 1.0, "test_acc": 0.6953773212169103, "val_acc": 0.6857142857142857, "loss": 0.11406155675649643, "_timestamp": 1648866726, "_runtime": 101, "_step": 599, "_wandb": {"runtime": 102}}