{"train_acc": 1.0, "test_acc": 0.6247422680412371, "val_acc": 0.5852054794520548, "loss": 0.11495926976203918, "_timestamp": 1648908327, "_runtime": 13, "_step": 99, "_wandb": {"runtime": 14}}