{"train_acc": 1.0, "test_acc": 0.5835051546391753, "val_acc": 0.5873972602739727, "loss": 0.1222456768155098, "_timestamp": 1648722921, "_runtime": 17, "_step": 99, "_wandb": {"runtime": 18}}