{"train_acc": 1.0, "test_acc": 0.511340206185567, "val_acc": 0.5517808219178082, "loss": 0.10418945550918579, "_timestamp": 1648721529, "_runtime": 13, "_step": 99, "_wandb": {"runtime": 14}}