{"train_acc": 1.0, "test_acc": 0.8772219305482637, "val_acc": 0.8810810810810811, "loss": 1.1846728324890137, "_timestamp": 1648870781, "_runtime": 61, "_step": 249, "_wandb": {"runtime": 61}}