{"train_acc": 1.0, "test_acc": 0.5257731958762887, "val_acc": 0.5791780821917808, "loss": 0.15268129110336304, "_timestamp": 1648864517, "_runtime": 16, "_step": 99, "_wandb": {"runtime": 17}}