{"train_acc": 0.14285714285714285, "test_acc": 0.1154639175257732, "val_acc": 0.1441095890410959, "loss": NaN, "_timestamp": 1648816120, "_runtime": 56, "_step": 99, "_wandb": {"runtime": 57}}