{"train_acc": 1.0, "test_acc": 0.55, "val_acc": 0.6043243243243244, "loss": 1.0378472805023193, "_timestamp": 1648875207, "_runtime": 111, "_step": 249, "_wandb": {"runtime": 113}}