{"train_acc": 1.0, "test_acc": 0.872796819920498, "val_acc": 0.8741621621621621, "loss": 1.2162343263626099, "_timestamp": 1648720803, "_runtime": 34, "_step": 249, "_wandb": {"runtime": 35}}