{"train_acc": 1.0, "test_acc": 0.6166666666666667, "val_acc": 0.6145945945945946, "loss": 1.1051957607269287, "_timestamp": 1648916332, "_runtime": 35, "_step": 249, "_wandb": {"runtime": 36}}