{"train_acc": 1.0, "test_acc": 0.5690721649484536, "val_acc": 0.5430136986301369, "loss": 0.09099557250738144, "_timestamp": 1648912347, "_runtime": 15, "_step": 99, "_wandb": {"runtime": 16}}