{"train_acc": 1.0, "test_acc": 0.7258565219845347, "val_acc": 0.7255936675461742, "loss": 0.12565194070339203, "_timestamp": 1648784688, "_runtime": 90, "_step": 599, "_wandb": {"runtime": 92}}