{"train_acc": 0.9933333333333333, "test_acc": 0.6083333333333333, "val_acc": 0.5821621621621622, "loss": 1.007838487625122, "_timestamp": 1648915812, "_runtime": 36, "_step": 249, "_wandb": {"runtime": 36}}