{"train_acc": 0.9933333333333333, "test_acc": 0.625, "val_acc": 0.5789189189189189, "loss": 1.0970655679702759, "_timestamp": 1648923963, "_runtime": 90, "_step": 249, "_wandb": {"runtime": 91}}