{"train_acc": 1.0, "test_acc": 0.5319587628865979, "val_acc": 0.5402739726027397, "loss": 0.12547890841960907, "_timestamp": 1648807173, "_runtime": 18, "_step": 99, "_wandb": {"runtime": 19}}