{"train_acc": 1.0, "test_acc": 0.7331941073545183, "val_acc": 0.7387012987012987, "loss": 0.0958542600274086, "_timestamp": 1648874606, "_runtime": 107, "_step": 599, "_wandb": {"runtime": 108}}