{"train_acc": 1.0, "test_acc": 0.6333333333333333, "val_acc": 0.607027027027027, "loss": 1.1901799440383911, "_timestamp": 1648865868, "_runtime": 42, "_step": 249, "_wandb": {"runtime": 43}}