{"train_acc": 1.0, "test_acc": 0.7134020618556701, "val_acc": 0.7101369863013699, "loss": 0.03982940688729286, "_timestamp": 1648803956, "_runtime": 13, "_step": 99, "_wandb": {"runtime": 13}}