{"train_acc": 1.0, "test_acc": 0.8890722268056701, "val_acc": 0.8953846153846153, "loss": 1.2590020895004272, "_timestamp": 1648782823, "_runtime": 28, "_step": 249, "_wandb": {"runtime": 29}}