{"train_acc": 1.0, "test_acc": 0.625, "val_acc": 0.6351351351351351, "loss": 1.0975719690322876, "_timestamp": 1648720334, "_runtime": 32, "_step": 249, "_wandb": {"runtime": 31}}