{"train_acc": 1.0, "test_acc": 0.6665349664164362, "val_acc": 0.6706493506493506, "loss": 0.09002019464969635, "_timestamp": 1648819253, "_runtime": 133, "_step": 599, "_wandb": {"runtime": 133}}