{"train_acc": 1.0, "test_acc": 0.5917525773195876, "val_acc": 0.5632876712328767, "loss": 0.12624943256378174, "_timestamp": 1648814820, "_runtime": 54, "_step": 99, "_wandb": {"runtime": 54}}