{"train_acc": 1.0, "test_acc": 0.787943782807473, "val_acc": 0.7984415584415584, "loss": 0.018288113176822662, "_timestamp": 1648846245, "_runtime": 296, "_step": 599, "_wandb": {"runtime": 296}}