{"train_acc": 1.0, "test_acc": 0.5525773195876289, "val_acc": 0.547945205479452, "loss": 0.17394043505191803, "_timestamp": 1648918041, "_runtime": 45, "_step": 99, "_wandb": {"runtime": 46}}