{"train_acc": 1.0, "test_acc": 0.6371134020618556, "val_acc": 0.6142465753424657, "loss": 0.09024274349212646, "_timestamp": 1648914447, "_runtime": 19, "_step": 99, "_wandb": {"runtime": 20}}