{"train_acc": 0.14285714285714285, "test_acc": 0.15876288659793814, "val_acc": 0.13279569892473117, "loss": NaN, "_timestamp": 1648530957, "_runtime": 97, "_step": 299, "_wandb": {"runtime": 97}}