{"train_acc": 1.0, "test_acc": 0.6333333333333333, "val_acc": 0.6378378378378379, "loss": 1.0927467346191406, "_timestamp": 1648868876, "_runtime": 46, "_step": 249, "_wandb": {"runtime": 46}}