{"train_acc": 0.9933333333333333, "test_acc": 0.675, "val_acc": 0.6221621621621621, "loss": 1.119289517402649, "_timestamp": 1648819585, "_runtime": 126, "_step": 249, "_wandb": {"runtime": 126}}