{"train_acc": 1.0, "test_acc": 0.6, "val_acc": 0.6383783783783784, "loss": 1.0010709762573242, "_timestamp": 1648861822, "_runtime": 23, "_step": 249, "_wandb": {"runtime": 24}}