{"train_acc": 1.0, "test_acc": 0.8103092783505155, "val_acc": 0.795068493150685, "loss": 0.026879357174038887, "_timestamp": 1648723847, "_runtime": 73, "_step": 99, "_wandb": {"runtime": 73}}