{"train_acc": 1.0, "test_acc": 0.5628865979381443, "val_acc": 0.6219178082191781, "loss": 0.09736715257167816, "_timestamp": 1648806264, "_runtime": 16, "_step": 99, "_wandb": {"runtime": 17}}