{"train_acc": 0.3333333333333333, "test_acc": 0.2069763503979229, "val_acc": 0.2135064935064935, "loss": NaN, "_timestamp": 1648823342, "_runtime": 112, "_step": 599, "_wandb": {"runtime": 113}}