{"train_acc": 1.0, "test_acc": 0.5257731958762887, "val_acc": 0.5413698630136986, "loss": 0.15776453912258148, "_timestamp": 1648862172, "_runtime": 14, "_step": 99, "_wandb": {"runtime": 15}}