{"train_acc": 1.0, "test_acc": 0.705593497770503, "val_acc": 0.707012987012987, "loss": 0.11834992468357086, "_timestamp": 1648881120, "_runtime": 193, "_step": 599, "_wandb": {"runtime": 194}}