{"train_acc": 0.9866666666666667, "test_acc": 0.6083333333333333, "val_acc": 0.6064864864864865, "loss": 1.0938464403152466, "_timestamp": 1648869748, "_runtime": 43, "_step": 249, "_wandb": {"runtime": 44}}