{"train_acc": 1.0, "test_acc": 0.5876288659793815, "val_acc": 0.6290410958904109, "loss": 0.10329623520374298, "_timestamp": 1648723568, "_runtime": 16, "_step": 99, "_wandb": {"runtime": 17}}