{"train_acc": 1.0, "test_acc": 0.8898972474311858, "val_acc": 0.8942702702702703, "loss": 1.2919448614120483, "_timestamp": 1648802938, "_runtime": 31, "_step": 249, "_wandb": {"runtime": 31}}