{"train_acc": 1.0, "test_acc": 0.8864471611790294, "val_acc": 0.8873513513513513, "loss": 1.2471086978912354, "_timestamp": 1648725013, "_runtime": 28, "_step": 249, "_wandb": {"runtime": 29}}