{"train_acc": 1.0, "test_acc": 0.797938144329897, "val_acc": 0.749041095890411, "loss": 0.0201165359467268, "_timestamp": 1648805409, "_runtime": 17, "_step": 99, "_wandb": {"runtime": 19}}