{"train_acc": 0.9866666666666667, "test_acc": 0.5583333333333333, "val_acc": 0.5962162162162162, "loss": 1.117342233657837, "_timestamp": 1648921886, "_runtime": 89, "_step": 249, "_wandb": {"runtime": 90}}