{"train_acc": 1.0, "test_acc": 0.7195349099734718, "val_acc": 0.7184415584415584, "loss": 0.07689739018678665, "_timestamp": 1648802777, "_runtime": 70, "_step": 599, "_wandb": {"runtime": 71}}