{"train_acc": 0.9733333333333334, "test_acc": 0.625, "val_acc": 0.6335135135135135, "loss": 1.1329265832901, "_timestamp": 1648819731, "_runtime": 129, "_step": 249, "_wandb": {"runtime": 129}}