{"train_acc": 1.0, "test_acc": 0.7594965287576904, "val_acc": 0.7609498680738787, "loss": 0.0273908618837595, "_timestamp": 1648792560, "_runtime": 57, "_step": 599, "_wandb": {"runtime": 57}}