{"train_acc": 1.0, "test_acc": 0.5752577319587628, "val_acc": 0.5621917808219178, "loss": 0.08680287003517151, "_timestamp": 1648910871, "_runtime": 14, "_step": 99, "_wandb": {"runtime": 16}}