{"train_acc": 1.0, "test_acc": 0.5979381443298969, "val_acc": 0.5797260273972603, "loss": 0.13017906248569489, "_timestamp": 1648723255, "_runtime": 17, "_step": 99, "_wandb": {"runtime": 18}}