{"train_acc": 1.0, "test_acc": 0.8748968724218106, "val_acc": 0.8847567567567568, "loss": 1.2536303997039795, "_timestamp": 1648815309, "_runtime": 53, "_step": 249, "_wandb": {"runtime": 54}}