{"train_acc": 1.0, "test_acc": 0.6583333333333333, "val_acc": 0.6432432432432432, "loss": 1.1075865030288696, "_timestamp": 1648926720, "_runtime": 90, "_step": 249, "_wandb": {"runtime": 90}}