{"train_acc": 1.0, "test_acc": 0.7110120223514139, "val_acc": 0.7059740259740259, "loss": 0.10110513865947723, "_timestamp": 1648878303, "_runtime": 212, "_step": 599, "_wandb": {"runtime": 213}}