{"train_acc": 1.0, "test_acc": 0.6166666666666667, "val_acc": 0.6248648648648648, "loss": 1.1414092779159546, "_timestamp": 1648805223, "_runtime": 24, "_step": 249, "_wandb": {"runtime": 24}}