{"train_acc": 0.9933333333333333, "test_acc": 0.6083333333333333, "val_acc": 0.625945945945946, "loss": 0.9712698459625244, "_timestamp": 1648865190, "_runtime": 20, "_step": 249, "_wandb": {"runtime": 21}}