{"train_acc": 1.0, "test_acc": 0.8784219605490138, "val_acc": 0.8843243243243243, "loss": 1.2803535461425781, "_timestamp": 1648861447, "_runtime": 27, "_step": 249, "_wandb": {"runtime": 28}}