{"train_acc": 1.0, "test_acc": 0.7081898741321894, "val_acc": 0.7044155844155844, "loss": 0.10117754340171814, "_timestamp": 1648873779, "_runtime": 137, "_step": 599, "_wandb": {"runtime": 137}}