{"train_acc": 1.0, "test_acc": 0.8757218930473262, "val_acc": 0.8761081081081081, "loss": 1.2634004354476929, "_timestamp": 1648863505, "_runtime": 25, "_step": 249, "_wandb": {"runtime": 26}}