{"train_acc": 0.9933333333333333, "test_acc": 0.625, "val_acc": 0.6686486486486487, "loss": 1.0984050035476685, "_timestamp": 1648913325, "_runtime": 18, "_step": 249, "_wandb": {"runtime": 19}}