{"train_acc": 1.0, "test_acc": 0.5731958762886598, "val_acc": 0.5884931506849315, "loss": 0.12742695212364197, "_timestamp": 1648809213, "_runtime": 23, "_step": 99, "_wandb": {"runtime": 24}}