{"train_acc": 1.0, "test_acc": 0.6536082474226804, "val_acc": 0.6306849315068493, "loss": 0.11212284862995148, "_timestamp": 1648722500, "_runtime": 79, "_step": 99, "_wandb": {"runtime": 79}}