{"train_acc": 0.928, "test_acc": 0.8425710642766069, "val_acc": 0.8296216216216217, "loss": 1.7630493640899658, "_timestamp": 1648823495, "_runtime": 137, "_step": 249, "_wandb": {"runtime": 138}}