{"train_acc": 0.9942857142857143, "test_acc": 0.6103092783505155, "val_acc": 0.6197260273972602, "loss": 0.2561942934989929, "_timestamp": 1648861959, "_runtime": 15, "_step": 99, "_wandb": {"runtime": 16}}