{"train_acc": 1.0, "test_acc": 0.5154639175257731, "val_acc": 0.5731506849315069, "loss": 0.15199802815914154, "_timestamp": 1648909839, "_runtime": 14, "_step": 99, "_wandb": {"runtime": 15}}