{"train_acc": 1.0, "test_acc": 0.5814432989690722, "val_acc": 0.5747945205479452, "loss": 0.15062299370765686, "_timestamp": 1648802664, "_runtime": 12, "_step": 99, "_wandb": {"runtime": 13}}