{"train_acc": 1.0, "test_acc": 0.73962860529435, "val_acc": 0.7224274406332454, "loss": 0.12728121876716614, "_timestamp": 1648784433, "_runtime": 52, "_step": 599, "_wandb": {"runtime": 54}}