{"train_acc": 1.0, "test_acc": 0.8730218255456387, "val_acc": 0.8778378378378379, "loss": 1.3004869222640991, "_timestamp": 1648810364, "_runtime": 34, "_step": 249, "_wandb": {"runtime": 35}}