{"train_acc": 1.0, "test_acc": 0.882472061801545, "val_acc": 0.886054054054054, "loss": 1.286732792854309, "_timestamp": 1648721600, "_runtime": 41, "_step": 249, "_wandb": {"runtime": 42}}