{"train_acc": 0.9904761904761905, "test_acc": 0.7166666666666667, "val_acc": 0.6720670391061453, "loss": 1.226446509361267, "_timestamp": 1648784853, "_runtime": 429, "_step": 249, "_wandb": {"runtime": 429}}