{"train_acc": 1.0, "test_acc": 0.6083333333333333, "val_acc": 0.6189189189189189, "loss": 1.1377995014190674, "_timestamp": 1648866231, "_runtime": 22, "_step": 249, "_wandb": {"runtime": 23}}