{"train_acc": 1.0, "test_acc": 0.7009651746909747, "val_acc": 0.6944591029023747, "loss": 0.16113156080245972, "_timestamp": 1648788685, "_runtime": 153, "_step": 599, "_wandb": {"runtime": 153}}