{"train_acc": 0.9866666666666667, "test_acc": 0.65, "val_acc": 0.6383783783783784, "loss": 1.0638326406478882, "_timestamp": 1648912518, "_runtime": 20, "_step": 249, "_wandb": {"runtime": 21}}