{"train_acc": 0.9, "test_acc": 0.6583333333333333, "val_acc": 0.7308108108108108, "loss": 0.9006478786468506, "_timestamp": 1648917364, "_runtime": 35, "_step": 249, "_wandb": {"runtime": 36}}