{"train_acc": 1.0, "test_acc": 0.5833333333333334, "val_acc": 0.6578378378378379, "loss": 1.0353280305862427, "_timestamp": 1648873812, "_runtime": 120, "_step": 249, "_wandb": {"runtime": 121}}