{"train_acc": 1.0, "test_acc": 0.8893722343058577, "val_acc": 0.8968648648648648, "loss": 1.2872869968414307, "_timestamp": 1648817925, "_runtime": 99, "_step": 249, "_wandb": {"runtime": 99}}