{"train_acc": 1.0, "test_acc": 0.7721961957442005, "val_acc": 0.7730870712401056, "loss": 0.008006527088582516, "_timestamp": 1648795571, "_runtime": 159, "_step": 599, "_wandb": {"runtime": 160}}