{"train_acc": 1.0, "test_acc": 0.6083333333333333, "val_acc": 0.6183783783783784, "loss": 1.1993874311447144, "_timestamp": 1648808408, "_runtime": 27, "_step": 249, "_wandb": {"runtime": 28}}