{"train_acc": 1.0, "test_acc": 0.7406445786532708, "val_acc": 0.747012987012987, "loss": 0.00962875597178936, "_timestamp": 1648862757, "_runtime": 42, "_step": 599, "_wandb": {"runtime": 43}}