{"train_acc": 1.0, "test_acc": 0.7196477959022408, "val_acc": 0.7174025974025974, "loss": 0.09001588821411133, "_timestamp": 1648870148, "_runtime": 58, "_step": 599, "_wandb": {"runtime": 59}}