{"train_acc": 1.0, "test_acc": 0.8841221030525763, "val_acc": 0.8888648648648648, "loss": 1.2634427547454834, "_timestamp": 1648720248, "_runtime": 31, "_step": 249, "_wandb": {"runtime": 32}}