{"train_acc": 1.0, "test_acc": 0.8843471086777169, "val_acc": 0.8899459459459459, "loss": 1.1922944784164429, "_timestamp": 1648804433, "_runtime": 31, "_step": 249, "_wandb": {"runtime": 32}}