{"train_acc": 1.0, "test_acc": 0.5833333333333334, "val_acc": 0.6129729729729729, "loss": 1.0799590349197388, "_timestamp": 1648923756, "_runtime": 90, "_step": 249, "_wandb": {"runtime": 90}}