{"train_acc": 1.0, "test_acc": 0.9041476036900923, "val_acc": 0.9055135135135135, "loss": 1.364370346069336, "_timestamp": 1648801802, "_runtime": 28, "_step": 249, "_wandb": {"runtime": 30}}