{"train_acc": 1.0, "test_acc": 0.8826220655516388, "val_acc": 0.8871351351351351, "loss": 1.320465326309204, "_timestamp": 1648807555, "_runtime": 32, "_step": 249, "_wandb": {"runtime": 32}}