{"train_acc": 0.9933333333333333, "test_acc": 0.6416666666666667, "val_acc": 0.64, "loss": 1.0862805843353271, "_timestamp": 1648918897, "_runtime": 56, "_step": 249, "_wandb": {"runtime": 56}}