{"train_acc": 1.0, "test_acc": 0.7272675960941468, "val_acc": 0.7262337662337662, "loss": 0.08060436695814133, "_timestamp": 1648883569, "_runtime": 296, "_step": 599, "_wandb": {"runtime": 297}}