{"train_acc": 1.0, "test_acc": 0.893422335558389, "val_acc": 0.894054054054054, "loss": 1.284806251525879, "_timestamp": 1648725176, "_runtime": 60, "_step": 249, "_wandb": {"runtime": 60}}