{"train_acc": 1.0, "test_acc": 0.7054241688773495, "val_acc": 0.6970976253298153, "loss": 0.15790480375289917, "_timestamp": 1648788180, "_runtime": 568, "_step": 599, "_wandb": {"runtime": 569}}