{"train_acc": 0.9866666666666667, "test_acc": 0.6666666666666666, "val_acc": 0.6432432432432432, "loss": 1.0508967638015747, "_timestamp": 1648915484, "_runtime": 36, "_step": 249, "_wandb": {"runtime": 37}}