{"train_acc": 1.0, "test_acc": 0.7055370548061184, "val_acc": 0.6992207792207792, "loss": 0.09208698570728302, "_timestamp": 1648810743, "_runtime": 54, "_step": 599, "_wandb": {"runtime": 54}}