{"train_acc": 1.0, "test_acc": 0.6965061805046001, "val_acc": 0.7002597402597402, "loss": 0.10271290689706802, "_timestamp": 1648805178, "_runtime": 42, "_step": 599, "_wandb": {"runtime": 43}}