{"train_acc": 1.0, "test_acc": 0.9095477386934674, "val_acc": 0.9111351351351351, "loss": 1.2830077409744263, "_timestamp": 1648803061, "_runtime": 29, "_step": 249, "_wandb": {"runtime": 29}}