{"train_acc": 1.0, "test_acc": 0.8814970374259357, "val_acc": 0.8897297297297297, "loss": 1.2289379835128784, "_timestamp": 1648862209, "_runtime": 32, "_step": 249, "_wandb": {"runtime": 32}}