{"train_acc": 1.0, "test_acc": 0.5484536082474227, "val_acc": 0.5780821917808219, "loss": 0.14710098505020142, "_timestamp": 1648815239, "_runtime": 57, "_step": 99, "_wandb": {"runtime": 58}}