{"train_acc": 1.0, "test_acc": 0.6907216494845361, "val_acc": 0.692054794520548, "loss": 0.04825215041637421, "_timestamp": 1648909368, "_runtime": 13, "_step": 99, "_wandb": {"runtime": 14}}