{"train_acc": 1.0, "test_acc": 0.7319523621380595, "val_acc": 0.7345454545454545, "loss": 0.09921485185623169, "_timestamp": 1648861628, "_runtime": 34, "_step": 599, "_wandb": {"runtime": 35}}