{"train_acc": 1.0, "test_acc": 0.6907216494845361, "val_acc": 0.701917808219178, "loss": 0.0673079639673233, "_timestamp": 1648816853, "_runtime": 50, "_step": 99, "_wandb": {"runtime": 52}}