{"train_acc": 1.0, "test_acc": 0.7505220974205565, "val_acc": 0.7435356200527704, "loss": 0.025078941136598587, "_timestamp": 1648795237, "_runtime": 55, "_step": 599, "_wandb": {"runtime": 55}}