{"train_acc": 1.0, "test_acc": 0.6123711340206186, "val_acc": 0.6235616438356164, "loss": 0.09912653267383575, "_timestamp": 1648861931, "_runtime": 11, "_step": 99, "_wandb": {"runtime": 12}}