{"train_acc": 1.0, "test_acc": 0.6666666666666666, "val_acc": 0.6021621621621621, "loss": 1.0637341737747192, "_timestamp": 1648818295, "_runtime": 133, "_step": 249, "_wandb": {"runtime": 134}}