{"train_acc": 1.0, "test_acc": 0.7001749731895919, "val_acc": 0.7205194805194806, "loss": 0.08988954871892929, "_timestamp": 1648819544, "_runtime": 133, "_step": 599, "_wandb": {"runtime": 134}}