{"train_acc": 0.9933333333333333, "test_acc": 0.7166666666666667, "val_acc": 0.725945945945946, "loss": 0.7715060710906982, "_timestamp": 1648802981, "_runtime": 24, "_step": 249, "_wandb": {"runtime": 24}}