{"train_acc": 1.0, "test_acc": 0.8875721893047326, "val_acc": 0.8875675675675676, "loss": 1.2324402332305908, "_timestamp": 1648870955, "_runtime": 51, "_step": 249, "_wandb": {"runtime": 52}}