{"train_acc": 1.0, "test_acc": 0.5938144329896907, "val_acc": 0.5704109589041096, "loss": 0.16897571086883545, "_timestamp": 1648863688, "_runtime": 15, "_step": 99, "_wandb": {"runtime": 15}}