{"train_acc": 1.0, "test_acc": 0.8877971949298733, "val_acc": 0.8936216216216216, "loss": 1.3368347883224487, "_timestamp": 1648824292, "_runtime": 139, "_step": 249, "_wandb": {"runtime": 139}}