{"train_acc": 1.0, "test_acc": 0.7986115030761416, "val_acc": 0.8015831134564644, "loss": 0.000938424956984818, "_timestamp": 1648795398, "_runtime": 77, "_step": 599, "_wandb": {"runtime": 78}}