{"train_acc": 1.0, "test_acc": 0.5583333333333333, "val_acc": 0.6151351351351352, "loss": 1.0603340864181519, "_timestamp": 1648915197, "_runtime": 36, "_step": 249, "_wandb": {"runtime": 37}}