{"train_acc": 1.0, "test_acc": 0.5649484536082474, "val_acc": 0.555068493150685, "loss": 0.1490618884563446, "_timestamp": 1648806758, "_runtime": 18, "_step": 99, "_wandb": {"runtime": 19}}