{"train_acc": 1.0, "test_acc": 0.51340206185567, "val_acc": 0.5457534246575343, "loss": 0.11901257932186127, "_timestamp": 1648912295, "_runtime": 14, "_step": 99, "_wandb": {"runtime": 14}}