{"train_acc": 1.0, "test_acc": 0.625, "val_acc": 0.6443243243243243, "loss": 1.0239508152008057, "_timestamp": 1648907670, "_runtime": 17, "_step": 249, "_wandb": {"runtime": 18}}