{"train_acc": 1.0, "test_acc": 0.5814432989690722, "val_acc": 0.536986301369863, "loss": 0.15347672998905182, "_timestamp": 1648913925, "_runtime": 19, "_step": 99, "_wandb": {"runtime": 20}}