{"train_acc": 1.0, "test_acc": 0.883147078676967, "val_acc": 0.8884324324324324, "loss": 1.3527195453643799, "_timestamp": 1648803546, "_runtime": 31, "_step": 249, "_wandb": {"runtime": 33}}