{"train_acc": 1.0, "test_acc": 0.7431280690861884, "val_acc": 0.7522077922077922, "loss": 0.010006267577409744, "_timestamp": 1648809125, "_runtime": 56, "_step": 599, "_wandb": {"runtime": 57}}