{"train_acc": 1.0, "test_acc": 0.7430716261218039, "val_acc": 0.7490909090909091, "loss": 0.07693884521722794, "_timestamp": 1648802241, "_runtime": 40, "_step": 599, "_wandb": {"runtime": 41}}