{"train_acc": 1.0, "test_acc": 0.6416666666666667, "val_acc": 0.6151351351351352, "loss": 1.0558749437332153, "_timestamp": 1648718137, "_runtime": 25, "_step": 249, "_wandb": {"runtime": 27}}