{"train_acc": 0.9828571428571429, "test_acc": 0.8144329896907216, "val_acc": 0.7923287671232877, "loss": 0.037483055144548416, "_timestamp": 1648807858, "_runtime": 19, "_step": 99, "_wandb": {"runtime": 20}}