{"train_acc": 0.9866666666666667, "test_acc": 0.6666666666666666, "val_acc": 0.6243243243243243, "loss": 1.0815316438674927, "_timestamp": 1648720509, "_runtime": 98, "_step": 249, "_wandb": {"runtime": 99}}