{"train_acc": 1.0, "test_acc": 0.7014731613704351, "val_acc": 0.6966233766233766, "loss": 0.09907618165016174, "_timestamp": 1648872962, "_runtime": 130, "_step": 599, "_wandb": {"runtime": 131}}