{"train_acc": 0.9866666666666667, "test_acc": 0.7416666666666667, "val_acc": 0.7286486486486486, "loss": 1.0246042013168335, "_timestamp": 1648725820, "_runtime": 58, "_step": 249, "_wandb": {"runtime": 59}}