{"train_acc": 1.0, "test_acc": 0.8836720918022951, "val_acc": 0.8871351351351351, "loss": 1.3329617977142334, "_timestamp": 1648811357, "_runtime": 34, "_step": 249, "_wandb": {"runtime": 34}}