{"train_acc": 1.0, "test_acc": 0.7835051546391752, "val_acc": 0.7775342465753424, "loss": 0.045059364289045334, "_timestamp": 1648802997, "_runtime": 15, "_step": 99, "_wandb": {"runtime": 15}}