{"train_acc": 1.0, "test_acc": 0.625, "val_acc": 0.5864864864864865, "loss": 1.1082563400268555, "_timestamp": 1648805084, "_runtime": 19, "_step": 249, "_wandb": {"runtime": 20}}