{"train_acc": 1.0, "test_acc": 0.5649484536082474, "val_acc": 0.5676712328767123, "loss": 0.1314399242401123, "_timestamp": 1648808373, "_runtime": 14, "_step": 99, "_wandb": {"runtime": 15}}