{"train_acc": 1.0, "test_acc": 0.8725718142953574, "val_acc": 0.8709189189189189, "loss": 1.284142017364502, "_timestamp": 1648861810, "_runtime": 29, "_step": 249, "_wandb": {"runtime": 30}}