{"train_acc": 1.0, "test_acc": 0.5666666666666667, "val_acc": 0.6156756756756757, "loss": 1.1555441617965698, "_timestamp": 1648806979, "_runtime": 24, "_step": 249, "_wandb": {"runtime": 25}}