{"train_acc": 1.0, "test_acc": 0.8796969924248106, "val_acc": 0.878054054054054, "loss": 1.3336470127105713, "_timestamp": 1648803388, "_runtime": 34, "_step": 249, "_wandb": {"runtime": 35}}