{"train_acc": 0.9933333333333333, "test_acc": 0.5666666666666667, "val_acc": 0.6275675675675676, "loss": 1.1200491189956665, "_timestamp": 1648806284, "_runtime": 21, "_step": 249, "_wandb": {"runtime": 21}}