{"train_acc": 1.0, "test_acc": 0.6583333333333333, "val_acc": 0.6318918918918919, "loss": 1.161806344985962, "_timestamp": 1648923136, "_runtime": 90, "_step": 249, "_wandb": {"runtime": 91}}