{"train_acc": 1.0, "test_acc": 0.7344922955353616, "val_acc": 0.7246753246753247, "loss": 0.0645790696144104, "_timestamp": 1648805566, "_runtime": 83, "_step": 599, "_wandb": {"runtime": 84}}