{"train_acc": 1.0, "test_acc": 0.5876288659793815, "val_acc": 0.5758904109589041, "loss": 0.12967590987682343, "_timestamp": 1648860658, "_runtime": 16, "_step": 99, "_wandb": {"runtime": 17}}