{"train_acc": 0.7626666666666667, "test_acc": 0.6813170329258231, "val_acc": 0.6663783783783784, "loss": 2.2179670333862305, "_timestamp": 1648818227, "_runtime": 99, "_step": 249, "_wandb": {"runtime": 100}}