{"train_acc": 1.0, "test_acc": 0.6666666666666666, "val_acc": 0.6113513513513513, "loss": 1.07292902469635, "_timestamp": 1648806035, "_runtime": 22, "_step": 249, "_wandb": {"runtime": 23}}