{"train_acc": 1.0, "test_acc": 0.8804470111752793, "val_acc": 0.8817297297297297, "loss": 1.3391962051391602, "_timestamp": 1648867102, "_runtime": 31, "_step": 249, "_wandb": {"runtime": 32}}