{"train_acc": 1.0, "test_acc": 0.6494845360824743, "val_acc": 0.6432876712328767, "loss": 0.1084960475564003, "_timestamp": 1648916203, "_runtime": 27, "_step": 99, "_wandb": {"runtime": 28}}