{"train_acc": 0.9733333333333334, "test_acc": 0.7083333333333334, "val_acc": 0.7021621621621622, "loss": 0.6842607259750366, "_timestamp": 1648805320, "_runtime": 17, "_step": 249, "_wandb": {"runtime": 18}}