{"train_acc": 1.0, "test_acc": 0.6822261105153242, "val_acc": 0.6758441558441558, "loss": 0.08936405926942825, "_timestamp": 1648880696, "_runtime": 216, "_step": 599, "_wandb": {"runtime": 217}}