{"train_acc": 0.9146666666666666, "test_acc": 0.8742218555463886, "val_acc": 0.8687567567567568, "loss": 1.5458680391311646, "_timestamp": 1648810049, "_runtime": 57, "_step": 249, "_wandb": {"runtime": 59}}