{"train_acc": 1.0, "test_acc": 0.5505154639175258, "val_acc": 0.5216438356164383, "loss": 0.16309575736522675, "_timestamp": 1648721922, "_runtime": 18, "_step": 99, "_wandb": {"runtime": 19}}