{"train_acc": 0.9866666666666667, "test_acc": 0.6583333333333333, "val_acc": 0.6086486486486486, "loss": 1.0809059143066406, "_timestamp": 1648823360, "_runtime": 117, "_step": 249, "_wandb": {"runtime": 117}}