{"train_acc": 1.0, "test_acc": 0.7270982672009934, "val_acc": 0.7345646437994723, "loss": 0.13584673404693604, "_timestamp": 1648791296, "_runtime": 76, "_step": 599, "_wandb": {"runtime": 75}}