{"train_acc": 0.3333333333333333, "test_acc": 0.20844386747191962, "val_acc": 0.2, "loss": NaN, "_timestamp": 1648833696, "_runtime": 155, "_step": 599, "_wandb": {"runtime": 156}}