{"train_acc": 1.0, "test_acc": 0.7347180673928995, "val_acc": 0.7381818181818182, "loss": 0.016534999012947083, "_timestamp": 1648815261, "_runtime": 66, "_step": 599, "_wandb": {"runtime": 67}}