{"train_acc": 1.0, "test_acc": 0.7304284020996783, "val_acc": 0.7220779220779221, "loss": 0.0068129594437778, "_timestamp": 1648802451, "_runtime": 43, "_step": 599, "_wandb": {"runtime": 43}}