{"train_acc": 1.0, "test_acc": 0.8806720168004201, "val_acc": 0.8895135135135135, "loss": 1.2782344818115234, "_timestamp": 1648717923, "_runtime": 60, "_step": 249, "_wandb": {"runtime": 61}}