{"train_acc": 1.0, "test_acc": 0.511340206185567, "val_acc": 0.536986301369863, "loss": 0.15066903829574585, "_timestamp": 1648802867, "_runtime": 15, "_step": 99, "_wandb": {"runtime": 15}}