{"train_acc": 1.0, "test_acc": 0.6268041237113402, "val_acc": 0.5835616438356165, "loss": 0.128054678440094, "_timestamp": 1648870219, "_runtime": 41, "_step": 99, "_wandb": {"runtime": 41}}