{"train_acc": 1.0, "test_acc": 0.5567010309278351, "val_acc": 0.5879452054794521, "loss": 0.1332191526889801, "_timestamp": 1648910344, "_runtime": 15, "_step": 99, "_wandb": {"runtime": 15}}