{"train_acc": 1.0, "test_acc": 0.8775219380484512, "val_acc": 0.8812972972972973, "loss": 1.2137153148651123, "_timestamp": 1648877086, "_runtime": 138, "_step": 249, "_wandb": {"runtime": 138}}