{"train_acc": 1.0, "test_acc": 0.7572952531466952, "val_acc": 0.737203166226913, "loss": 0.051891107112169266, "_timestamp": 1648792490, "_runtime": 54, "_step": 599, "_wandb": {"runtime": 55}}