{"train_acc": 1.0, "test_acc": 0.7661567985550601, "val_acc": 0.7620779220779221, "loss": 0.008352532051503658, "_timestamp": 1648811683, "_runtime": 62, "_step": 599, "_wandb": {"runtime": 62}}