{"train_acc": 0.9933333333333333, "test_acc": 0.6583333333333333, "val_acc": 0.6135135135135135, "loss": 1.132454514503479, "_timestamp": 1648906924, "_runtime": 17, "_step": 249, "_wandb": {"runtime": 18}}