{"train_acc": 1.0, "test_acc": 0.8832220805520138, "val_acc": 0.8886486486486487, "loss": 1.2898964881896973, "_timestamp": 1648807367, "_runtime": 31, "_step": 249, "_wandb": {"runtime": 32}}