{"train_acc": 1.0, "test_acc": 0.7703335779195123, "val_acc": 0.7584415584415585, "loss": 0.002365605905652046, "_timestamp": 1648804673, "_runtime": 55, "_step": 599, "_wandb": {"runtime": 55}}