{"train_acc": 1.0, "test_acc": 0.756701030927835, "val_acc": 0.7578082191780822, "loss": 0.040525805205106735, "_timestamp": 1648723763, "_runtime": 47, "_step": 99, "_wandb": {"runtime": 48}}