{"train_acc": 1.0, "test_acc": 0.755658407179545, "val_acc": 0.775064935064935, "loss": 0.015496622771024704, "_timestamp": 1648808289, "_runtime": 49, "_step": 599, "_wandb": {"runtime": 49}}