{"train_acc": 1.0, "test_acc": 0.7752577319587629, "val_acc": 0.8076712328767123, "loss": 0.017382705584168434, "_timestamp": 1648908351, "_runtime": 12, "_step": 99, "_wandb": {"runtime": 13}}