{"train_acc": 1.0, "test_acc": 0.8799969999249981, "val_acc": 0.8830270270270271, "loss": 1.2848711013793945, "_timestamp": 1648864525, "_runtime": 30, "_step": 249, "_wandb": {"runtime": 31}}