{"train_acc": 1.0, "test_acc": 0.7234294745160016, "val_acc": 0.7251948051948052, "loss": 0.11424868553876877, "_timestamp": 1648863990, "_runtime": 44, "_step": 599, "_wandb": {"runtime": 44}}