{"train_acc": 1.0, "test_acc": 0.769035389738669, "val_acc": 0.7646753246753247, "loss": 0.06389012187719345, "_timestamp": 1648825492, "_runtime": 205, "_step": 599, "_wandb": {"runtime": 206}}