{"train_acc": 1.0, "test_acc": 0.4927835051546392, "val_acc": 0.5227397260273973, "loss": 0.14000318944454193, "_timestamp": 1648720597, "_runtime": 16, "_step": 99, "_wandb": {"runtime": 17}}