{"train_acc": 0.9933333333333333, "test_acc": 0.6, "val_acc": 0.6362162162162163, "loss": 1.1487289667129517, "_timestamp": 1648914962, "_runtime": 36, "_step": 249, "_wandb": {"runtime": 37}}