{"train_acc": 1.0, "test_acc": 0.7945476096404583, "val_acc": 0.7885714285714286, "loss": 0.0016867436934262514, "_timestamp": 1648809718, "_runtime": 55, "_step": 599, "_wandb": {"runtime": 55}}