{"train_acc": 1.0, "test_acc": 0.6247422680412371, "val_acc": 0.6290410958904109, "loss": 0.10999903827905655, "_timestamp": 1648810428, "_runtime": 23, "_step": 99, "_wandb": {"runtime": 24}}