{"train_acc": 0.98, "test_acc": 0.6833333333333333, "val_acc": 0.6983783783783784, "loss": 0.8861563205718994, "_timestamp": 1648908769, "_runtime": 18, "_step": 249, "_wandb": {"runtime": 18}}