{"train_acc": 1.0, "test_acc": 0.890347258681467, "val_acc": 0.8947027027027027, "loss": 1.213102102279663, "_timestamp": 1648722741, "_runtime": 38, "_step": 249, "_wandb": {"runtime": 39}}