{"train_acc": 1.0, "test_acc": 0.643298969072165, "val_acc": 0.633972602739726, "loss": 0.13556239008903503, "_timestamp": 1648809436, "_runtime": 26, "_step": 99, "_wandb": {"runtime": 27}}