{"train_acc": 1.0, "test_acc": 0.885547138678467, "val_acc": 0.8895135135135135, "loss": 1.2230823040008545, "_timestamp": 1648810465, "_runtime": 43, "_step": 249, "_wandb": {"runtime": 44}}