{"train_acc": 1.0, "test_acc": 0.6, "val_acc": 0.5567123287671233, "loss": 0.11598888784646988, "_timestamp": 1648805321, "_runtime": 13, "_step": 99, "_wandb": {"runtime": 14}}