{"train_acc": 0.9933333333333333, "test_acc": 0.6333333333333333, "val_acc": 0.6454054054054054, "loss": 1.1217889785766602, "_timestamp": 1648725611, "_runtime": 20, "_step": 249, "_wandb": {"runtime": 21}}