{"train_acc": 1.0, "test_acc": 0.7232601456228481, "val_acc": 0.7101298701298702, "loss": 0.12668704986572266, "_timestamp": 1648835804, "_runtime": 292, "_step": 599, "_wandb": {"runtime": 293}}