{"train_acc": 1.0, "test_acc": 0.5587628865979382, "val_acc": 0.6005479452054795, "loss": 0.17171306908130646, "_timestamp": 1648861908, "_runtime": 15, "_step": 99, "_wandb": {"runtime": 16}}