{"train_acc": 0.9933333333333333, "test_acc": 0.6416666666666667, "val_acc": 0.6427027027027027, "loss": 1.13528311252594, "_timestamp": 1648806211, "_runtime": 22, "_step": 249, "_wandb": {"runtime": 23}}