{"train_acc": 1.0, "test_acc": 0.5567010309278351, "val_acc": 0.5616438356164384, "loss": 0.13905052840709686, "_timestamp": 1648809770, "_runtime": 25, "_step": 99, "_wandb": {"runtime": 26}}