{"train_acc": 0.9933333333333333, "test_acc": 0.7, "val_acc": 0.6454054054054054, "loss": 1.1217775344848633, "_timestamp": 1648818867, "_runtime": 125, "_step": 249, "_wandb": {"runtime": 126}}