{"train_acc": 1.0, "test_acc": 0.5711340206185567, "val_acc": 0.5824657534246576, "loss": 0.1460745930671692, "_timestamp": 1648871036, "_runtime": 52, "_step": 99, "_wandb": {"runtime": 52}}