{"train_acc": 1.0, "test_acc": 0.758424112434385, "val_acc": 0.7485714285714286, "loss": 0.002213396830484271, "_timestamp": 1648804606, "_runtime": 40, "_step": 599, "_wandb": {"runtime": 41}}