{"train_acc": 1.0, "test_acc": 0.5814432989690722, "val_acc": 0.5567123287671233, "loss": 0.10914533585309982, "_timestamp": 1648907475, "_runtime": 14, "_step": 99, "_wandb": {"runtime": 15}}