{"train_acc": 0.9733333333333334, "test_acc": 0.6416666666666667, "val_acc": 0.7016216216216217, "loss": 1.1902649402618408, "_timestamp": 1648723981, "_runtime": 154, "_step": 249, "_wandb": {"runtime": 154}}