{"train_acc": 1.0, "test_acc": 0.8726468161704043, "val_acc": 0.8782702702702703, "loss": 1.253809928894043, "_timestamp": 1648807411, "_runtime": 33, "_step": 249, "_wandb": {"runtime": 33}}