{"train_acc": 1.0, "test_acc": 0.5608247422680412, "val_acc": 0.5123287671232877, "loss": 0.14664143323898315, "_timestamp": 1648861480, "_runtime": 15, "_step": 99, "_wandb": {"runtime": 16}}