{"train_acc": 0.9866666666666667, "test_acc": 0.7, "val_acc": 0.7048648648648649, "loss": 0.8959780931472778, "_timestamp": 1648919957, "_runtime": 53, "_step": 249, "_wandb": {"runtime": 54}}