{"train_acc": 1.0, "test_acc": 0.625, "val_acc": 0.6389189189189189, "loss": 1.1288707256317139, "_timestamp": 1648810138, "_runtime": 31, "_step": 249, "_wandb": {"runtime": 32}}