{"train_acc": 1.0, "test_acc": 0.7649484536082474, "val_acc": 0.7616438356164383, "loss": 0.038298100233078, "_timestamp": 1648815656, "_runtime": 59, "_step": 99, "_wandb": {"runtime": 59}}