{"train_acc": 1.0, "test_acc": 0.8821720543013576, "val_acc": 0.8825945945945946, "loss": 1.3237403631210327, "_timestamp": 1648813647, "_runtime": 49, "_step": 249, "_wandb": {"runtime": 50}}