{"train_acc": 0.9866666666666667, "test_acc": 0.55, "val_acc": 0.6810810810810811, "loss": 1.0972012281417847, "_timestamp": 1648920418, "_runtime": 55, "_step": 249, "_wandb": {"runtime": 56}}