{"train_acc": 1.0, "test_acc": 0.7474741773437941, "val_acc": 0.7568831168831169, "loss": 0.0007379071321338415, "_timestamp": 1648811120, "_runtime": 87, "_step": 599, "_wandb": {"runtime": 87}}