{"train_acc": 1.0, "test_acc": 0.5567010309278351, "val_acc": 0.5506849315068493, "loss": 0.16087345778942108, "_timestamp": 1648908954, "_runtime": 14, "_step": 99, "_wandb": {"runtime": 15}}