{"train_acc": 1.0, "test_acc": 0.5876288659793815, "val_acc": 0.5419178082191781, "loss": 0.12281912565231323, "_timestamp": 1648861202, "_runtime": 13, "_step": 99, "_wandb": {"runtime": 15}}