{"train_acc": 1.0, "test_acc": 0.7274369249873003, "val_acc": 0.7246753246753247, "loss": 0.019493231549859047, "_timestamp": 1648816519, "_runtime": 72, "_step": 599, "_wandb": {"runtime": 72}}