{"train_acc": 1.0, "test_acc": 0.622680412371134, "val_acc": 0.6405479452054794, "loss": 0.12823259830474854, "_timestamp": 1648870532, "_runtime": 34, "_step": 99, "_wandb": {"runtime": 35}}