{"train_acc": 1.0, "test_acc": 0.694530676751143, "val_acc": 0.6877922077922078, "loss": 0.08194490522146225, "_timestamp": 1648801834, "_runtime": 40, "_step": 599, "_wandb": {"runtime": 40}}