{"train_acc": 1.0, "test_acc": 0.8783469586739668, "val_acc": 0.8841081081081081, "loss": 1.3010621070861816, "_timestamp": 1648724931, "_runtime": 32, "_step": 249, "_wandb": {"runtime": 32}}