{"train_acc": 1.0, "test_acc": 0.7013038324772817, "val_acc": 0.7090909090909091, "loss": 0.13037942349910736, "_timestamp": 1648803190, "_runtime": 39, "_step": 599, "_wandb": {"runtime": 40}}