{"train_acc": 0.3333333333333333, "test_acc": 0.20895185415138004, "val_acc": 0.19532467532467532, "loss": NaN, "_timestamp": 1648852328, "_runtime": 289, "_step": 599, "_wandb": {"runtime": 289}}