{"train_acc": 1.0, "test_acc": 0.8640216005400135, "val_acc": 0.8661621621621621, "loss": 1.2642379999160767, "_timestamp": 1648869086, "_runtime": 39, "_step": 249, "_wandb": {"runtime": 41}}