{"train_acc": 1.0, "test_acc": 0.7422680412371134, "val_acc": 0.7627397260273973, "loss": 0.0036133253015577793, "_timestamp": 1648912735, "_runtime": 12, "_step": 99, "_wandb": {"runtime": 13}}