{"train_acc": 1.0, "test_acc": 0.5670103092783505, "val_acc": 0.606027397260274, "loss": 0.16078424453735352, "_timestamp": 1648912143, "_runtime": 14, "_step": 99, "_wandb": {"runtime": 15}}