{"train_acc": 1.0, "test_acc": 0.7164869898967093, "val_acc": 0.7231168831168832, "loss": 0.10548605769872665, "_timestamp": 1648861483, "_runtime": 36, "_step": 599, "_wandb": {"runtime": 37}}