{"train_acc": 1.0, "test_acc": 0.6333333333333333, "val_acc": 0.6302702702702703, "loss": 1.139162540435791, "_timestamp": 1648911996, "_runtime": 20, "_step": 249, "_wandb": {"runtime": 21}}