{"train_acc": 0.3333333333333333, "test_acc": 0.21104024383360614, "val_acc": 0.1761038961038961, "loss": NaN, "_timestamp": 1648841011, "_runtime": 289, "_step": 599, "_wandb": {"runtime": 289}}