{"train_acc": 0.9733333333333334, "test_acc": 0.6833333333333333, "val_acc": 0.7156756756756757, "loss": 0.6802284717559814, "_timestamp": 1648802356, "_runtime": 18, "_step": 249, "_wandb": {"runtime": 19}}