{"train_acc": 1.0, "test_acc": 0.5381443298969072, "val_acc": 0.5561643835616439, "loss": 0.15118855237960815, "_timestamp": 1648918097, "_runtime": 45, "_step": 99, "_wandb": {"runtime": 45}}