{"train_acc": 1.0, "test_acc": 0.6583333333333333, "val_acc": 0.6524324324324324, "loss": 1.078920841217041, "_timestamp": 1648876293, "_runtime": 133, "_step": 249, "_wandb": {"runtime": 134}}