{"train_acc": 1.0, "test_acc": 0.8814220355508888, "val_acc": 0.8828108108108108, "loss": 1.2746933698654175, "_timestamp": 1648867198, "_runtime": 39, "_step": 249, "_wandb": {"runtime": 40}}