{"train_acc": 1.0, "test_acc": 0.8813470336758419, "val_acc": 0.8843243243243243, "loss": 1.2578521966934204, "_timestamp": 1648811611, "_runtime": 42, "_step": 249, "_wandb": {"runtime": 43}}