{"train_acc": 0.9866666666666667, "test_acc": 0.6333333333333333, "val_acc": 0.6443243243243243, "loss": 1.1719152927398682, "_timestamp": 1648724664, "_runtime": 27, "_step": 249, "_wandb": {"runtime": 28}}