{"train_acc": 1.0, "test_acc": 0.6886041654907715, "val_acc": 0.6903896103896104, "loss": 0.07766559720039368, "_timestamp": 1648847463, "_runtime": 293, "_step": 599, "_wandb": {"runtime": 294}}