{"train_acc": 1.0, "test_acc": 0.8874971874296858, "val_acc": 0.8964324324324324, "loss": 1.3523403406143188, "_timestamp": 1648874361, "_runtime": 82, "_step": 249, "_wandb": {"runtime": 83}}