{"train_acc": 1.0, "test_acc": 0.6350515463917525, "val_acc": 0.6109589041095891, "loss": 0.17656169831752777, "_timestamp": 1648808043, "_runtime": 24, "_step": 99, "_wandb": {"runtime": 23}}