{"train_acc": 1.0, "test_acc": 0.5484536082474227, "val_acc": 0.5671232876712329, "loss": 0.14038202166557312, "_timestamp": 1648868898, "_runtime": 35, "_step": 99, "_wandb": {"runtime": 36}}