{"train_acc": 1.0, "test_acc": 0.7005136309758988, "val_acc": 0.6883116883116883, "loss": 0.06788086891174316, "_timestamp": 1648866402, "_runtime": 47, "_step": 599, "_wandb": {"runtime": 48}}