{"train_acc": 1.0, "test_acc": 0.7196477959022408, "val_acc": 0.7257142857142858, "loss": 0.087957963347435, "_timestamp": 1648880469, "_runtime": 202, "_step": 599, "_wandb": {"runtime": 202}}