{"train_acc": 1.0, "test_acc": 0.7077383304171135, "val_acc": 0.7059740259740259, "loss": 0.1426713764667511, "_timestamp": 1648806994, "_runtime": 45, "_step": 599, "_wandb": {"runtime": 46}}