{"train_acc": 1.0, "test_acc": 0.7230343737653101, "val_acc": 0.7283116883116884, "loss": 0.1251278519630432, "_timestamp": 1648865945, "_runtime": 55, "_step": 599, "_wandb": {"runtime": 56}}