{"train_acc": 1.0, "test_acc": 0.8841221030525763, "val_acc": 0.886054054054054, "loss": 1.2870138883590698, "_timestamp": 1648863901, "_runtime": 27, "_step": 249, "_wandb": {"runtime": 27}}