{"train_acc": 1.0, "test_acc": 0.6144329896907217, "val_acc": 0.6005479452054795, "loss": 0.12850578129291534, "_timestamp": 1648722282, "_runtime": 17, "_step": 99, "_wandb": {"runtime": 17}}