{"train_acc": 1.0, "test_acc": 0.6309278350515464, "val_acc": 0.589041095890411, "loss": 0.11339852213859558, "_timestamp": 1648863013, "_runtime": 14, "_step": 99, "_wandb": {"runtime": 14}}