{"train_acc": 1.0, "test_acc": 0.691877857425072, "val_acc": 0.6820779220779221, "loss": 0.09436564892530441, "_timestamp": 1648881948, "_runtime": 161, "_step": 599, "_wandb": {"runtime": 160}}