{"train_acc": 0.9933333333333333, "test_acc": 0.6, "val_acc": 0.6135135135135135, "loss": 1.1277118921279907, "_timestamp": 1648907786, "_runtime": 18, "_step": 249, "_wandb": {"runtime": 18}}