{"train_acc": 1.0, "test_acc": 0.7093187334198792, "val_acc": 0.7106493506493506, "loss": 0.108271524310112, "_timestamp": 1648861048, "_runtime": 36, "_step": 599, "_wandb": {"runtime": 37}}