{"train_acc": 1.0, "test_acc": 0.5752577319587628, "val_acc": 0.5578082191780822, "loss": 0.15562590956687927, "_timestamp": 1648720296, "_runtime": 17, "_step": 99, "_wandb": {"runtime": 18}}