{"train_acc": 1.0, "test_acc": 0.8761719042976075, "val_acc": 0.8804324324324324, "loss": 1.3074183464050293, "_timestamp": 1648860830, "_runtime": 27, "_step": 249, "_wandb": {"runtime": 28}}