{"train_acc": 1.0, "test_acc": 0.5711340206185567, "val_acc": 0.5934246575342466, "loss": 0.1611226499080658, "_timestamp": 1648722980, "_runtime": 16, "_step": 99, "_wandb": {"runtime": 17}}