{"train_acc": 0.9933333333333333, "test_acc": 0.575, "val_acc": 0.6227027027027027, "loss": 1.1188024282455444, "_timestamp": 1648922932, "_runtime": 90, "_step": 249, "_wandb": {"runtime": 90}}