{"train_acc": 1.0, "test_acc": 0.8856221405535138, "val_acc": 0.892972972972973, "loss": 1.2637417316436768, "_timestamp": 1648863428, "_runtime": 25, "_step": 249, "_wandb": {"runtime": 26}}