{"train_acc": 1.0, "test_acc": 0.7108991364226449, "val_acc": 0.7108179419525066, "loss": 0.12534944713115692, "_timestamp": 1648791135, "_runtime": 52, "_step": 599, "_wandb": {"runtime": 53}}