{"train_acc": 1.0, "test_acc": 0.5166666666666667, "val_acc": 0.6183783783783784, "loss": 1.0820109844207764, "_timestamp": 1648717632, "_runtime": 21, "_step": 249, "_wandb": {"runtime": 22}}