{"train_acc": 0.9466666666666667, "test_acc": 0.675, "val_acc": 0.7054054054054054, "loss": 0.8615760207176208, "_timestamp": 1648912090, "_runtime": 20, "_step": 249, "_wandb": {"runtime": 21}}