{"train_acc": 1.0, "test_acc": 0.6288659793814433, "val_acc": 0.5802739726027397, "loss": 0.1425791084766388, "_timestamp": 1648722316, "_runtime": 23, "_step": 99, "_wandb": {"runtime": 24}}