{"train_acc": 1.0, "test_acc": 0.5484536082474227, "val_acc": 0.5446575342465754, "loss": 0.13039222359657288, "_timestamp": 1648862428, "_runtime": 14, "_step": 99, "_wandb": {"runtime": 15}}