{"train_acc": 1.0, "test_acc": 0.7336456510695942, "val_acc": 0.7438961038961039, "loss": 0.1074061319231987, "_timestamp": 1648805063, "_runtime": 51, "_step": 599, "_wandb": {"runtime": 52}}