{"train_acc": 0.9466666666666667, "test_acc": 0.725, "val_acc": 0.6637837837837838, "loss": 0.685746431350708, "_timestamp": 1648803340, "_runtime": 24, "_step": 249, "_wandb": {"runtime": 25}}