{"train_acc": 1.0, "test_acc": 0.5711340206185567, "val_acc": 0.5808219178082191, "loss": 0.14678895473480225, "_timestamp": 1648810173, "_runtime": 26, "_step": 99, "_wandb": {"runtime": 27}}