{"train_acc": 1.0, "test_acc": 0.5567010309278351, "val_acc": 0.5578082191780822, "loss": 0.12853746116161346, "_timestamp": 1648909764, "_runtime": 15, "_step": 99, "_wandb": {"runtime": 15}}