{"train_acc": 1.0, "test_acc": 0.6247422680412371, "val_acc": 0.6268493150684932, "loss": 0.1132545992732048, "_timestamp": 1648909109, "_runtime": 15, "_step": 99, "_wandb": {"runtime": 15}}