{"train_acc": 1.0, "test_acc": 0.8792469811745294, "val_acc": 0.8834594594594595, "loss": 1.2660987377166748, "_timestamp": 1648809261, "_runtime": 39, "_step": 249, "_wandb": {"runtime": 40}}