{"train_acc": 0.9733333333333334, "test_acc": 0.675, "val_acc": 0.6124324324324324, "loss": 1.0519828796386719, "_timestamp": 1648801730, "_runtime": 23, "_step": 249, "_wandb": {"runtime": 24}}