{"train_acc": 1.0, "test_acc": 0.7242761189817689, "val_acc": 0.7308707124010554, "loss": 0.09931916743516922, "_timestamp": 1648789722, "_runtime": 52, "_step": 599, "_wandb": {"runtime": 53}}