{"train_acc": 1.0, "test_acc": 0.554639175257732, "val_acc": 0.5934246575342466, "loss": 0.10580910742282867, "_timestamp": 1648916445, "_runtime": 30, "_step": 99, "_wandb": {"runtime": 30}}