{"train_acc": 0.9866666666666667, "test_acc": 0.6833333333333333, "val_acc": 0.6108108108108108, "loss": 0.8187381029129028, "_timestamp": 1648806108, "_runtime": 21, "_step": 249, "_wandb": {"runtime": 21}}