{"train_acc": 1.0, "test_acc": 0.8925223130578265, "val_acc": 0.894918918918919, "loss": 1.2426137924194336, "_timestamp": 1648725655, "_runtime": 35, "_step": 249, "_wandb": {"runtime": 36}}