{"train_acc": 1.0, "test_acc": 0.5690721649484536, "val_acc": 0.5627397260273973, "loss": 0.11447887122631073, "_timestamp": 1648803353, "_runtime": 15, "_step": 99, "_wandb": {"runtime": 16}}