{"train_acc": 1.0, "test_acc": 0.7352824970367444, "val_acc": 0.7184415584415584, "loss": 0.009126356802880764, "_timestamp": 1648811753, "_runtime": 57, "_step": 599, "_wandb": {"runtime": 58}}