{"train_acc": 1.0, "test_acc": 0.7279449116667608, "val_acc": 0.732987012987013, "loss": 0.08746076375246048, "_timestamp": 1648841939, "_runtime": 295, "_step": 599, "_wandb": {"runtime": 296}}