{"train_acc": 0.98, "test_acc": 0.6333333333333333, "val_acc": 0.614054054054054, "loss": 1.1388752460479736, "_timestamp": 1648874181, "_runtime": 130, "_step": 249, "_wandb": {"runtime": 130}}