{"train_acc": 1.0, "test_acc": 0.5793814432989691, "val_acc": 0.5884931506849315, "loss": 0.13255706429481506, "_timestamp": 1648810733, "_runtime": 28, "_step": 99, "_wandb": {"runtime": 28}}