{"train_acc": 1.0, "test_acc": 0.5463917525773195, "val_acc": 0.5791780821917808, "loss": 0.1347804218530655, "_timestamp": 1648908455, "_runtime": 14, "_step": 99, "_wandb": {"runtime": 15}}