{"train_acc": 0.9866666666666667, "test_acc": 0.6583333333333333, "val_acc": 0.6745945945945946, "loss": 1.1662733554840088, "_timestamp": 1648813139, "_runtime": 46, "_step": 249, "_wandb": {"runtime": 46}}