{"train_acc": 1.0, "test_acc": 0.6333333333333333, "val_acc": 0.6216216216216216, "loss": 1.0707165002822876, "_timestamp": 1648865295, "_runtime": 22, "_step": 249, "_wandb": {"runtime": 23}}