{"train_acc": 0.9933333333333333, "test_acc": 0.6083333333333333, "val_acc": 0.6032432432432432, "loss": 1.0187466144561768, "_timestamp": 1648908940, "_runtime": 17, "_step": 249, "_wandb": {"runtime": 18}}