{"train_acc": 1.0, "test_acc": 0.5731958762886598, "val_acc": 0.5517808219178082, "loss": 0.15611639618873596, "_timestamp": 1648805691, "_runtime": 16, "_step": 99, "_wandb": {"runtime": 17}}