{"train_acc": 0.9933333333333333, "test_acc": 0.6083333333333333, "val_acc": 0.6627027027027027, "loss": 1.0746736526489258, "_timestamp": 1648813613, "_runtime": 49, "_step": 249, "_wandb": {"runtime": 49}}