{"train_acc": 1.0, "test_acc": 0.7493932381328667, "val_acc": 0.7356200527704485, "loss": 0.037055954337120056, "_timestamp": 1648795107, "_runtime": 45, "_step": 599, "_wandb": {"runtime": 46}}