{"train_acc": 0.98, "test_acc": 0.7666666666666667, "val_acc": 0.6827027027027027, "loss": 0.6064037084579468, "_timestamp": 1648809067, "_runtime": 27, "_step": 249, "_wandb": {"runtime": 28}}