{"train_acc": 0.9733333333333334, "test_acc": 0.65, "val_acc": 0.6643243243243243, "loss": 0.6607144474983215, "_timestamp": 1648804560, "_runtime": 24, "_step": 249, "_wandb": {"runtime": 25}}