{"train_acc": 0.8133333333333334, "test_acc": 0.6951515493593724, "val_acc": 0.6924675324675325, "loss": 1.0462164878845215, "_timestamp": 1648837947, "_runtime": 293, "_step": 599, "_wandb": {"runtime": 293}}