{"train_acc": 1.0, "test_acc": 0.8847221180529513, "val_acc": 0.8910270270270271, "loss": 1.230310082435608, "_timestamp": 1648804924, "_runtime": 75, "_step": 249, "_wandb": {"runtime": 78}}