{"train_acc": 0.9933333333333333, "test_acc": 0.6, "val_acc": 0.6254054054054055, "loss": 1.1190567016601562, "_timestamp": 1648720730, "_runtime": 26, "_step": 249, "_wandb": {"runtime": 27}}