{"train_acc": 1.0, "test_acc": 0.716204775074787, "val_acc": 0.7111688311688311, "loss": 0.0868477076292038, "_timestamp": 1648865266, "_runtime": 48, "_step": 599, "_wandb": {"runtime": 49}}