{"train_acc": 0.9666666666666667, "test_acc": 0.6916666666666667, "val_acc": 0.6886486486486486, "loss": 0.7802397012710571, "_timestamp": 1648907698, "_runtime": 16, "_step": 249, "_wandb": {"runtime": 17}}