{"train_acc": 1.0, "test_acc": 0.7237113402061855, "val_acc": 0.7276712328767123, "loss": 0.14030133187770844, "_timestamp": 1648806035, "_runtime": 15, "_step": 99, "_wandb": {"runtime": 16}}