{"train_acc": 0.12, "test_acc": 0.16666666666666666, "val_acc": 0.18054054054054053, "loss": 40359.8984375, "_timestamp": 1648803374, "_runtime": 20, "_step": 249, "_wandb": {"runtime": 21}}