{"train_acc": 1.0, "test_acc": 0.5422680412371134, "val_acc": 0.5643835616438356, "loss": 0.09247402846813202, "_timestamp": 1648869186, "_runtime": 38, "_step": 99, "_wandb": {"runtime": 39}}