{"train_acc": 0.9933333333333333, "test_acc": 0.6166666666666667, "val_acc": 0.6524324324324324, "loss": 1.107728123664856, "_timestamp": 1648918626, "_runtime": 55, "_step": 249, "_wandb": {"runtime": 56}}