{"train_acc": 0.3333333333333333, "test_acc": 0.20883896822261105, "val_acc": 0.19636363636363635, "loss": NaN, "_timestamp": 1648811901, "_runtime": 61, "_step": 599, "_wandb": {"runtime": 61}}