{"train_acc": 1.0, "test_acc": 0.7267596094146864, "val_acc": 0.7277044854881266, "loss": 0.08843740820884705, "_timestamp": 1648787289, "_runtime": 160, "_step": 599, "_wandb": {"runtime": 160}}