{"train_acc": 0.3333333333333333, "test_acc": 0.2074843370773833, "val_acc": 0.20883116883116884, "loss": NaN, "_timestamp": 1648851720, "_runtime": 289, "_step": 599, "_wandb": {"runtime": 290}}