{"train_acc": 1.0, "test_acc": 0.8786469661741544, "val_acc": 0.8769729729729729, "loss": 1.2827624082565308, "_timestamp": 1648864152, "_runtime": 30, "_step": 249, "_wandb": {"runtime": 31}}