{"train_acc": 1.0, "test_acc": 0.7778404921826494, "val_acc": 0.7746701846965699, "loss": 0.03914755955338478, "_timestamp": 1648792821, "_runtime": 159, "_step": 599, "_wandb": {"runtime": 160}}