{"train_acc": 1.0, "test_acc": 0.8929723243081077, "val_acc": 0.8951351351351351, "loss": 1.20651376247406, "_timestamp": 1648864901, "_runtime": 28, "_step": 249, "_wandb": {"runtime": 29}}