{"train_acc": 1.0, "test_acc": 0.6962804086470622, "val_acc": 0.6987012987012987, "loss": 0.0995306596159935, "_timestamp": 1648864877, "_runtime": 43, "_step": 599, "_wandb": {"runtime": 44}}