{"train_acc": 1.0, "test_acc": 0.5793814432989691, "val_acc": 0.5873972602739727, "loss": 0.10077248513698578, "_timestamp": 1648722361, "_runtime": 33, "_step": 99, "_wandb": {"runtime": 33}}