{"train_acc": 0.9226666666666666, "test_acc": 0.8488712217805445, "val_acc": 0.833945945945946, "loss": 1.8499195575714111, "_timestamp": 1648806203, "_runtime": 33, "_step": 249, "_wandb": {"runtime": 34}}