{"train_acc": 1.0, "test_acc": 0.5567010309278351, "val_acc": 0.5468493150684931, "loss": 0.15697874128818512, "_timestamp": 1648717604, "_runtime": 18, "_step": 99, "_wandb": {"runtime": 20}}