{"train_acc": 1.0, "test_acc": 0.5833333333333334, "val_acc": 0.614054054054054, "loss": 1.2031954526901245, "_timestamp": 1648724052, "_runtime": 22, "_step": 249, "_wandb": {"runtime": 23}}