{"train_acc": 1.0, "test_acc": 0.7324039058531354, "val_acc": 0.734025974025974, "loss": 0.009666722267866135, "_timestamp": 1648805970, "_runtime": 43, "_step": 599, "_wandb": {"runtime": 44}}