{"train_acc": 0.9933333333333333, "test_acc": 0.6333333333333333, "val_acc": 0.6335135135135135, "loss": 1.0948644876480103, "_timestamp": 1648723589, "_runtime": 24, "_step": 249, "_wandb": {"runtime": 24}}