{"train_acc": 1.0, "test_acc": 0.5319587628865979, "val_acc": 0.5441095890410959, "loss": 0.14578165113925934, "_timestamp": 1648721952, "_runtime": 19, "_step": 99, "_wandb": {"runtime": 20}}