{"train_acc": 1.0, "test_acc": 0.7431845120505729, "val_acc": 0.7577836411609499, "loss": 0.10743015259504318, "_timestamp": 1648788434, "_runtime": 56, "_step": 599, "_wandb": {"runtime": 56}}