{"train_acc": 1.0, "test_acc": 0.8874971874296858, "val_acc": 0.8905945945945946, "loss": 1.3380967378616333, "_timestamp": 1648805112, "_runtime": 35, "_step": 249, "_wandb": {"runtime": 35}}