{"train_acc": 1.0, "test_acc": 0.5416666666666666, "val_acc": 0.6362162162162163, "loss": 1.0534306764602661, "_timestamp": 1648806689, "_runtime": 28, "_step": 249, "_wandb": {"runtime": 29}}