{"train_acc": 0.9466666666666667, "test_acc": 0.7002878591183609, "val_acc": 0.7096103896103896, "loss": 0.0009763974230736494, "_timestamp": 1648807818, "_runtime": 50, "_step": 599, "_wandb": {"runtime": 50}}