{"train_acc": 0.9942857142857143, "test_acc": 0.5958762886597938, "val_acc": 0.6109589041095891, "loss": 0.18124333024024963, "_timestamp": 1648910291, "_runtime": 14, "_step": 99, "_wandb": {"runtime": 15}}