{"train_acc": 1.0, "test_acc": 0.6, "val_acc": 0.6005405405405405, "loss": 1.1487233638763428, "_timestamp": 1648867095, "_runtime": 22, "_step": 249, "_wandb": {"runtime": 24}}