{"train_acc": 1.0, "test_acc": 0.5773195876288659, "val_acc": 0.5654794520547946, "loss": 0.14344294369220734, "_timestamp": 1648801582, "_runtime": 14, "_step": 99, "_wandb": {"runtime": 16}}