{"train_acc": 0.9933333333333333, "test_acc": 0.675, "val_acc": 0.6124324324324324, "loss": 1.11139714717865, "_timestamp": 1648802554, "_runtime": 18, "_step": 249, "_wandb": {"runtime": 19}}