{"train_acc": 0.9933333333333333, "test_acc": 0.525, "val_acc": 0.6048648648648649, "loss": 1.203198790550232, "_timestamp": 1648911008, "_runtime": 21, "_step": 249, "_wandb": {"runtime": 22}}