{"train_acc": 1.0, "test_acc": 0.7521025004233223, "val_acc": 0.7698701298701298, "loss": 0.0896446630358696, "_timestamp": 1648843172, "_runtime": 292, "_step": 599, "_wandb": {"runtime": 293}}