{"train_acc": 1.0, "test_acc": 0.8607215180379509, "val_acc": 0.8618378378378379, "loss": 1.2493469715118408, "_timestamp": 1648872916, "_runtime": 89, "_step": 249, "_wandb": {"runtime": 90}}