{"train_acc": 1.0, "test_acc": 0.8904972624315608, "val_acc": 0.8918918918918919, "loss": 1.2941765785217285, "_timestamp": 1648867867, "_runtime": 34, "_step": 249, "_wandb": {"runtime": 35}}