{"train_acc": 1.0, "test_acc": 0.4927835051546392, "val_acc": 0.5243835616438356, "loss": 0.12277743965387344, "_timestamp": 1648863202, "_runtime": 13, "_step": 99, "_wandb": {"runtime": 14}}