{"train_acc": 1.0, "test_acc": 0.5484536082474227, "val_acc": 0.5671232876712329, "loss": 0.1321377456188202, "_timestamp": 1648918598, "_runtime": 44, "_step": 99, "_wandb": {"runtime": 46}}