{"train_acc": 1.0, "test_acc": 0.6416666666666667, "val_acc": 0.64, "loss": 1.1390901803970337, "_timestamp": 1648815307, "_runtime": 66, "_step": 249, "_wandb": {"runtime": 67}}