{"train_acc": 1.0, "test_acc": 0.5833333333333334, "val_acc": 0.6313513513513513, "loss": 1.1200411319732666, "_timestamp": 1648807373, "_runtime": 20, "_step": 249, "_wandb": {"runtime": 21}}