{"train_acc": 1.0, "test_acc": 0.5216494845360825, "val_acc": 0.5561643835616439, "loss": 0.12475096434354782, "_timestamp": 1648806235, "_runtime": 17, "_step": 99, "_wandb": {"runtime": 18}}