{"train_acc": 0.98, "test_acc": 0.5833333333333334, "val_acc": 0.6356756756756756, "loss": 1.0709421634674072, "_timestamp": 1648915244, "_runtime": 35, "_step": 249, "_wandb": {"runtime": 36}}