{"train_acc": 1.0, "test_acc": 0.575, "val_acc": 0.6118918918918919, "loss": 1.1823941469192505, "_timestamp": 1648724091, "_runtime": 27, "_step": 249, "_wandb": {"runtime": 28}}