{"train_acc": 1.0, "test_acc": 0.5916666666666667, "val_acc": 0.6021621621621621, "loss": 1.0900822877883911, "_timestamp": 1648860992, "_runtime": 16, "_step": 249, "_wandb": {"runtime": 16}}