{"train_acc": 1.0, "test_acc": 0.5567010309278351, "val_acc": 0.5424657534246575, "loss": 0.12301823496818542, "_timestamp": 1648720745, "_runtime": 51, "_step": 99, "_wandb": {"runtime": 52}}