{"train_acc": 0.98, "test_acc": 0.6416666666666667, "val_acc": 0.6286486486486487, "loss": 1.1369308233261108, "_timestamp": 1648804834, "_runtime": 28, "_step": 249, "_wandb": {"runtime": 28}}