{"train_acc": 0.9933333333333333, "test_acc": 0.6083333333333333, "val_acc": 0.6162162162162163, "loss": 1.0478874444961548, "_timestamp": 1648919759, "_runtime": 55, "_step": 249, "_wandb": {"runtime": 56}}