{"train_acc": 0.9973333333333333, "test_acc": 0.9111977799444986, "val_acc": 0.9094054054054054, "loss": 1.4271113872528076, "_timestamp": 1648726851, "_runtime": 54, "_step": 249, "_wandb": {"runtime": 54}}