{"train_acc": 1.0, "test_acc": 0.5443298969072164, "val_acc": 0.5446575342465754, "loss": 0.12864331901073456, "_timestamp": 1648907524, "_runtime": 13, "_step": 99, "_wandb": {"runtime": 14}}