{"train_acc": 1.0, "test_acc": 0.5876288659793815, "val_acc": 0.5769863013698631, "loss": 0.3579108715057373, "_timestamp": 1648911851, "_runtime": 13, "_step": 99, "_wandb": {"runtime": 14}}