{"train_acc": 1.0, "test_acc": 0.7180109499350906, "val_acc": 0.7366233766233766, "loss": 0.10115532577037811, "_timestamp": 1648832154, "_runtime": 157, "_step": 599, "_wandb": {"runtime": 158}}