{"train_acc": 0.9933333333333333, "test_acc": 0.6916666666666667, "val_acc": 0.6216216216216216, "loss": 1.0629445314407349, "_timestamp": 1648913615, "_runtime": 21, "_step": 249, "_wandb": {"runtime": 23}}