{"train_acc": 1.0, "test_acc": 0.5608247422680412, "val_acc": 0.5419178082191781, "loss": 0.13449017703533173, "_timestamp": 1648803801, "_runtime": 20, "_step": 99, "_wandb": {"runtime": 21}}