{"train_acc": 0.14285714285714285, "test_acc": 0.09896907216494845, "val_acc": 0.14849315068493152, "loss": NaN, "_timestamp": 1648911751, "_runtime": 13, "_step": 99, "_wandb": {"runtime": 14}}