{"train_acc": 1.0, "test_acc": 0.5793814432989691, "val_acc": 0.566027397260274, "loss": 0.15948455035686493, "_timestamp": 1648718957, "_runtime": 18, "_step": 99, "_wandb": {"runtime": 19}}