{"train_acc": 0.9642857142857143, "test_acc": 0.7690721649484537, "val_acc": 0.7655913978494624, "loss": 0.1289868801832199, "_timestamp": 1648529848, "_runtime": 86, "_step": 299, "_wandb": {"runtime": 86}}