{"train_acc": 0.9973333333333333, "test_acc": 0.9057226430660766, "val_acc": 0.9037837837837838, "loss": 1.508370280265808, "_timestamp": 1648726007, "_runtime": 165, "_step": 249, "_wandb": {"runtime": 166}}