{"train_acc": 1.0, "test_acc": 0.6988203420443642, "val_acc": 0.7007792207792207, "loss": 0.11096806824207306, "_timestamp": 1648809853, "_runtime": 57, "_step": 599, "_wandb": {"runtime": 57}}