{"train_acc": 0.9226666666666666, "test_acc": 0.8706967674191854, "val_acc": 0.8655135135135135, "loss": 1.765269160270691, "_timestamp": 1648821088, "_runtime": 79, "_step": 249, "_wandb": {"runtime": 80}}