{"train_acc": 1.0, "test_acc": 0.6799119489755602, "val_acc": 0.6716883116883117, "loss": 0.03152943775057793, "_timestamp": 1648804453, "_runtime": 40, "_step": 599, "_wandb": {"runtime": 41}}