{"train_acc": 0.94, "test_acc": 0.6333333333333333, "val_acc": 0.7205405405405405, "loss": 0.8418424725532532, "_timestamp": 1648926311, "_runtime": 91, "_step": 249, "_wandb": {"runtime": 91}}