{"train_acc": 1.0, "test_acc": 0.8880972024300607, "val_acc": 0.8955675675675676, "loss": 1.2395474910736084, "_timestamp": 1648878129, "_runtime": 129, "_step": 249, "_wandb": {"runtime": 130}}