{"train_acc": 0.9866666666666667, "test_acc": 0.6916666666666667, "val_acc": 0.6486486486486487, "loss": 1.1232925653457642, "_timestamp": 1648869415, "_runtime": 36, "_step": 249, "_wandb": {"runtime": 37}}