{"train_acc": 0.14285714285714285, "test_acc": 0.13814432989690723, "val_acc": 0.13808219178082193, "loss": NaN, "_timestamp": 1648803409, "_runtime": 14, "_step": 99, "_wandb": {"runtime": 15}}