{"train_acc": 1.0, "test_acc": 0.6586329514026077, "val_acc": 0.6612987012987013, "loss": 0.12823837995529175, "_timestamp": 1648872667, "_runtime": 117, "_step": 599, "_wandb": {"runtime": 118}}