{"train_acc": 0.98, "test_acc": 0.6083333333333333, "val_acc": 0.632972972972973, "loss": 1.1424098014831543, "_timestamp": 1648818013, "_runtime": 128, "_step": 249, "_wandb": {"runtime": 128}}