{"train_acc": 1.0, "test_acc": 0.729468871705142, "val_acc": 0.7277922077922078, "loss": 0.07267226278781891, "_timestamp": 1648814994, "_runtime": 70, "_step": 599, "_wandb": {"runtime": 70}}