{"train_acc": 1.0, "test_acc": 0.7286222272393746, "val_acc": 0.7366233766233766, "loss": 0.0989992618560791, "_timestamp": 1648829058, "_runtime": 160, "_step": 599, "_wandb": {"runtime": 160}}