{"train_acc": 1.0, "test_acc": 0.6416666666666667, "val_acc": 0.6151351351351352, "loss": 1.0946701765060425, "_timestamp": 1648866160, "_runtime": 22, "_step": 249, "_wandb": {"runtime": 23}}