{"train_acc": 0.9933333333333333, "test_acc": 0.65, "val_acc": 0.6145945945945946, "loss": 1.1064531803131104, "_timestamp": 1648917633, "_runtime": 55, "_step": 249, "_wandb": {"runtime": 55}}