{"train_acc": 1.0, "test_acc": 0.8871971799294982, "val_acc": 0.8905945945945946, "loss": 1.3291534185409546, "_timestamp": 1648864989, "_runtime": 36, "_step": 249, "_wandb": {"runtime": 35}}