{"train_acc": 1.0, "test_acc": 0.5752577319587628, "val_acc": 0.5808219178082191, "loss": 0.1774977147579193, "_timestamp": 1648863062, "_runtime": 14, "_step": 99, "_wandb": {"runtime": 15}}