{"train_acc": 1.0, "test_acc": 0.65, "val_acc": 0.652972972972973, "loss": 1.0823835134506226, "_timestamp": 1648919892, "_runtime": 55, "_step": 249, "_wandb": {"runtime": 55}}