{"train_acc": 0.98, "test_acc": 0.6166666666666667, "val_acc": 0.6194594594594595, "loss": 1.0775052309036255, "_timestamp": 1648913419, "_runtime": 18, "_step": 249, "_wandb": {"runtime": 19}}