{"train_acc": 1.0, "test_acc": 0.6, "val_acc": 0.6313513513513513, "loss": 1.0316983461380005, "_timestamp": 1648806763, "_runtime": 23, "_step": 249, "_wandb": {"runtime": 24}}