{"train_acc": 1.0, "test_acc": 0.6020618556701031, "val_acc": 0.5693150684931507, "loss": 0.15245379507541656, "_timestamp": 1648720538, "_runtime": 17, "_step": 99, "_wandb": {"runtime": 18}}