{"train_acc": 1.0, "test_acc": 0.5463917525773195, "val_acc": 0.5227397260273973, "loss": 0.12755095958709717, "_timestamp": 1648911290, "_runtime": 15, "_step": 99, "_wandb": {"runtime": 16}}