{"train_acc": 0.9933333333333333, "test_acc": 0.6583333333333333, "val_acc": 0.6270270270270271, "loss": 1.041075587272644, "_timestamp": 1648820156, "_runtime": 130, "_step": 249, "_wandb": {"runtime": 131}}