{"train_acc": 1.0, "test_acc": 0.5938144329896907, "val_acc": 0.5567123287671233, "loss": 0.14061513543128967, "_timestamp": 1648862402, "_runtime": 14, "_step": 99, "_wandb": {"runtime": 14}}