{"train_acc": 1.0, "test_acc": 0.7442569283738782, "val_acc": 0.7477572559366754, "loss": 0.09522473812103271, "_timestamp": 1648786954, "_runtime": 52, "_step": 599, "_wandb": {"runtime": 52}}