{"train_acc": 1.0, "test_acc": 0.6083333333333333, "val_acc": 0.6664864864864865, "loss": 1.1224524974822998, "_timestamp": 1648863789, "_runtime": 19, "_step": 249, "_wandb": {"runtime": 19}}