{"train_acc": 1.0, "test_acc": 0.8865971649291232, "val_acc": 0.8892972972972973, "loss": 1.3561837673187256, "_timestamp": 1648723971, "_runtime": 37, "_step": 249, "_wandb": {"runtime": 38}}