{"train_acc": 1.0, "test_acc": 0.890947273681842, "val_acc": 0.8955675675675676, "loss": 1.2745450735092163, "_timestamp": 1648819664, "_runtime": 96, "_step": 249, "_wandb": {"runtime": 97}}