{"train_acc": 1.0, "test_acc": 0.6966190664333691, "val_acc": 0.7087071240105541, "loss": 0.12322534620761871, "_timestamp": 1648784585, "_runtime": 68, "_step": 599, "_wandb": {"runtime": 69}}