{"train_acc": 1.0, "test_acc": 0.7322910199243664, "val_acc": 0.734025974025974, "loss": 0.07985065132379532, "_timestamp": 1648810197, "_runtime": 49, "_step": 599, "_wandb": {"runtime": 50}}