{"train_acc": 1.0, "test_acc": 0.874596864921623, "val_acc": 0.8806486486486487, "loss": 1.3466742038726807, "_timestamp": 1648802980, "_runtime": 32, "_step": 249, "_wandb": {"runtime": 33}}