{"train_acc": 1.0, "test_acc": 0.5443298969072164, "val_acc": 0.5556164383561644, "loss": 0.16644544899463654, "_timestamp": 1648915763, "_runtime": 30, "_step": 99, "_wandb": {"runtime": 31}}