{"train_acc": 0.9933333333333333, "test_acc": 0.6416666666666667, "val_acc": 0.6313513513513513, "loss": 1.1552196741104126, "_timestamp": 1648865902, "_runtime": 23, "_step": 249, "_wandb": {"runtime": 24}}