{"train_acc": 1.0, "test_acc": 0.5896907216494846, "val_acc": 0.5687671232876712, "loss": 0.1035786122083664, "_timestamp": 1648908254, "_runtime": 14, "_step": 99, "_wandb": {"runtime": 15}}