{"train_acc": 0.16666666666666666, "test_acc": 0.041666666666666664, "val_acc": 0.051351351351351354, "loss": NaN, "_timestamp": 1648920687, "_runtime": 56, "_step": 249, "_wandb": {"runtime": 57}}