{"train_acc": 0.9866666666666667, "test_acc": 0.6916666666666667, "val_acc": 0.7448648648648649, "loss": 0.5175029039382935, "_timestamp": 1648909055, "_runtime": 15, "_step": 249, "_wandb": {"runtime": 16}}