{"train_acc": 1.0, "test_acc": 0.5010309278350515, "val_acc": 0.5117808219178083, "loss": 0.151728093624115, "_timestamp": 1648807465, "_runtime": 19, "_step": 99, "_wandb": {"runtime": 19}}