{"train_acc": 1.0, "test_acc": 0.5298969072164949, "val_acc": 0.5961643835616438, "loss": 0.15042129158973694, "_timestamp": 1648718821, "_runtime": 85, "_step": 99, "_wandb": {"runtime": 84}}