{"train_acc": 0.9866666666666667, "test_acc": 0.6416666666666667, "val_acc": 0.6372972972972973, "loss": 1.0183892250061035, "_timestamp": 1648862568, "_runtime": 19, "_step": 249, "_wandb": {"runtime": 20}}