{"train_acc": 1.0, "test_acc": 0.8642466061651541, "val_acc": 0.8713513513513513, "loss": 1.2384339570999146, "_timestamp": 1648864942, "_runtime": 30, "_step": 249, "_wandb": {"runtime": 30}}