{"train_acc": 1.0, "test_acc": 0.7530620308178586, "val_acc": 0.7516883116883117, "loss": 0.09916508942842484, "_timestamp": 1648811968, "_runtime": 54, "_step": 599, "_wandb": {"runtime": 55}}