{"train_acc": 1.0, "test_acc": 0.7519896144945533, "val_acc": 0.7525065963060686, "loss": 0.08640562742948532, "_timestamp": 1648792304, "_runtime": 540, "_step": 599, "_wandb": {"runtime": 541}}