{"train_acc": 1.0, "test_acc": 0.5690721649484536, "val_acc": 0.5567123287671233, "loss": 0.13517482578754425, "_timestamp": 1648865600, "_runtime": 30, "_step": 99, "_wandb": {"runtime": 31}}