{"train_acc": 1.0, "test_acc": 0.7289608850256816, "val_acc": 0.76, "loss": 0.06677939742803574, "_timestamp": 1648879303, "_runtime": 212, "_step": 599, "_wandb": {"runtime": 213}}