{"train_acc": 0.9933333333333333, "test_acc": 0.5583333333333333, "val_acc": 0.6356756756756756, "loss": 1.0483323335647583, "_timestamp": 1648723479, "_runtime": 20, "_step": 249, "_wandb": {"runtime": 21}}