{"train_acc": 1.0, "test_acc": 0.5814432989690722, "val_acc": 0.5693150684931507, "loss": 0.13249751925468445, "_timestamp": 1648865939, "_runtime": 21, "_step": 99, "_wandb": {"runtime": 21}}