{"train_acc": 0.14285714285714285, "test_acc": 0.16288659793814433, "val_acc": 0.13150684931506848, "loss": NaN, "_timestamp": 1648913046, "_runtime": 13, "_step": 99, "_wandb": {"runtime": 14}}