{"train_acc": 1.0, "test_acc": 0.7, "val_acc": 0.6545945945945946, "loss": 1.017842411994934, "_timestamp": 1648717599, "_runtime": 20, "_step": 249, "_wandb": {"runtime": 21}}