{"train_acc": 1.0, "test_acc": 0.7442569283738782, "val_acc": 0.7514511873350923, "loss": 0.15711380541324615, "_timestamp": 1648787116, "_runtime": 77, "_step": 599, "_wandb": {"runtime": 77}}