{"train_acc": 1.0, "test_acc": 0.8813470336758419, "val_acc": 0.886054054054054, "loss": 1.2748199701309204, "_timestamp": 1648873034, "_runtime": 72, "_step": 249, "_wandb": {"runtime": 72}}