{"train_acc": 1.0, "test_acc": 0.6986510131512107, "val_acc": 0.6727272727272727, "loss": 0.1420622020959854, "_timestamp": 1648813694, "_runtime": 65, "_step": 599, "_wandb": {"runtime": 65}}