{"train_acc": 1.0, "test_acc": 0.8805220130503263, "val_acc": 0.8836756756756756, "loss": 1.2146307229995728, "_timestamp": 1648810514, "_runtime": 37, "_step": 249, "_wandb": {"runtime": 38}}