{"train_acc": 1.0, "test_acc": 0.5814432989690722, "val_acc": 0.5643835616438356, "loss": 0.12649312615394592, "_timestamp": 1648811724, "_runtime": 33, "_step": 99, "_wandb": {"runtime": 34}}