{"train_acc": 0.9933333333333333, "test_acc": 0.675, "val_acc": 0.6286486486486487, "loss": 1.0613276958465576, "_timestamp": 1648863292, "_runtime": 21, "_step": 249, "_wandb": {"runtime": 22}}