{"train_acc": 1.0, "test_acc": 0.6164948453608248, "val_acc": 0.5934246575342466, "loss": 0.1562887728214264, "_timestamp": 1648806786, "_runtime": 16, "_step": 99, "_wandb": {"runtime": 16}}