{"train_acc": 1.0, "test_acc": 0.5567010309278351, "val_acc": 0.589041095890411, "loss": 0.12838377058506012, "_timestamp": 1648909343, "_runtime": 14, "_step": 99, "_wandb": {"runtime": 15}}