{"train_acc": 1.0, "test_acc": 0.6666666666666666, "val_acc": 0.6594594594594595, "loss": 0.8853057622909546, "_timestamp": 1648726153, "_runtime": 18, "_step": 249, "_wandb": {"runtime": 20}}