{"train_acc": 0.9933333333333333, "test_acc": 0.6416666666666667, "val_acc": 0.6183783783783784, "loss": 1.15602445602417, "_timestamp": 1648805187, "_runtime": 20, "_step": 249, "_wandb": {"runtime": 21}}