{"train_acc": 1.0, "test_acc": 0.6948453608247422, "val_acc": 0.7243835616438357, "loss": 0.2203618586063385, "_timestamp": 1648814535, "_runtime": 51, "_step": 99, "_wandb": {"runtime": 52}}