{"train_acc": 1.0, "test_acc": 0.7835051546391752, "val_acc": 0.7578082191780822, "loss": 0.03017823025584221, "_timestamp": 1648910686, "_runtime": 15, "_step": 99, "_wandb": {"runtime": 16}}