{"train_acc": 1.0, "test_acc": 0.6916666666666667, "val_acc": 0.6421621621621622, "loss": 1.1644127368927002, "_timestamp": 1648805421, "_runtime": 21, "_step": 249, "_wandb": {"runtime": 22}}