{"train_acc": 1.0, "test_acc": 0.8650716267906697, "val_acc": 0.8698378378378379, "loss": 1.2943013906478882, "_timestamp": 1648718457, "_runtime": 46, "_step": 249, "_wandb": {"runtime": 47}}