{"train_acc": 1.0, "test_acc": 0.6333333333333333, "val_acc": 0.5783783783783784, "loss": 1.1067719459533691, "_timestamp": 1648805966, "_runtime": 25, "_step": 249, "_wandb": {"runtime": 26}}