{"train_acc": 1.0, "test_acc": 0.5958762886597938, "val_acc": 0.5572602739726027, "loss": 0.11013846099376678, "_timestamp": 1648918823, "_runtime": 44, "_step": 99, "_wandb": {"runtime": 45}}