{"train_acc": 1.0, "test_acc": 0.8838970974274357, "val_acc": 0.888, "loss": 1.2547861337661743, "_timestamp": 1648721414, "_runtime": 31, "_step": 249, "_wandb": {"runtime": 32}}