{"train_acc": 1.0, "test_acc": 0.8852471311782795, "val_acc": 0.8912432432432432, "loss": 1.2214889526367188, "_timestamp": 1648813782, "_runtime": 57, "_step": 249, "_wandb": {"runtime": 57}}