{"train_acc": 1.0, "test_acc": 0.7464017610204888, "val_acc": 0.7594805194805195, "loss": 0.0004991308087483048, "_timestamp": 1648827260, "_runtime": 201, "_step": 599, "_wandb": {"runtime": 202}}