{"train_acc": 1.0, "test_acc": 0.6083333333333333, "val_acc": 0.6037837837837838, "loss": 1.0917375087738037, "_timestamp": 1648807657, "_runtime": 21, "_step": 249, "_wandb": {"runtime": 21}}