{"train_acc": 1.0, "test_acc": 0.6416666666666667, "val_acc": 0.6221621621621621, "loss": 1.080435872077942, "_timestamp": 1648863557, "_runtime": 16, "_step": 249, "_wandb": {"runtime": 17}}