{"train_acc": 1.0, "test_acc": 0.9055726393159829, "val_acc": 0.9083243243243243, "loss": 1.3468377590179443, "_timestamp": 1648880601, "_runtime": 134, "_step": 249, "_wandb": {"runtime": 136}}