{"train_acc": 0.14285714285714285, "test_acc": 0.1463917525773196, "val_acc": 0.1358904109589041, "loss": NaN, "_timestamp": 1648917647, "_runtime": 27, "_step": 99, "_wandb": {"runtime": 28}}