{"train_acc": 1.0, "test_acc": 0.7165998758254783, "val_acc": 0.7267532467532467, "loss": 0.08380581438541412, "_timestamp": 1648861142, "_runtime": 36, "_step": 599, "_wandb": {"runtime": 37}}