{"train_acc": 1.0, "test_acc": 0.6185567010309279, "val_acc": 0.5621917808219178, "loss": 0.10839611291885376, "_timestamp": 1648910633, "_runtime": 15, "_step": 99, "_wandb": {"runtime": 16}}