{"train_acc": 1.0, "test_acc": 0.7267596094146864, "val_acc": 0.7153246753246754, "loss": 0.11444779485464096, "_timestamp": 1648804940, "_runtime": 85, "_step": 599, "_wandb": {"runtime": 86}}