{"train_acc": 1.0, "test_acc": 0.554639175257732, "val_acc": 0.5545205479452054, "loss": 0.1062484085559845, "_timestamp": 1648865908, "_runtime": 16, "_step": 99, "_wandb": {"runtime": 17}}