{"train_acc": 0.9933333333333333, "test_acc": 0.5333333333333333, "val_acc": 0.5956756756756757, "loss": 1.0900243520736694, "_timestamp": 1648913295, "_runtime": 18, "_step": 249, "_wandb": {"runtime": 19}}