{"train_acc": 1.0, "test_acc": 0.7498447818479427, "val_acc": 0.7532467532467533, "loss": 0.027427610009908676, "_timestamp": 1648801887, "_runtime": 42, "_step": 599, "_wandb": {"runtime": 42}}