{"train_acc": 1.0, "test_acc": 0.882547063676592, "val_acc": 0.8873513513513513, "loss": 1.2328307628631592, "_timestamp": 1648719240, "_runtime": 92, "_step": 249, "_wandb": {"runtime": 93}}