{"train_acc": 1.0, "test_acc": 0.8844971124278107, "val_acc": 0.8875675675675676, "loss": 1.2865688800811768, "_timestamp": 1648868624, "_runtime": 34, "_step": 249, "_wandb": {"runtime": 34}}