{"train_acc": 1.0, "test_acc": 0.5608247422680412, "val_acc": 0.5419178082191781, "loss": 0.1482311338186264, "_timestamp": 1648815913, "_runtime": 52, "_step": 99, "_wandb": {"runtime": 53}}