{"train_acc": 1.0, "test_acc": 0.6333333333333333, "val_acc": 0.6216216216216216, "loss": 1.0090322494506836, "_timestamp": 1648911690, "_runtime": 20, "_step": 249, "_wandb": {"runtime": 21}}