{"train_acc": 1.0, "test_acc": 0.7511994129931704, "val_acc": 0.7392207792207792, "loss": 0.0150291807949543, "_timestamp": 1648834380, "_runtime": 157, "_step": 599, "_wandb": {"runtime": 158}}