{"train_acc": 1.0, "test_acc": 0.6166666666666667, "val_acc": 0.6356756756756756, "loss": 1.0107530355453491, "_timestamp": 1648809714, "_runtime": 28, "_step": 249, "_wandb": {"runtime": 28}}