{"train_acc": 1.0, "test_acc": 0.5525773195876289, "val_acc": 0.5276712328767124, "loss": 0.17437084019184113, "_timestamp": 1648917169, "_runtime": 29, "_step": 99, "_wandb": {"runtime": 31}}