{"train_acc": 0.14133333333333334, "test_acc": 0.1325283132078302, "val_acc": 0.13513513513513514, "loss": 343439648.0, "_timestamp": 1648805797, "_runtime": 38, "_step": 249, "_wandb": {"runtime": 39}}