{"train_acc": 1.0, "test_acc": 0.9068476711917798, "val_acc": 0.9083243243243243, "loss": 1.3079824447631836, "_timestamp": 1648725830, "_runtime": 95, "_step": 249, "_wandb": {"runtime": 94}}