{"train_acc": 1.0, "test_acc": 0.718406050685782, "val_acc": 0.7184415584415584, "loss": 0.08227021247148514, "_timestamp": 1648877509, "_runtime": 216, "_step": 599, "_wandb": {"runtime": 218}}