{"train_acc": 0.9933333333333333, "test_acc": 0.5583333333333333, "val_acc": 0.6313513513513513, "loss": 1.1081424951553345, "_timestamp": 1648910049, "_runtime": 17, "_step": 249, "_wandb": {"runtime": 18}}