{"train_acc": 1.0, "test_acc": 0.6899023536716148, "val_acc": 0.6981818181818182, "loss": 0.05884828045964241, "_timestamp": 1648861824, "_runtime": 40, "_step": 599, "_wandb": {"runtime": 40}}