{"train_acc": 1.0, "test_acc": 0.65, "val_acc": 0.6167567567567568, "loss": 1.090724229812622, "_timestamp": 1648720400, "_runtime": 55, "_step": 249, "_wandb": {"runtime": 55}}