{"train_acc": 0.9933333333333333, "test_acc": 0.7083333333333334, "val_acc": 0.6686486486486487, "loss": 0.7272213101387024, "_timestamp": 1648907953, "_runtime": 18, "_step": 249, "_wandb": {"runtime": 19}}