{"train_acc": 0.9866666666666667, "test_acc": 0.5833333333333334, "val_acc": 0.6562162162162162, "loss": 1.1284079551696777, "_timestamp": 1648876518, "_runtime": 101, "_step": 249, "_wandb": {"runtime": 102}}