{"train_acc": 1.0, "test_acc": 0.87827195679892, "val_acc": 0.8828108108108108, "loss": 1.343519687652588, "_timestamp": 1648868677, "_runtime": 41, "_step": 249, "_wandb": {"runtime": 42}}