{"train_acc": 0.9933333333333333, "test_acc": 0.5666666666666667, "val_acc": 0.6081081081081081, "loss": 1.0737355947494507, "_timestamp": 1648871286, "_runtime": 74, "_step": 249, "_wandb": {"runtime": 75}}