{"train_acc": 1.0, "test_acc": 0.5793814432989691, "val_acc": 0.5726027397260274, "loss": 0.13698896765708923, "_timestamp": 1648866162, "_runtime": 16, "_step": 99, "_wandb": {"runtime": 17}}