{"train_acc": 1.0, "test_acc": 0.704916182197889, "val_acc": 0.7038961038961039, "loss": 0.09794982522726059, "_timestamp": 1648864822, "_runtime": 40, "_step": 599, "_wandb": {"runtime": 41}}