{"train_acc": 1.0, "test_acc": 0.8938723468086702, "val_acc": 0.8953513513513514, "loss": 1.2573603391647339, "_timestamp": 1648725607, "_runtime": 31, "_step": 249, "_wandb": {"runtime": 31}}