{"train_acc": 1.0, "test_acc": 0.6041237113402061, "val_acc": 0.5753424657534246, "loss": 0.17215903103351593, "_timestamp": 1648804129, "_runtime": 19, "_step": 99, "_wandb": {"runtime": 20}}