{"train_acc": 1.0, "test_acc": 0.6412371134020619, "val_acc": 0.6164383561643836, "loss": 0.12347715348005295, "_timestamp": 1648723314, "_runtime": 17, "_step": 99, "_wandb": {"runtime": 18}}