{"train_acc": 1.0, "test_acc": 0.5814432989690722, "val_acc": 0.5665753424657535, "loss": 0.1876928210258484, "_timestamp": 1648802121, "_runtime": 15, "_step": 99, "_wandb": {"runtime": 16}}