{"train_acc": 0.9866666666666667, "test_acc": 0.6833333333333333, "val_acc": 0.6183783783783784, "loss": 1.1769325733184814, "_timestamp": 1648911937, "_runtime": 19, "_step": 249, "_wandb": {"runtime": 20}}