{"train_acc": 1.0, "test_acc": 0.5731958762886598, "val_acc": 0.6115068493150685, "loss": 0.12431240826845169, "_timestamp": 1648802536, "_runtime": 14, "_step": 99, "_wandb": {"runtime": 15}}