{"train_acc": 0.3333333333333333, "test_acc": 0.20771010893492126, "val_acc": 0.20675324675324674, "loss": NaN, "_timestamp": 1648892561, "_runtime": 290, "_step": 599, "_wandb": {"runtime": 291}}