{"train_acc": 1.0, "test_acc": 0.734020618556701, "val_acc": 0.7002739726027397, "loss": 0.026220010593533516, "_timestamp": 1648812462, "_runtime": 41, "_step": 99, "_wandb": {"runtime": 42}}