{"train_acc": 1.0, "test_acc": 0.5793814432989691, "val_acc": 0.553972602739726, "loss": 0.17481723427772522, "_timestamp": 1648919214, "_runtime": 46, "_step": 99, "_wandb": {"runtime": 47}}