{"train_acc": 1.0, "test_acc": 0.8678466961674042, "val_acc": 0.8668108108108108, "loss": 1.2570699453353882, "_timestamp": 1648810814, "_runtime": 43, "_step": 249, "_wandb": {"runtime": 44}}