{"train_acc": 1.0, "test_acc": 0.6, "val_acc": 0.6227027027027027, "loss": 1.1515048742294312, "_timestamp": 1648809261, "_runtime": 31, "_step": 249, "_wandb": {"runtime": 31}}