{"train_acc": 1.0, "test_acc": 0.7521025004233223, "val_acc": 0.7631168831168831, "loss": 0.002046218141913414, "_timestamp": 1648865494, "_runtime": 46, "_step": 599, "_wandb": {"runtime": 47}}