{"train_acc": 0.9933333333333333, "test_acc": 0.625, "val_acc": 0.6427027027027027, "loss": 1.0836929082870483, "_timestamp": 1648875862, "_runtime": 116, "_step": 249, "_wandb": {"runtime": 117}}