{"train_acc": 1.0, "test_acc": 0.8780469511737794, "val_acc": 0.8804324324324324, "loss": 1.2460516691207886, "_timestamp": 1648817510, "_runtime": 70, "_step": 249, "_wandb": {"runtime": 70}}