{"train_acc": 1.0, "test_acc": 0.7264209516283795, "val_acc": 0.7158441558441558, "loss": 0.12476946413516998, "_timestamp": 1648865051, "_runtime": 51, "_step": 599, "_wandb": {"runtime": 52}}