{"train_acc": 1.0, "test_acc": 0.6, "val_acc": 0.6389189189189189, "loss": 1.0987244844436646, "_timestamp": 1648717743, "_runtime": 30, "_step": 246}