{"train_acc": 1.0, "test_acc": 0.5484536082474227, "val_acc": 0.549041095890411, "loss": 0.12017475813627243, "_timestamp": 1648866395, "_runtime": 16, "_step": 99, "_wandb": {"runtime": 17}}