{"train_acc": 0.16666666666666666, "test_acc": 0.06666666666666667, "val_acc": 0.04972972972972973, "loss": 1859.582275390625, "_timestamp": 1648910278, "_runtime": 17, "_step": 249, "_wandb": {"runtime": 18}}