{"train_acc": 1.0, "test_acc": 0.5752577319587628, "val_acc": 0.5342465753424658, "loss": 0.16071845591068268, "_timestamp": 1648862987, "_runtime": 17, "_step": 99, "_wandb": {"runtime": 18}}