{"train_acc": 0.9933333333333333, "test_acc": 0.675, "val_acc": 0.6297297297297297, "loss": 1.1659355163574219, "_timestamp": 1648908681, "_runtime": 16, "_step": 249, "_wandb": {"runtime": 16}}