{"train_acc": 1.0, "test_acc": 0.9084977124428111, "val_acc": 0.908972972972973, "loss": 1.3168494701385498, "_timestamp": 1648809056, "_runtime": 41, "_step": 249, "_wandb": {"runtime": 41}}