{"train_acc": 0.9933333333333333, "test_acc": 0.65, "val_acc": 0.6308108108108108, "loss": 1.0039225816726685, "_timestamp": 1648718827, "_runtime": 31, "_step": 249, "_wandb": {"runtime": 32}}