{"train_acc": 1.0, "test_acc": 0.8797719942998575, "val_acc": 0.8856216216216216, "loss": 1.2825595140457153, "_timestamp": 1648819556, "_runtime": 94, "_step": 249, "_wandb": {"runtime": 93}}