{"train_acc": 1.0, "test_acc": 0.5938144329896907, "val_acc": 0.5863013698630137, "loss": 0.17374187707901, "_timestamp": 1648804493, "_runtime": 15, "_step": 99, "_wandb": {"runtime": 16}}