{"train_acc": 1.0, "test_acc": 0.731895919173675, "val_acc": 0.7129287598944591, "loss": 0.13385049998760223, "_timestamp": 1648785674, "_runtime": 87, "_step": 599, "_wandb": {"runtime": 87}}