{"train_acc": 1.0, "test_acc": 0.5835051546391753, "val_acc": 0.5824657534246576, "loss": 0.17258375883102417, "_timestamp": 1648809696, "_runtime": 26, "_step": 99, "_wandb": {"runtime": 27}}