{"train_acc": 1.0, "test_acc": 0.5381443298969072, "val_acc": 0.5435616438356164, "loss": 0.1353691816329956, "_timestamp": 1648720510, "_runtime": 19, "_step": 99, "_wandb": {"runtime": 19}}