{"train_acc": 1.0, "test_acc": 0.6061855670103092, "val_acc": 0.5917808219178082, "loss": 0.11270701885223389, "_timestamp": 1648914123, "_runtime": 21, "_step": 99, "_wandb": {"runtime": 22}}