{"train_acc": 1.0, "test_acc": 0.6416666666666667, "val_acc": 0.6189189189189189, "loss": 1.083176612854004, "_timestamp": 1648874580, "_runtime": 110, "_step": 249, "_wandb": {"runtime": 111}}