{"train_acc": 1.0, "test_acc": 0.6, "val_acc": 0.6037837837837838, "loss": 1.12653386592865, "_timestamp": 1648718368, "_runtime": 55, "_step": 249, "_wandb": {"runtime": 56}}