{"train_acc": 1.0, "test_acc": 0.5916666666666667, "val_acc": 0.6210810810810811, "loss": 1.0794357061386108, "_timestamp": 1648803903, "_runtime": 17, "_step": 249, "_wandb": {"runtime": 18}}