{"train_acc": 0.9933333333333333, "test_acc": 0.6, "val_acc": 0.5778378378378378, "loss": 1.1436517238616943, "_timestamp": 1648916704, "_runtime": 36, "_step": 249, "_wandb": {"runtime": 37}}