{"train_acc": 1.0, "test_acc": 0.5278350515463918, "val_acc": 0.5172602739726028, "loss": 0.14878028631210327, "_timestamp": 1648916364, "_runtime": 28, "_step": 99, "_wandb": {"runtime": 29}}