{"train_acc": 0.3333333333333333, "test_acc": 0.40085793305864426, "val_acc": 0.38857142857142857, "loss": 0.3606477975845337, "_timestamp": 1648804729, "_runtime": 44, "_step": 599, "_wandb": {"runtime": 44}}