{"train_acc": 1.0, "test_acc": 0.6450866399503302, "val_acc": 0.6441558441558441, "loss": 0.09465587139129639, "_timestamp": 1648889213, "_runtime": 294, "_step": 599, "_wandb": {"runtime": 295}}