{"train_acc": 0.9866666666666667, "test_acc": 0.5916666666666667, "val_acc": 0.6297297297297297, "loss": 1.12796950340271, "_timestamp": 1648861492, "_runtime": 17, "_step": 249, "_wandb": {"runtime": 17}}