{"train_acc": 1.0, "test_acc": 0.6206185567010309, "val_acc": 0.5523287671232877, "loss": 0.14671684801578522, "_timestamp": 1648717491, "_runtime": 15, "_step": 99, "_wandb": {"runtime": 15}}