{"train_acc": 1.0, "test_acc": 0.5835051546391753, "val_acc": 0.5693150684931507, "loss": 0.12107880413532257, "_timestamp": 1648814472, "_runtime": 51, "_step": 99, "_wandb": {"runtime": 52}}