{"train_acc": 1.0, "test_acc": 0.6083333333333333, "val_acc": 0.6643243243243243, "loss": 1.0942524671554565, "_timestamp": 1648722604, "_runtime": 53, "_step": 249, "_wandb": {"runtime": 53}}