{"train_acc": 1.0, "test_acc": 0.8793969849246231, "val_acc": 0.8804324324324324, "loss": 1.3069753646850586, "_timestamp": 1648868371, "_runtime": 39, "_step": 249, "_wandb": {"runtime": 40}}