{"train_acc": 1.0, "test_acc": 0.7254049782694587, "val_acc": 0.7158441558441558, "loss": 0.1093008816242218, "_timestamp": 1648875295, "_runtime": 109, "_step": 599, "_wandb": {"runtime": 110}}