{"train_acc": 0.9933333333333333, "test_acc": 0.6333333333333333, "val_acc": 0.6145945945945946, "loss": 1.0423020124435425, "_timestamp": 1648917767, "_runtime": 56, "_step": 249, "_wandb": {"runtime": 57}}