{"train_acc": 1.0, "test_acc": 0.5525773195876289, "val_acc": 0.5578082191780822, "loss": 0.11307545006275177, "_timestamp": 1648808007, "_runtime": 16, "_step": 99, "_wandb": {"runtime": 17}}