{"train_acc": 0.9933333333333333, "test_acc": 0.5583333333333333, "val_acc": 0.632972972972973, "loss": 1.0188052654266357, "_timestamp": 1648861525, "_runtime": 22, "_step": 249, "_wandb": {"runtime": 23}}