{"train_acc": 1.0, "test_acc": 0.675, "val_acc": 0.6427027027027027, "loss": 1.0460288524627686, "_timestamp": 1648802584, "_runtime": 18, "_step": 249, "_wandb": {"runtime": 19}}