{"train_acc": 1.0, "test_acc": 0.7437489416944177, "val_acc": 0.7418181818181818, "loss": 0.014625679701566696, "_timestamp": 1648848993, "_runtime": 293, "_step": 599, "_wandb": {"runtime": 293}}