{"train_acc": 1.0, "test_acc": 0.5833333333333334, "val_acc": 0.6, "loss": 1.0119388103485107, "_timestamp": 1648862632, "_runtime": 20, "_step": 249, "_wandb": {"runtime": 21}}