{"train_acc": 1.0, "test_acc": 0.8783469586739668, "val_acc": 0.8832432432432432, "loss": 1.208232045173645, "_timestamp": 1648870355, "_runtime": 45, "_step": 249, "_wandb": {"runtime": 46}}