{"train_acc": 1.0, "test_acc": 0.7159225602528645, "val_acc": 0.7283116883116884, "loss": 0.10749983787536621, "_timestamp": 1648822623, "_runtime": 113, "_step": 599, "_wandb": {"runtime": 113}}