{"train_acc": 1.0, "test_acc": 0.71310041203364, "val_acc": 0.7057591623036649, "loss": 0.13063190877437592, "_timestamp": 1648782907, "_runtime": 56, "_step": 588}