{"train_acc": 1.0, "test_acc": 0.8828470711767794, "val_acc": 0.881945945945946, "loss": 1.3037431240081787, "_timestamp": 1648806915, "_runtime": 32, "_step": 249, "_wandb": {"runtime": 33}}