{"train_acc": 1.0, "test_acc": 0.5793814432989691, "val_acc": 0.5621917808219178, "loss": 0.15053211152553558, "_timestamp": 1648808864, "_runtime": 25, "_step": 99, "_wandb": {"runtime": 27}}