{"train_acc": 1.0, "test_acc": 0.8659716492912323, "val_acc": 0.8732972972972973, "loss": 1.2118172645568848, "_timestamp": 1648810319, "_runtime": 40, "_step": 249, "_wandb": {"runtime": 41}}