{"train_acc": 0.9933333333333333, "test_acc": 0.6166666666666667, "val_acc": 0.6643243243243243, "loss": 1.1482466459274292, "_timestamp": 1648876653, "_runtime": 124, "_step": 249, "_wandb": {"runtime": 125}}