{"train_acc": 1.0, "test_acc": 0.7061579274143478, "val_acc": 0.6981818181818182, "loss": 0.10786983370780945, "_timestamp": 1648811541, "_runtime": 57, "_step": 599, "_wandb": {"runtime": 57}}