{"train_acc": 1.0, "test_acc": 0.6333333333333333, "val_acc": 0.6389189189189189, "loss": 1.040974497795105, "_timestamp": 1648910759, "_runtime": 19, "_step": 249, "_wandb": {"runtime": 20}}