{"train_acc": 1.0, "test_acc": 0.889747243681092, "val_acc": 0.8921081081081081, "loss": 1.2889169454574585, "_timestamp": 1648724538, "_runtime": 38, "_step": 249, "_wandb": {"runtime": 38}}