{"train_acc": 1.0, "test_acc": 0.5835051546391753, "val_acc": 0.5430136986301369, "loss": 0.14564965665340424, "_timestamp": 1648804157, "_runtime": 15, "_step": 99, "_wandb": {"runtime": 16}}