{"train_acc": 0.9933333333333333, "test_acc": 0.5333333333333333, "val_acc": 0.6302702702702703, "loss": 1.0388681888580322, "_timestamp": 1648863955, "_runtime": 18, "_step": 249, "_wandb": {"runtime": 19}}