{"train_acc": 1.0, "test_acc": 0.9042226055651391, "val_acc": 0.9048648648648648, "loss": 1.3591899871826172, "_timestamp": 1648725722, "_runtime": 56, "_step": 249, "_wandb": {"runtime": 57}}