{"train_acc": 0.9933333333333333, "test_acc": 0.5916666666666667, "val_acc": 0.6362162162162163, "loss": 0.6219001412391663, "_timestamp": 1648801762, "_runtime": 20, "_step": 249, "_wandb": {"runtime": 21}}