{"train_acc": 0.9866666666666667, "test_acc": 0.6666666666666666, "val_acc": 0.6459459459459459, "loss": 1.129066824913025, "_timestamp": 1648913138, "_runtime": 21, "_step": 249, "_wandb": {"runtime": 22}}