{"train_acc": 1.0, "test_acc": 0.5731958762886598, "val_acc": 0.6010958904109589, "loss": 0.10330725461244583, "_timestamp": 1648811770, "_runtime": 34, "_step": 99, "_wandb": {"runtime": 36}}