{"train_acc": 0.14285714285714285, "test_acc": 0.12371134020618557, "val_acc": 0.14191780821917807, "loss": NaN, "_timestamp": 1648868605, "_runtime": 26, "_step": 99, "_wandb": {"runtime": 26}}