{"train_acc": 0.9933333333333333, "test_acc": 0.5833333333333334, "val_acc": 0.632972972972973, "loss": 1.0919054746627808, "_timestamp": 1648906953, "_runtime": 18, "_step": 249, "_wandb": {"runtime": 18}}