{"train_acc": 1.0, "test_acc": 0.7427894112998815, "val_acc": 0.7428571428571429, "loss": 0.10091020911931992, "_timestamp": 1648813202, "_runtime": 68, "_step": 599, "_wandb": {"runtime": 68}}