{"train_acc": 1.0, "test_acc": 0.8748968724218106, "val_acc": 0.8787027027027027, "loss": 1.2795912027359009, "_timestamp": 1648817815, "_runtime": 84, "_step": 249, "_wandb": {"runtime": 85}}