{"train_acc": 1.0, "test_acc": 0.5195876288659794, "val_acc": 0.555068493150685, "loss": 0.1551954746246338, "_timestamp": 1648807948, "_runtime": 19, "_step": 99, "_wandb": {"runtime": 17}}