{"train_acc": 1.0, "test_acc": 0.7246147767680758, "val_acc": 0.7163636363636363, "loss": 0.09511861950159073, "_timestamp": 1648814339, "_runtime": 64, "_step": 599, "_wandb": {"runtime": 64}}