{"train_acc": 1.0, "test_acc": 0.8849471236780919, "val_acc": 0.8886486486486487, "loss": 1.2540719509124756, "_timestamp": 1648863193, "_runtime": 26, "_step": 249, "_wandb": {"runtime": 27}}