{"train_acc": 1.0, "test_acc": 0.643298969072165, "val_acc": 0.6054794520547945, "loss": 0.13367857038974762, "_timestamp": 1648722585, "_runtime": 17, "_step": 99, "_wandb": {"runtime": 17}}