{"train_acc": 1.0, "test_acc": 0.8714467861696542, "val_acc": 0.8743783783783784, "loss": 1.2981879711151123, "_timestamp": 1648813713, "_runtime": 53, "_step": 249, "_wandb": {"runtime": 54}}