{"train_acc": 0.9933333333333333, "test_acc": 0.6333333333333333, "val_acc": 0.6189189189189189, "loss": 1.058279275894165, "_timestamp": 1648912182, "_runtime": 19, "_step": 249, "_wandb": {"runtime": 20}}