{"train_acc": 1.0, "test_acc": 0.9080477011925299, "val_acc": 0.9098378378378379, "loss": 1.3570564985275269, "_timestamp": 1648827375, "_runtime": 128, "_step": 249, "_wandb": {"runtime": 129}}