{"train_acc": 1.0, "test_acc": 0.7938144329896907, "val_acc": 0.7983561643835616, "loss": 0.16956354677677155, "_timestamp": 1648911932, "_runtime": 14, "_step": 99, "_wandb": {"runtime": 15}}