{"train_acc": 1.0, "test_acc": 0.7298969072164948, "val_acc": 0.7506849315068493, "loss": 0.05334455892443657, "_timestamp": 1648909630, "_runtime": 15, "_step": 99, "_wandb": {"runtime": 16}}