{"train_acc": 0.9933333333333333, "test_acc": 0.65, "val_acc": 0.6448648648648648, "loss": 1.0714621543884277, "_timestamp": 1648812469, "_runtime": 49, "_step": 249, "_wandb": {"runtime": 50}}