{"train_acc": 0.9828571428571429, "test_acc": 0.7876288659793814, "val_acc": 0.795068493150685, "loss": 0.19540677964687347, "_timestamp": 1648808704, "_runtime": 21, "_step": 99, "_wandb": {"runtime": 21}}