{"train_acc": 0.15466666666666667, "test_acc": 0.08317707942698567, "val_acc": 0.07978378378378378, "loss": 131.1054229736328, "_timestamp": 1648801888, "_runtime": 32, "_step": 249, "_wandb": {"runtime": 33}}