{"train_acc": 1.0, "test_acc": 0.675, "val_acc": 0.5913513513513513, "loss": 1.0834872722625732, "_timestamp": 1648870523, "_runtime": 58, "_step": 249, "_wandb": {"runtime": 60}}