{"train_acc": 1.0, "test_acc": 0.9036225905647641, "val_acc": 0.9033513513513514, "loss": 1.3959565162658691, "_timestamp": 1648817320, "_runtime": 69, "_step": 249, "_wandb": {"runtime": 70}}