{"train_acc": 1.0, "test_acc": 0.5583333333333333, "val_acc": 0.6216216216216216, "loss": 1.0897548198699951, "_timestamp": 1648911319, "_runtime": 19, "_step": 249, "_wandb": {"runtime": 20}}