{"train_acc": 1.0, "test_acc": 0.5608247422680412, "val_acc": 0.564931506849315, "loss": 0.17245632410049438, "_timestamp": 1648907677, "_runtime": 14, "_step": 99, "_wandb": {"runtime": 15}}