{"train_acc": 1.0, "test_acc": 0.8892222305557639, "val_acc": 0.8886486486486487, "loss": 1.3661547899246216, "_timestamp": 1648812715, "_runtime": 55, "_step": 249, "_wandb": {"runtime": 55}}