{"train_acc": 1.0, "test_acc": 0.5979381443298969, "val_acc": 0.5704109589041096, "loss": 0.13524290919303894, "_timestamp": 1648721362, "_runtime": 31, "_step": 99, "_wandb": {"runtime": 32}}