{"train_acc": 1.0, "test_acc": 0.5666666666666667, "val_acc": 0.6383783783783784, "loss": 1.0661015510559082, "_timestamp": 1648924675, "_runtime": 89, "_step": 249, "_wandb": {"runtime": 90}}