{"train_acc": 1.0, "test_acc": 0.6583333333333333, "val_acc": 0.6351351351351351, "loss": 1.0970711708068848, "_timestamp": 1648916751, "_runtime": 35, "_step": 249, "_wandb": {"runtime": 36}}