{"train_acc": 1.0, "test_acc": 0.9165229130728269, "val_acc": 0.918918918918919, "loss": 1.2875624895095825, "_timestamp": 1648809551, "_runtime": 32, "_step": 249, "_wandb": {"runtime": 33}}