{"train_acc": 1.0, "test_acc": 0.7734379409606592, "val_acc": 0.7709090909090909, "loss": 0.0020728467497974634, "_timestamp": 1648802502, "_runtime": 39, "_step": 599, "_wandb": {"runtime": 40}}