{"train_acc": 1.0, "test_acc": 0.5752577319587628, "val_acc": 0.5786301369863014, "loss": 0.1198129951953888, "_timestamp": 1648801635, "_runtime": 14, "_step": 99, "_wandb": {"runtime": 15}}