{"train_acc": 1.0, "test_acc": 0.8870471761794045, "val_acc": 0.8884324324324324, "loss": 1.279106616973877, "_timestamp": 1648817718, "_runtime": 82, "_step": 249, "_wandb": {"runtime": 83}}