{"train_acc": 1.0, "test_acc": 0.8797719942998575, "val_acc": 0.8834594594594595, "loss": 1.270003080368042, "_timestamp": 1648807806, "_runtime": 40, "_step": 249, "_wandb": {"runtime": 40}}