{"train_acc": 0.96, "test_acc": 0.675, "val_acc": 0.6994594594594594, "loss": 0.843152642250061, "_timestamp": 1648911810, "_runtime": 19, "_step": 249, "_wandb": {"runtime": 19}}