{"train_acc": 1.0, "test_acc": 0.5154639175257731, "val_acc": 0.5928767123287672, "loss": 0.14693331718444824, "_timestamp": 1648720335, "_runtime": 28, "_step": 99, "_wandb": {"runtime": 29}}