{"train_acc": 0.3333333333333333, "test_acc": 0.20872608229384207, "val_acc": 0.1974025974025974, "loss": NaN, "_timestamp": 1648833866, "_runtime": 157, "_step": 599, "_wandb": {"runtime": 158}}