{"train_acc": 1.0, "test_acc": 0.5463917525773195, "val_acc": 0.572054794520548, "loss": 0.1436205953359604, "_timestamp": 1648907499, "_runtime": 12, "_step": 99, "_wandb": {"runtime": 13}}