{"train_acc": 1.0, "test_acc": 0.5649484536082474, "val_acc": 0.6087671232876712, "loss": 0.11933163553476334, "_timestamp": 1648908078, "_runtime": 13, "_step": 99, "_wandb": {"runtime": 15}}