{"train_acc": 0.98, "test_acc": 0.6583333333333333, "val_acc": 0.6254054054054055, "loss": 1.0651553869247437, "_timestamp": 1648805821, "_runtime": 18, "_step": 249, "_wandb": {"runtime": 19}}