{"train_acc": 1.0, "test_acc": 0.8944723618090452, "val_acc": 0.9022702702702703, "loss": 1.2660913467407227, "_timestamp": 1648810611, "_runtime": 40, "_step": 249, "_wandb": {"runtime": 41}}