{"train_acc": 0.9933333333333333, "test_acc": 0.5916666666666667, "val_acc": 0.6091891891891892, "loss": 1.1249498128890991, "_timestamp": 1648866817, "_runtime": 23, "_step": 249, "_wandb": {"runtime": 23}}