{"train_acc": 1.0, "test_acc": 0.88307207680192, "val_acc": 0.8823783783783784, "loss": 1.3507981300354004, "_timestamp": 1648807850, "_runtime": 33, "_step": 249, "_wandb": {"runtime": 34}}