{"train_acc": 0.9866666666666667, "test_acc": 0.6333333333333333, "val_acc": 0.6297297297297297, "loss": 1.0632752180099487, "_timestamp": 1648718259, "_runtime": 26, "_step": 249, "_wandb": {"runtime": 27}}