{"train_acc": 1.0, "test_acc": 0.625, "val_acc": 0.6351351351351351, "loss": 1.0411529541015625, "_timestamp": 1648918362, "_runtime": 56, "_step": 249, "_wandb": {"runtime": 56}}