{"train_acc": 0.14285714285714285, "test_acc": 0.10103092783505155, "val_acc": 0.14794520547945206, "loss": NaN, "_timestamp": 1648911497, "_runtime": 15, "_step": 99, "_wandb": {"runtime": 16}}