{"train_acc": 1.0, "test_acc": 0.8856971424285607, "val_acc": 0.8918918918918919, "loss": 1.2722755670547485, "_timestamp": 1648867920, "_runtime": 42, "_step": 249, "_wandb": {"runtime": 42}}