{"train_acc": 0.9933333333333333, "test_acc": 0.6833333333333333, "val_acc": 0.6183783783783784, "loss": 1.1383271217346191, "_timestamp": 1648908290, "_runtime": 17, "_step": 249, "_wandb": {"runtime": 18}}