{"train_acc": 1.0, "test_acc": 0.8739218480462011, "val_acc": 0.8789189189189189, "loss": 1.2773202657699585, "_timestamp": 1648720384, "_runtime": 42, "_step": 249, "_wandb": {"runtime": 43}}