{"train_acc": 1.0, "test_acc": 0.6882655077044646, "val_acc": 0.6841558441558442, "loss": 0.1117914468050003, "_timestamp": 1648867377, "_runtime": 50, "_step": 599, "_wandb": {"runtime": 51}}