{"train_acc": 1.0, "test_acc": 0.798555060111757, "val_acc": 0.7974025974025974, "loss": 0.007843990810215473, "_timestamp": 1648807171, "_runtime": 45, "_step": 599, "_wandb": {"runtime": 45}}