{"train_acc": 1.0, "test_acc": 0.5505154639175258, "val_acc": 0.566027397260274, "loss": 0.16362108290195465, "_timestamp": 1648804063, "_runtime": 14, "_step": 99, "_wandb": {"runtime": 16}}