{"train_acc": 1.0, "test_acc": 0.6416666666666667, "val_acc": 0.6205405405405405, "loss": 1.0804080963134766, "_timestamp": 1648907469, "_runtime": 18, "_step": 249, "_wandb": {"runtime": 19}}