{"train_acc": 1.0, "test_acc": 0.6983687983292882, "val_acc": 0.7033766233766233, "loss": 0.08241300284862518, "_timestamp": 1648871976, "_runtime": 102, "_step": 599, "_wandb": {"runtime": 103}}