{"train_acc": 1.0, "test_acc": 0.6333333333333333, "val_acc": 0.6470270270270271, "loss": 1.0248242616653442, "_timestamp": 1648717666, "_runtime": 23, "_step": 249, "_wandb": {"runtime": 24}}