{"train_acc": 1.0, "test_acc": 0.740080149009426, "val_acc": 0.7433766233766234, "loss": 0.07555456459522247, "_timestamp": 1648822209, "_runtime": 140, "_step": 599, "_wandb": {"runtime": 140}}