{"train_acc": 1.0, "test_acc": 0.8744468611715293, "val_acc": 0.873945945945946, "loss": 1.3419169187545776, "_timestamp": 1648801762, "_runtime": 30, "_step": 249, "_wandb": {"runtime": 30}}