{"train_acc": 1.0, "test_acc": 0.8908722718067952, "val_acc": 0.8903783783783784, "loss": 1.2889446020126343, "_timestamp": 1648811408, "_runtime": 39, "_step": 249, "_wandb": {"runtime": 40}}