{"train_acc": 1.0, "test_acc": 0.7015860472992042, "val_acc": 0.7012987012987013, "loss": 0.10088080912828445, "_timestamp": 1648861968, "_runtime": 39, "_step": 599, "_wandb": {"runtime": 39}}