{"train_acc": 1.0, "test_acc": 0.5916666666666667, "val_acc": 0.6205405405405405, "loss": 1.1133451461791992, "_timestamp": 1648806252, "_runtime": 29, "_step": 249, "_wandb": {"runtime": 30}}