{"train_acc": 1.0, "test_acc": 0.6333333333333333, "val_acc": 0.6302702702702703, "loss": 1.125107765197754, "_timestamp": 1648909873, "_runtime": 18, "_step": 249, "_wandb": {"runtime": 20}}