{"train_acc": 0.9933333333333333, "test_acc": 0.6333333333333333, "val_acc": 0.6324324324324324, "loss": 1.0870853662490845, "_timestamp": 1648807341, "_runtime": 26, "_step": 249, "_wandb": {"runtime": 27}}