{"train_acc": 1.0, "test_acc": 0.5416666666666666, "val_acc": 0.6281081081081081, "loss": 1.1073682308197021, "_timestamp": 1648807124, "_runtime": 22, "_step": 249, "_wandb": {"runtime": 22}}