{"train_acc": 1.0, "test_acc": 0.6900152396003838, "val_acc": 0.7118733509234828, "loss": 0.12001720815896988, "_timestamp": 1648786829, "_runtime": 45, "_step": 599, "_wandb": {"runtime": 45}}