{"train_acc": 1.0, "test_acc": 0.8888472211805295, "val_acc": 0.8994594594594595, "loss": 1.2677615880966187, "_timestamp": 1648805659, "_runtime": 30, "_step": 249, "_wandb": {"runtime": 32}}