{"train_acc": 0.3333333333333333, "test_acc": 0.20731500818422985, "val_acc": 0.21038961038961038, "loss": NaN, "_timestamp": 1648851418, "_runtime": 288, "_step": 599, "_wandb": {"runtime": 288}}