{"train_acc": 1.0, "test_acc": 0.6391752577319587, "val_acc": 0.5983561643835617, "loss": 0.15042196214199066, "_timestamp": 1648920217, "_runtime": 46, "_step": 99, "_wandb": {"runtime": 46}}