{"train_acc": 1.0, "test_acc": 0.5484536082474227, "val_acc": 0.5665753424657535, "loss": 0.12778900563716888, "_timestamp": 1648911056, "_runtime": 15, "_step": 99, "_wandb": {"runtime": 16}}