{"train_acc": 1.0, "test_acc": 0.5938144329896907, "val_acc": 0.5786301369863014, "loss": 0.15668077766895294, "_timestamp": 1648860684, "_runtime": 15, "_step": 99, "_wandb": {"runtime": 15}}