{"train_acc": 1.0, "test_acc": 0.7175029632556302, "val_acc": 0.7038961038961039, "loss": 0.1285654902458191, "_timestamp": 1648806872, "_runtime": 47, "_step": 599, "_wandb": {"runtime": 48}}