{"train_acc": 0.9866666666666667, "test_acc": 0.5916666666666667, "val_acc": 0.6237837837837837, "loss": 1.1127831935882568, "_timestamp": 1648874687, "_runtime": 94, "_step": 249, "_wandb": {"runtime": 95}}