{"train_acc": 0.9866666666666667, "test_acc": 0.5916666666666667, "val_acc": 0.5821621621621622, "loss": 1.0210261344909668, "_timestamp": 1648909600, "_runtime": 18, "_step": 249, "_wandb": {"runtime": 20}}