{"train_acc": 0.9933333333333333, "test_acc": 0.5916666666666667, "val_acc": 0.6248648648648648, "loss": 1.127885341644287, "_timestamp": 1648909300, "_runtime": 19, "_step": 249, "_wandb": {"runtime": 20}}