{"train_acc": 1.0, "test_acc": 0.7343794096065925, "val_acc": 0.7376623376623377, "loss": 0.027984438464045525, "_timestamp": 1648802397, "_runtime": 43, "_step": 599, "_wandb": {"runtime": 43}}