{"train_acc": 1.0, "test_acc": 0.6, "val_acc": 0.6356756756756756, "loss": 1.0387001037597656, "_timestamp": 1648722540, "_runtime": 34, "_step": 249, "_wandb": {"runtime": 35}}