{"train_acc": 1.0, "test_acc": 0.8823220580514513, "val_acc": 0.8854054054054054, "loss": 1.2977313995361328, "_timestamp": 1648806117, "_runtime": 30, "_step": 249, "_wandb": {"runtime": 32}}