{"train_acc": 1.0, "test_acc": 0.6956030930744482, "val_acc": 0.694025974025974, "loss": 0.09696982800960541, "_timestamp": 1648802834, "_runtime": 36, "_step": 599, "_wandb": {"runtime": 36}}