{"train_acc": 1.0, "test_acc": 0.5938144329896907, "val_acc": 0.5693150684931507, "loss": 0.14679154753684998, "_timestamp": 1648718897, "_runtime": 12, "_step": 99, "_wandb": {"runtime": 13}}