{"train_acc": 1.0, "test_acc": 0.7146243720720212, "val_acc": 0.7007792207792207, "loss": 0.09606997668743134, "_timestamp": 1648838253, "_runtime": 293, "_step": 599, "_wandb": {"runtime": 294}}