{"train_acc": 1.0, "test_acc": 0.5463917525773195, "val_acc": 0.5567123287671233, "loss": 0.12160101532936096, "_timestamp": 1648811197, "_runtime": 34, "_step": 99, "_wandb": {"runtime": 35}}