{"train_acc": 0.9933333333333333, "test_acc": 0.6916666666666667, "val_acc": 0.6459459459459459, "loss": 1.1706069707870483, "_timestamp": 1648863470, "_runtime": 19, "_step": 249, "_wandb": {"runtime": 19}}