{"train_acc": 1.0, "test_acc": 0.8707717692942324, "val_acc": 0.8767567567567568, "loss": 1.4672620296478271, "_timestamp": 1648808613, "_runtime": 32, "_step": 249, "_wandb": {"runtime": 33}}