{"train_acc": 1.0, "test_acc": 0.5752577319587628, "val_acc": 0.5463013698630137, "loss": 0.11106782406568527, "_timestamp": 1648805574, "_runtime": 25, "_step": 99, "_wandb": {"runtime": 25}}