{"train_acc": 1.0, "test_acc": 0.7280577975955297, "val_acc": 0.730909090909091, "loss": 0.10046640038490295, "_timestamp": 1648877280, "_runtime": 201, "_step": 599, "_wandb": {"runtime": 203}}