{"train_acc": 0.9933333333333333, "test_acc": 0.65, "val_acc": 0.632972972972973, "loss": 1.0439528226852417, "_timestamp": 1648913234, "_runtime": 20, "_step": 249, "_wandb": {"runtime": 21}}