{"train_acc": 1.0, "test_acc": 0.7476435062369475, "val_acc": 0.7488126649076517, "loss": 0.12041295319795609, "_timestamp": 1648789535, "_runtime": 541, "_step": 599, "_wandb": {"runtime": 541}}