{"train_acc": 1.0, "test_acc": 0.6467799288818649, "val_acc": 0.6675324675324675, "loss": 0.10763886570930481, "_timestamp": 1648869111, "_runtime": 57, "_step": 599, "_wandb": {"runtime": 58}}