{"train_acc": 1.0, "test_acc": 0.6780493311508721, "val_acc": 0.6737662337662338, "loss": 0.12032105773687363, "_timestamp": 1648809455, "_runtime": 56, "_step": 599, "_wandb": {"runtime": 57}}