{"train_acc": 0.9933333333333333, "test_acc": 0.5833333333333334, "val_acc": 0.5891891891891892, "loss": 1.112054705619812, "_timestamp": 1648804759, "_runtime": 19, "_step": 249, "_wandb": {"runtime": 20}}