{"train_acc": 1.0, "test_acc": 0.8862221555538888, "val_acc": 0.8877837837837838, "loss": 1.2290258407592773, "_timestamp": 1648817623, "_runtime": 98, "_step": 249, "_wandb": {"runtime": 99}}