{"train_acc": 0.9933333333333333, "test_acc": 0.65, "val_acc": 0.6335135135135135, "loss": 1.084038257598877, "_timestamp": 1648723165, "_runtime": 68, "_step": 249, "_wandb": {"runtime": 68}}