{"train_acc": 1.0, "test_acc": 0.9016725418135454, "val_acc": 0.9057297297297298, "loss": 1.3194478750228882, "_timestamp": 1648880454, "_runtime": 146, "_step": 249, "_wandb": {"runtime": 147}}