{"train_acc": 1.0, "test_acc": 0.8841221030525763, "val_acc": 0.8908108108108108, "loss": 1.2412843704223633, "_timestamp": 1648802896, "_runtime": 29, "_step": 249, "_wandb": {"runtime": 30}}