{"train_acc": 1.0, "test_acc": 0.5916666666666667, "val_acc": 0.6091891891891892, "loss": 1.1295753717422485, "_timestamp": 1648910368, "_runtime": 18, "_step": 249, "_wandb": {"runtime": 18}}