{"train_acc": 1.0, "test_acc": 0.7570130383247728, "val_acc": 0.7651948051948052, "loss": 0.007569156587123871, "_timestamp": 1648803445, "_runtime": 42, "_step": 599, "_wandb": {"runtime": 42}}