{"train_acc": 0.9933333333333333, "test_acc": 0.6166666666666667, "val_acc": 0.6254054054054055, "loss": 1.0745415687561035, "_timestamp": 1648912823, "_runtime": 22, "_step": 249, "_wandb": {"runtime": 22}}