{"train_acc": 1.0, "test_acc": 0.871596789919748, "val_acc": 0.8732972972972973, "loss": 1.3065897226333618, "_timestamp": 1648802568, "_runtime": 28, "_step": 249, "_wandb": {"runtime": 29}}