{"train_acc": 1.0, "test_acc": 0.7106169216007224, "val_acc": 0.6955844155844156, "loss": 0.12493059784173965, "_timestamp": 1648866919, "_runtime": 48, "_step": 599, "_wandb": {"runtime": 48}}