{"train_acc": 1.0, "test_acc": 0.6416666666666667, "val_acc": 0.652972972972973, "loss": 1.0394994020462036, "_timestamp": 1648814683, "_runtime": 72, "_step": 249, "_wandb": {"runtime": 73}}