{"train_acc": 0.9933333333333333, "test_acc": 0.6, "val_acc": 0.6551351351351351, "loss": 1.0479637384414673, "_timestamp": 1648808671, "_runtime": 26, "_step": 249, "_wandb": {"runtime": 27}}