{"train_acc": 1.0, "test_acc": 0.8946973674341858, "val_acc": 0.8994594594594595, "loss": 1.270810842514038, "_timestamp": 1648725523, "_runtime": 31, "_step": 249, "_wandb": {"runtime": 32}}