{"train_acc": 0.9866666666666667, "test_acc": 0.7, "val_acc": 0.6232432432432432, "loss": 1.2040526866912842, "_timestamp": 1648927028, "_runtime": 91, "_step": 249, "_wandb": {"runtime": 91}}