{"train_acc": 1.0, "test_acc": 0.5979381443298969, "val_acc": 0.570958904109589, "loss": 0.10041811317205429, "_timestamp": 1648862145, "_runtime": 14, "_step": 99, "_wandb": {"runtime": 15}}