{"train_acc": 0.96, "test_acc": 0.7333333333333333, "val_acc": 0.7135135135135136, "loss": 0.8422832489013672, "_timestamp": 1648806874, "_runtime": 29, "_step": 249, "_wandb": {"runtime": 30}}