{"train_acc": 1.0, "test_acc": 0.7542473330699329, "val_acc": 0.7501298701298701, "loss": 0.05481049045920372, "_timestamp": 1648892258, "_runtime": 293, "_step": 599, "_wandb": {"runtime": 294}}