{"train_acc": 1.0, "test_acc": 0.625, "val_acc": 0.6151351351351352, "loss": 1.143244743347168, "_timestamp": 1648909540, "_runtime": 18, "_step": 249, "_wandb": {"runtime": 18}}