{"train_acc": 1.0, "test_acc": 0.6583333333333333, "val_acc": 0.6567567567567567, "loss": 1.1293851137161255, "_timestamp": 1648721510, "_runtime": 53, "_step": 249, "_wandb": {"runtime": 54}}