{"train_acc": 1.0, "test_acc": 0.5422680412371134, "val_acc": 0.5671232876712329, "loss": 0.14632843434810638, "_timestamp": 1648807611, "_runtime": 17, "_step": 99, "_wandb": {"runtime": 18}}