{"train_acc": 1.0, "test_acc": 0.5690721649484536, "val_acc": 0.5457534246575343, "loss": 0.11625935882329941, "_timestamp": 1648802338, "_runtime": 17, "_step": 99, "_wandb": {"runtime": 17}}