{"train_acc": 1.0, "test_acc": 0.8693467336683417, "val_acc": 0.873945945945946, "loss": 1.1881746053695679, "_timestamp": 1648720287, "_runtime": 28, "_step": 249, "_wandb": {"runtime": 29}}