{"train_acc": 1.0, "test_acc": 0.6166666666666667, "val_acc": 0.6210810810810811, "loss": 1.078088641166687, "_timestamp": 1648909904, "_runtime": 19, "_step": 249, "_wandb": {"runtime": 20}}