{"train_acc": 1.0, "test_acc": 0.8753468836720918, "val_acc": 0.8696216216216216, "loss": 1.2830990552902222, "_timestamp": 1648866753, "_runtime": 31, "_step": 249, "_wandb": {"runtime": 32}}