{"train_acc": 1.0, "test_acc": 0.5237113402061856, "val_acc": 0.5643835616438356, "loss": 0.1209104135632515, "_timestamp": 1648801449, "_runtime": 13, "_step": 99, "_wandb": {"runtime": 14}}