{"train_acc": 1.0, "test_acc": 0.881272031800795, "val_acc": 0.886054054054054, "loss": 1.2847075462341309, "_timestamp": 1648865789, "_runtime": 38, "_step": 249, "_wandb": {"runtime": 39}}