{"train_acc": 1.0, "test_acc": 0.6931760456059152, "val_acc": 0.7012987012987013, "loss": 0.11861811578273773, "_timestamp": 1648817793, "_runtime": 133, "_step": 599, "_wandb": {"runtime": 135}}