{"train_acc": 1.0, "test_acc": 0.5443298969072164, "val_acc": 0.5726027397260274, "loss": 0.15072821080684662, "_timestamp": 1648863713, "_runtime": 14, "_step": 99, "_wandb": {"runtime": 15}}