{"train_acc": 1.0, "test_acc": 0.4287972004289665, "val_acc": 0.42753246753246754, "loss": 0.0008809063583612442, "_timestamp": 1648804079, "_runtime": 38, "_step": 599, "_wandb": {"runtime": 39}}