{"train_acc": 1.0, "test_acc": 0.870396759918998, "val_acc": 0.8763243243243243, "loss": 1.1682337522506714, "_timestamp": 1648806433, "_runtime": 30, "_step": 249, "_wandb": {"runtime": 31}}