{"train_acc": 0.98, "test_acc": 0.8083333333333333, "val_acc": 0.7313513513513513, "loss": 0.6761330962181091, "_timestamp": 1648910547, "_runtime": 19, "_step": 249, "_wandb": {"runtime": 20}}