{"train_acc": 1.0, "test_acc": 0.5938144329896907, "val_acc": 0.5994520547945206, "loss": 0.14091013371944427, "_timestamp": 1648720633, "_runtime": 24, "_step": 99, "_wandb": {"runtime": 25}}