{"train_acc": 1.0, "test_acc": 0.7513122989219394, "val_acc": 0.7424802110817942, "loss": 0.015658695250749588, "_timestamp": 1648792649, "_runtime": 75, "_step": 599, "_wandb": {"runtime": 76}}