{"train_acc": 0.896, "test_acc": 0.8461711542788569, "val_acc": 0.8298378378378378, "loss": 1.9617961645126343, "_timestamp": 1648826500, "_runtime": 129, "_step": 249, "_wandb": {"runtime": 129}}