{"train_acc": 1.0, "test_acc": 0.7947733814979963, "val_acc": 0.7952506596306068, "loss": 0.002403705380856991, "_timestamp": 1648793128, "_runtime": 294, "_step": 599, "_wandb": {"runtime": 295}}