{"train_acc": 0.16666666666666666, "test_acc": 0.08333333333333333, "val_acc": 0.14540540540540542, "loss": 1125504434307072.0, "_timestamp": 1648910881, "_runtime": 19, "_step": 249, "_wandb": {"runtime": 20}}