{"train_acc": 1.0, "test_acc": 0.7252920923406897, "val_acc": 0.7298701298701299, "loss": 0.07264439761638641, "_timestamp": 1648814511, "_runtime": 58, "_step": 599, "_wandb": {"runtime": 58}}