{"train_acc": 1.0, "test_acc": 0.5814432989690722, "val_acc": 0.5704109589041096, "loss": 0.1450205296278, "_timestamp": 1648919658, "_runtime": 42, "_step": 99, "_wandb": {"runtime": 42}}