{"train_acc": 1.0, "test_acc": 0.5793814432989691, "val_acc": 0.5693150684931507, "loss": 0.14616121351718903, "_timestamp": 1648813260, "_runtime": 40, "_step": 99, "_wandb": {"runtime": 41}}