{"train_acc": 1.0, "test_acc": 0.7002878591183609, "val_acc": 0.7054545454545454, "loss": 0.10138518363237381, "_timestamp": 1648820718, "_runtime": 133, "_step": 599, "_wandb": {"runtime": 134}}