{"train_acc": 0.14285714285714285, "test_acc": 0.16288659793814433, "val_acc": 0.13172043010752688, "loss": NaN, "_timestamp": 1648530743, "_runtime": 85, "_step": 299, "_wandb": {"runtime": 84}}