{"train_acc": 0.9942857142857143, "test_acc": 0.6762886597938145, "val_acc": 0.6706849315068493, "loss": 0.09868600964546204, "_timestamp": 1648802693, "_runtime": 18, "_step": 99, "_wandb": {"runtime": 19}}