{"train_acc": 1.0, "test_acc": 0.6961675227182932, "val_acc": 0.7007792207792207, "loss": 0.10179559141397476, "_timestamp": 1648860810, "_runtime": 38, "_step": 599, "_wandb": {"runtime": 38}}