{"train_acc": 1.0, "test_acc": 0.5731958762886598, "val_acc": 0.5868493150684931, "loss": 0.1448003500699997, "_timestamp": 1648815849, "_runtime": 49, "_step": 99, "_wandb": {"runtime": 50}}