{"train_acc": 1.0, "test_acc": 0.6391752577319587, "val_acc": 0.6158904109589041, "loss": 0.15198029577732086, "_timestamp": 1648808316, "_runtime": 16, "_step": 99, "_wandb": {"runtime": 16}}