{"train_acc": 1.0, "test_acc": 0.625, "val_acc": 0.6913513513513514, "loss": 1.0664958953857422, "_timestamp": 1648804525, "_runtime": 18, "_step": 249, "_wandb": {"runtime": 18}}