{"train_acc": 1.0, "test_acc": 0.7760343173223457, "val_acc": 0.7646753246753247, "loss": 0.0006411559297703207, "_timestamp": 1648852027, "_runtime": 293, "_step": 599, "_wandb": {"runtime": 293}}