{"train_acc": 1.0, "test_acc": 0.6, "val_acc": 0.6308108108108108, "loss": 1.0502294301986694, "_timestamp": 1648922725, "_runtime": 92, "_step": 249, "_wandb": {"runtime": 93}}