{"train_acc": 1.0, "test_acc": 0.5463917525773195, "val_acc": 0.5161643835616438, "loss": 0.15015006065368652, "_timestamp": 1648914608, "_runtime": 20, "_step": 99, "_wandb": {"runtime": 22}}