{"train_acc": 1.0, "test_acc": 0.7058192696280409, "val_acc": 0.692987012987013, "loss": 0.13963346183300018, "_timestamp": 1648847772, "_runtime": 294, "_step": 599, "_wandb": {"runtime": 295}}