{"train_acc": 1.0, "test_acc": 0.8878721968049201, "val_acc": 0.888, "loss": 1.390141248703003, "_timestamp": 1648863827, "_runtime": 33, "_step": 249, "_wandb": {"runtime": 33}}