{"train_acc": 0.8533333333333334, "test_acc": 0.6938533611785291, "val_acc": 0.6981818181818182, "loss": 1.0729819536209106, "_timestamp": 1648810472, "_runtime": 58, "_step": 599, "_wandb": {"runtime": 58}}