{"train_acc": 1.0, "test_acc": 0.5416666666666666, "val_acc": 0.6421621621621622, "loss": 0.9981895685195923, "_timestamp": 1648908739, "_runtime": 17, "_step": 249, "_wandb": {"runtime": 18}}