{"train_acc": 1.0, "test_acc": 0.8765469136728419, "val_acc": 0.8778378378378379, "loss": 1.2399193048477173, "_timestamp": 1648865486, "_runtime": 36, "_step": 249, "_wandb": {"runtime": 37}}