{"train_acc": 1.0, "test_acc": 0.6666666666666666, "val_acc": 0.6297297297297297, "loss": 1.0574442148208618, "_timestamp": 1648811753, "_runtime": 48, "_step": 249, "_wandb": {"runtime": 49}}