{"train_acc": 1.0, "test_acc": 0.6288659793814433, "val_acc": 0.6246575342465753, "loss": 0.13767297565937042, "_timestamp": 1648723535, "_runtime": 16, "_step": 99, "_wandb": {"runtime": 17}}