{"train_acc": 1.0, "test_acc": 0.5752577319587628, "val_acc": 0.570958904109589, "loss": 0.13159334659576416, "_timestamp": 1648721012, "_runtime": 29, "_step": 99, "_wandb": {"runtime": 30}}