{"train_acc": 1.0, "test_acc": 0.675, "val_acc": 0.6513513513513514, "loss": 1.1101500988006592, "_timestamp": 1648721295, "_runtime": 24, "_step": 249, "_wandb": {"runtime": 25}}