{"train_acc": 1.0, "test_acc": 0.8872721818045451, "val_acc": 0.8923243243243243, "loss": 1.3078314065933228, "_timestamp": 1648723879, "_runtime": 33, "_step": 249, "_wandb": {"runtime": 34}}