{"train_acc": 1.0, "test_acc": 0.8754968874221856, "val_acc": 0.8737297297297297, "loss": 1.2051753997802734, "_timestamp": 1648875364, "_runtime": 81, "_step": 249, "_wandb": {"runtime": 82}}