{"train_acc": 1.0, "test_acc": 0.6954337641812948, "val_acc": 0.6971428571428572, "loss": 0.10041139274835587, "_timestamp": 1648806086, "_runtime": 45, "_step": 599, "_wandb": {"runtime": 46}}