{"train_acc": 1.0, "test_acc": 0.9063226580664516, "val_acc": 0.910054054054054, "loss": 1.2723580598831177, "_timestamp": 1648815989, "_runtime": 61, "_step": 249, "_wandb": {"runtime": 62}}