{"train_acc": 0.9866666666666667, "test_acc": 0.6416666666666667, "val_acc": 0.6356756756756756, "loss": 1.1195911169052124, "_timestamp": 1648803763, "_runtime": 17, "_step": 249, "_wandb": {"runtime": 17}}