{"train_acc": 0.9933333333333333, "test_acc": 0.625, "val_acc": 0.6102702702702703, "loss": 1.0963897705078125, "_timestamp": 1648912275, "_runtime": 19, "_step": 249, "_wandb": {"runtime": 20}}