{"train_acc": 1.0, "test_acc": 0.7874922390923972, "val_acc": 0.7844155844155845, "loss": 0.05194760486483574, "_timestamp": 1648807697, "_runtime": 50, "_step": 599, "_wandb": {"runtime": 51}}