{"train_acc": 1.0, "test_acc": 0.5876288659793815, "val_acc": 0.6, "loss": 0.14980676770210266, "_timestamp": 1648867912, "_runtime": 31, "_step": 99, "_wandb": {"runtime": 32}}