{"train_acc": 1.0, "test_acc": 0.7363549133600497, "val_acc": 0.7397402597402597, "loss": 0.13716624677181244, "_timestamp": 1648808924, "_runtime": 56, "_step": 599, "_wandb": {"runtime": 56}}