{"train_acc": 1.0, "test_acc": 0.5731958762886598, "val_acc": 0.56, "loss": 0.15852585434913635, "_timestamp": 1648720860, "_runtime": 14, "_step": 99, "_wandb": {"runtime": 15}}