{"train_acc": 1.0, "test_acc": 0.643298969072165, "val_acc": 0.6372602739726028, "loss": 0.11165941506624222, "_timestamp": 1648911827, "_runtime": 15, "_step": 99, "_wandb": {"runtime": 15}}