{"train_acc": 0.9933333333333333, "test_acc": 0.6666666666666666, "val_acc": 0.6356756756756756, "loss": 1.0183587074279785, "_timestamp": 1648819448, "_runtime": 130, "_step": 249, "_wandb": {"runtime": 131}}