{"train_acc": 1.0, "test_acc": 0.6206185567010309, "val_acc": 0.5901369863013699, "loss": 0.13130514323711395, "_timestamp": 1648911596, "_runtime": 13, "_step": 99, "_wandb": {"runtime": 13}}