{"train_acc": 1.0, "test_acc": 0.8859221480537014, "val_acc": 0.8942702702702703, "loss": 1.2659674882888794, "_timestamp": 1648808570, "_runtime": 33, "_step": 249, "_wandb": {"runtime": 34}}