{"train_acc": 1.0, "test_acc": 0.8808220205505137, "val_acc": 0.8877837837837838, "loss": 1.287371039390564, "_timestamp": 1648863468, "_runtime": 28, "_step": 249, "_wandb": {"runtime": 28}}