{"train_acc": 0.9866666666666667, "test_acc": 0.675, "val_acc": 0.6837837837837838, "loss": 1.0727214813232422, "_timestamp": 1648724525, "_runtime": 153, "_step": 249, "_wandb": {"runtime": 154}}