{"train_acc": 1.0, "test_acc": 0.5298969072164949, "val_acc": 0.5265753424657534, "loss": 0.14717932045459747, "_timestamp": 1648717838, "_runtime": 16, "_step": 99, "_wandb": {"runtime": 17}}