{"train_acc": 1.0, "test_acc": 0.5670103092783505, "val_acc": 0.5884931506849315, "loss": 0.09095641225576401, "_timestamp": 1648864011, "_runtime": 19, "_step": 99, "_wandb": {"runtime": 19}}