{"train_acc": 1.0, "test_acc": 0.677823559293334, "val_acc": 0.6675324675324675, "loss": 0.10460929572582245, "_timestamp": 1648820868, "_runtime": 137, "_step": 599, "_wandb": {"runtime": 138}}