{"train_acc": 1.0, "test_acc": 0.7221312863351583, "val_acc": 0.7283116883116884, "loss": 0.10883268713951111, "_timestamp": 1648868600, "_runtime": 60, "_step": 599, "_wandb": {"runtime": 61}}