{"train_acc": 1.0, "test_acc": 0.5833333333333334, "val_acc": 0.6324324324324324, "loss": 1.0717110633850098, "_timestamp": 1648864047, "_runtime": 21, "_step": 249, "_wandb": {"runtime": 22}}