{"train_acc": 1.0, "test_acc": 0.7162612180391714, "val_acc": 0.7158441558441558, "loss": 0.09737636893987656, "_timestamp": 1648871722, "_runtime": 127, "_step": 599, "_wandb": {"runtime": 128}}