{"train_acc": 1.0, "test_acc": 0.7409832364395778, "val_acc": 0.7376623376623377, "loss": 0.030747588723897934, "_timestamp": 1648803038, "_runtime": 39, "_step": 599, "_wandb": {"runtime": 40}}