{"train_acc": 1.0, "test_acc": 0.51340206185567, "val_acc": 0.5282191780821918, "loss": 0.11996996402740479, "_timestamp": 1648803443, "_runtime": 19, "_step": 99, "_wandb": {"runtime": 20}}