{"train_acc": 1.0, "test_acc": 0.75, "val_acc": 0.6437837837837838, "loss": 0.9657818675041199, "_timestamp": 1648920286, "_runtime": 57, "_step": 249, "_wandb": {"runtime": 57}}