{"train_acc": 0.9933333333333333, "test_acc": 0.5416666666666666, "val_acc": 0.5983783783783784, "loss": 1.0672682523727417, "_timestamp": 1648720227, "_runtime": 21, "_step": 249, "_wandb": {"runtime": 21}}