{"train_acc": 1.0, "test_acc": 0.753005587853474, "val_acc": 0.747012987012987, "loss": 0.033097125589847565, "_timestamp": 1648850511, "_runtime": 295, "_step": 599, "_wandb": {"runtime": 296}}