{"train_acc": 1.0, "test_acc": 0.7276626968448383, "val_acc": 0.7485714285714286, "loss": 0.08098737895488739, "_timestamp": 1648875442, "_runtime": 135, "_step": 599, "_wandb": {"runtime": 136}}