{"train_acc": 1.0, "test_acc": 0.6416666666666667, "val_acc": 0.6151351351351352, "loss": 1.1544018983840942, "_timestamp": 1648865484, "_runtime": 26, "_step": 249, "_wandb": {"runtime": 27}}