{"train_acc": 1.0, "test_acc": 0.7192526951515493, "val_acc": 0.7262337662337662, "loss": 0.10649742186069489, "_timestamp": 1648879475, "_runtime": 159, "_step": 599, "_wandb": {"runtime": 160}}