{"train_acc": 1.0, "test_acc": 0.625, "val_acc": 0.6459459459459459, "loss": 1.014306664466858, "_timestamp": 1648910106, "_runtime": 16, "_step": 249, "_wandb": {"runtime": 17}}