{"train_acc": 1.0, "test_acc": 0.8893722343058577, "val_acc": 0.8830270270270271, "loss": 1.2351415157318115, "_timestamp": 1648718040, "_runtime": 103, "_step": 249, "_wandb": {"runtime": 104}}