{"train_acc": 1.0, "test_acc": 0.8754218855471387, "val_acc": 0.878054054054054, "loss": 1.255486249923706, "_timestamp": 1648865438, "_runtime": 36, "_step": 249, "_wandb": {"runtime": 37}}