{"train_acc": 1.0, "test_acc": 0.9104477611940298, "val_acc": 0.9154594594594595, "loss": 1.3404393196105957, "_timestamp": 1648806159, "_runtime": 30, "_step": 249, "_wandb": {"runtime": 31}}