{"train_acc": 0.9933333333333333, "test_acc": 0.6416666666666667, "val_acc": 0.6475675675675676, "loss": 1.1164942979812622, "_timestamp": 1648811869, "_runtime": 46, "_step": 249, "_wandb": {"runtime": 47}}