{"train_acc": 1.0, "test_acc": 0.6783505154639176, "val_acc": 0.6904109589041096, "loss": 0.060792792588472366, "_timestamp": 1648804686, "_runtime": 22, "_step": 99, "_wandb": {"runtime": 22}}