{"train_acc": 0.9933333333333333, "test_acc": 0.7166666666666667, "val_acc": 0.7048648648648649, "loss": 0.8465749025344849, "_timestamp": 1648913044, "_runtime": 19, "_step": 249, "_wandb": {"runtime": 21}}