{"train_acc": 1.0, "test_acc": 0.7, "val_acc": 0.6681081081081081, "loss": 1.0893983840942383, "_timestamp": 1648915531, "_runtime": 36, "_step": 249, "_wandb": {"runtime": 37}}