{"train_acc": 1.0, "test_acc": 0.8791719792994825, "val_acc": 0.881945945945946, "loss": 1.2098748683929443, "_timestamp": 1648863863, "_runtime": 25, "_step": 249, "_wandb": {"runtime": 26}}