{"train_acc": 1.0, "test_acc": 0.8860721518037951, "val_acc": 0.8927567567567568, "loss": 1.264296293258667, "_timestamp": 1648806526, "_runtime": 38, "_step": 249, "_wandb": {"runtime": 38}}