{"train_acc": 1.0, "test_acc": 0.6, "val_acc": 0.5769863013698631, "loss": 0.11339373141527176, "_timestamp": 1648806149, "_runtime": 16, "_step": 99, "_wandb": {"runtime": 17}}