{"train_acc": 1.0, "test_acc": 0.885547138678467, "val_acc": 0.8903783783783784, "loss": 1.2830047607421875, "_timestamp": 1648810962, "_runtime": 35, "_step": 249, "_wandb": {"runtime": 36}}