{"train_acc": 0.9933333333333333, "test_acc": 0.6083333333333333, "val_acc": 0.6156756756756757, "loss": 1.0966053009033203, "_timestamp": 1648862847, "_runtime": 22, "_step": 249, "_wandb": {"runtime": 23}}