{"train_acc": 0.9866666666666667, "test_acc": 0.625, "val_acc": 0.6421621621621622, "loss": 1.0588458776474, "_timestamp": 1648869693, "_runtime": 46, "_step": 249, "_wandb": {"runtime": 46}}