{"train_acc": 1.0, "test_acc": 0.7307670598859852, "val_acc": 0.7189610389610389, "loss": 0.09293171763420105, "_timestamp": 1648806410, "_runtime": 45, "_step": 599, "_wandb": {"runtime": 46}}