{"train_acc": 1.0, "test_acc": 0.5731958762886598, "val_acc": 0.5775342465753425, "loss": 0.13567516207695007, "_timestamp": 1648802894, "_runtime": 16, "_step": 99, "_wandb": {"runtime": 16}}