{"train_acc": 1.0, "test_acc": 0.7019811480498955, "val_acc": 0.6971428571428572, "loss": 0.10026572644710541, "_timestamp": 1648873630, "_runtime": 134, "_step": 599, "_wandb": {"runtime": 135}}