{"train_acc": 1.0, "test_acc": 0.5360824742268041, "val_acc": 0.5517808219178082, "loss": 0.16254839301109314, "_timestamp": 1648861430, "_runtime": 17, "_step": 99, "_wandb": {"runtime": 18}}