{"train_acc": 0.9933333333333333, "test_acc": 0.5833333333333334, "val_acc": 0.6535135135135135, "loss": 1.1080065965652466, "_timestamp": 1648813437, "_runtime": 49, "_step": 249, "_wandb": {"runtime": 50}}