{"train_acc": 1.0, "test_acc": 0.5958762886597938, "val_acc": 0.5912328767123287, "loss": 0.115020252764225, "_timestamp": 1648805924, "_runtime": 16, "_step": 99, "_wandb": {"runtime": 17}}