{"train_acc": 1.0, "test_acc": 0.7435685892147303, "val_acc": 0.739027027027027, "loss": 1.6981638669967651, "_timestamp": 1648814001, "_runtime": 62, "_step": 249, "_wandb": {"runtime": 63}}