{"train_acc": 1.0, "test_acc": 0.5381443298969072, "val_acc": 0.5665753424657535, "loss": 0.12413886934518814, "_timestamp": 1648718192, "_runtime": 17, "_step": 99, "_wandb": {"runtime": 18}}