{"train_acc": 0.9866666666666667, "test_acc": 0.5666666666666667, "val_acc": 0.6313513513513513, "loss": 1.0681979656219482, "_timestamp": 1648803602, "_runtime": 24, "_step": 249, "_wandb": {"runtime": 24}}