{"train_acc": 0.9866666666666667, "test_acc": 0.6666666666666666, "val_acc": 0.6286486486486487, "loss": 1.0953199863433838, "_timestamp": 1648908207, "_runtime": 18, "_step": 249, "_wandb": {"runtime": 18}}