{"train_acc": 1.0, "test_acc": 0.9159978999474987, "val_acc": 0.9206486486486486, "loss": 1.4086897373199463, "_timestamp": 1648822028, "_runtime": 101, "_step": 249, "_wandb": {"runtime": 102}}