{"train_acc": 0.9933333333333333, "test_acc": 0.5166666666666667, "val_acc": 0.6232432432432432, "loss": 1.1043198108673096, "_timestamp": 1648866530, "_runtime": 26, "_step": 249, "_wandb": {"runtime": 27}}