{"train_acc": 0.9933333333333333, "test_acc": 0.6666666666666666, "val_acc": 0.632972972972973, "loss": 1.1370173692703247, "_timestamp": 1648814228, "_runtime": 66, "_step": 249, "_wandb": {"runtime": 66}}