{"train_acc": 1.0, "test_acc": 0.8797719942998575, "val_acc": 0.881945945945946, "loss": 1.3548446893692017, "_timestamp": 1648865390, "_runtime": 30, "_step": 249, "_wandb": {"runtime": 32}}