{"train_acc": 1.0, "test_acc": 0.6333333333333333, "val_acc": 0.6097297297297297, "loss": 1.1056344509124756, "_timestamp": 1648862599, "_runtime": 21, "_step": 249, "_wandb": {"runtime": 21}}