{"train_acc": 1.0, "test_acc": 0.575, "val_acc": 0.6135135135135135, "loss": 1.1530543565750122, "_timestamp": 1648917699, "_runtime": 54, "_step": 249, "_wandb": {"runtime": 56}}