{"train_acc": 1.0, "test_acc": 0.764181294801603, "val_acc": 0.7620779220779221, "loss": 0.002412932924926281, "_timestamp": 1648814673, "_runtime": 66, "_step": 599, "_wandb": {"runtime": 66}}