{"train_acc": 1.0, "test_acc": 0.6416666666666667, "val_acc": 0.6356756756756756, "loss": 1.0594618320465088, "_timestamp": 1648722884, "_runtime": 168, "_step": 249, "_wandb": {"runtime": 169}}