{"train_acc": 1.0, "test_acc": 0.5670103092783505, "val_acc": 0.5473972602739726, "loss": 0.12749575078487396, "_timestamp": 1648909056, "_runtime": 12, "_step": 99, "_wandb": {"runtime": 13}}