{"train_acc": 1.0, "test_acc": 0.8834470861771544, "val_acc": 0.886054054054054, "loss": 1.2244840860366821, "_timestamp": 1648862317, "_runtime": 34, "_step": 249, "_wandb": {"runtime": 35}}