{"train_acc": 0.9942857142857143, "test_acc": 0.8185567010309278, "val_acc": 0.8027397260273973, "loss": 0.008793738670647144, "_timestamp": 1648910949, "_runtime": 13, "_step": 99, "_wandb": {"runtime": 14}}