{"train_acc": 0.9866666666666667, "test_acc": 0.6, "val_acc": 0.6448648648648648, "loss": 1.053887963294983, "_timestamp": 1648914427, "_runtime": 22, "_step": 249, "_wandb": {"runtime": 23}}