{"train_acc": 1.0, "test_acc": 0.8921473036825921, "val_acc": 0.8944864864864864, "loss": 1.3005472421646118, "_timestamp": 1648867820, "_runtime": 36, "_step": 249, "_wandb": {"runtime": 37}}