{"train_acc": 1.0, "test_acc": 0.5381443298969072, "val_acc": 0.5484931506849315, "loss": 0.10382285714149475, "_timestamp": 1648860888, "_runtime": 12, "_step": 99, "_wandb": {"runtime": 12}}