{"train_acc": 1.0, "test_acc": 0.691652085567534, "val_acc": 0.7012987012987013, "loss": 0.11933209747076035, "_timestamp": 1648804343, "_runtime": 87, "_step": 599, "_wandb": {"runtime": 88}}