{"train_acc": 0.9933333333333333, "test_acc": 0.6666666666666666, "val_acc": 0.6513513513513514, "loss": 1.1108406782150269, "_timestamp": 1648821622, "_runtime": 136, "_step": 249, "_wandb": {"runtime": 136}}