{"train_acc": 1.0, "test_acc": 0.7742281424620421, "val_acc": 0.7849350649350649, "loss": 0.021432286128401756, "_timestamp": 1648840405, "_runtime": 295, "_step": 599, "_wandb": {"runtime": 295}}