{"train_acc": 1.0, "test_acc": 0.5690721649484536, "val_acc": 0.5693150684931507, "loss": 0.13072679936885834, "_timestamp": 1648806415, "_runtime": 17, "_step": 99, "_wandb": {"runtime": 18}}