{"train_acc": 0.9466666666666667, "test_acc": 0.7166666666666667, "val_acc": 0.7254054054054054, "loss": 0.7316528558731079, "_timestamp": 1648809827, "_runtime": 27, "_step": 249, "_wandb": {"runtime": 27}}