{"train_acc": 1.0, "test_acc": 0.554639175257732, "val_acc": 0.5512328767123288, "loss": 0.18018445372581482, "_timestamp": 1648814251, "_runtime": 60, "_step": 99, "_wandb": {"runtime": 60}}