{"train_acc": 1.0, "test_acc": 0.8856221405535138, "val_acc": 0.8914594594594595, "loss": 1.232682228088379, "_timestamp": 1648871444, "_runtime": 57, "_step": 249, "_wandb": {"runtime": 58}}