{"train_acc": 1.0, "test_acc": 0.8816470411760294, "val_acc": 0.8812972972972973, "loss": 1.3097450733184814, "_timestamp": 1648717800, "_runtime": 35, "_step": 249, "_wandb": {"runtime": 36}}