{"train_acc": 1.0, "test_acc": 0.7037873229101993, "val_acc": 0.7097625329815304, "loss": 0.13182400166988373, "_timestamp": 1648790369, "_runtime": 296, "_step": 599, "_wandb": {"runtime": 297}}