{"train_acc": 1.0, "test_acc": 0.6916666666666667, "val_acc": 0.6086486486486486, "loss": 1.1586931943893433, "_timestamp": 1648907583, "_runtime": 17, "_step": 249, "_wandb": {"runtime": 18}}