{"train_acc": 0.9933333333333333, "test_acc": 0.5916666666666667, "val_acc": 0.6135135135135135, "loss": 1.10224449634552, "_timestamp": 1648724556, "_runtime": 19, "_step": 249, "_wandb": {"runtime": 19}}