{"train_acc": 1.0, "test_acc": 0.6333333333333333, "val_acc": 0.6351351351351351, "loss": 1.1429429054260254, "_timestamp": 1648920553, "_runtime": 56, "_step": 249, "_wandb": {"runtime": 57}}