{"train_acc": 0.9933333333333333, "test_acc": 0.6333333333333333, "val_acc": 0.6254054054054055, "loss": 1.087877631187439, "_timestamp": 1648913777, "_runtime": 21, "_step": 249, "_wandb": {"runtime": 22}}