{"train_acc": 1.0, "test_acc": 0.880072001800045, "val_acc": 0.8884324324324324, "loss": 1.3268163204193115, "_timestamp": 1648814273, "_runtime": 58, "_step": 249, "_wandb": {"runtime": 59}}