{"train_acc": 1.0, "test_acc": 0.5670103092783505, "val_acc": 0.5824657534246576, "loss": 0.182866171002388, "_timestamp": 1648914284, "_runtime": 21, "_step": 99, "_wandb": {"runtime": 22}}