{"train_acc": 1.0, "test_acc": 0.8123711340206186, "val_acc": 0.8032876712328767, "loss": 0.04563916474580765, "_timestamp": 1648808132, "_runtime": 17, "_step": 99, "_wandb": {"runtime": 17}}