{"train_acc": 1.0, "test_acc": 0.6583333333333333, "val_acc": 0.6367567567567568, "loss": 1.0396870374679565, "_timestamp": 1648914915, "_runtime": 37, "_step": 249, "_wandb": {"runtime": 37}}