{"train_acc": 1.0, "test_acc": 0.5833333333333334, "val_acc": 0.6270270270270271, "loss": 1.111962914466858, "_timestamp": 1648802524, "_runtime": 18, "_step": 249, "_wandb": {"runtime": 19}}