{"train_acc": 1.0, "test_acc": 0.8816470411760294, "val_acc": 0.8854054054054054, "loss": 1.2029939889907837, "_timestamp": 1648814104, "_runtime": 49, "_step": 249, "_wandb": {"runtime": 50}}