{"train_acc": 1.0, "test_acc": 0.875271881797045, "val_acc": 0.8752432432432432, "loss": 1.3014250993728638, "_timestamp": 1648718955, "_runtime": 30, "_step": 249, "_wandb": {"runtime": 31}}