{"train_acc": 1.0, "test_acc": 0.7813963989388722, "val_acc": 0.8025974025974026, "loss": 0.00308562652207911, "_timestamp": 1648850816, "_runtime": 292, "_step": 599, "_wandb": {"runtime": 292}}