{"train_acc": 1.0, "test_acc": 0.6, "val_acc": 0.6102702702702703, "loss": 1.075196385383606, "_timestamp": 1648812899, "_runtime": 51, "_step": 249, "_wandb": {"runtime": 51}}