{"train_acc": 1.0, "test_acc": 0.8931973299332483, "val_acc": 0.8975135135135135, "loss": 1.2598598003387451, "_timestamp": 1648878846, "_runtime": 96, "_step": 249, "_wandb": {"runtime": 96}}