{"train_acc": 1.0, "test_acc": 0.6583333333333333, "val_acc": 0.6513513513513514, "loss": 1.002545952796936, "_timestamp": 1648920881, "_runtime": 53, "_step": 249, "_wandb": {"runtime": 54}}