{"train_acc": 0.3333333333333333, "test_acc": 0.225, "val_acc": 0.23783783783783785, "loss": 517.2224731445312, "_timestamp": 1648908798, "_runtime": 17, "_step": 249, "_wandb": {"runtime": 18}}