{"train_acc": 1.0, "test_acc": 0.7399108201162725, "val_acc": 0.7402597402597403, "loss": 0.08449886739253998, "_timestamp": 1648867721, "_runtime": 55, "_step": 599, "_wandb": {"runtime": 55}}