{"train_acc": 1.0, "test_acc": 0.8799219980499513, "val_acc": 0.8871351351351351, "loss": 1.2479450702667236, "_timestamp": 1648824590, "_runtime": 147, "_step": 249, "_wandb": {"runtime": 147}}