{"train_acc": 1.0, "test_acc": 0.7, "val_acc": 0.654054054054054, "loss": 1.0680378675460815, "_timestamp": 1648910164, "_runtime": 17, "_step": 249, "_wandb": {"runtime": 18}}