{"train_acc": 1.0, "test_acc": 0.5505154639175258, "val_acc": 0.5216438356164383, "loss": 0.12566564977169037, "_timestamp": 1648862350, "_runtime": 15, "_step": 99, "_wandb": {"runtime": 16}}