{"train_acc": 0.9942857142857143, "test_acc": 0.6206185567010309, "val_acc": 0.6043835616438357, "loss": 0.13325971364974976, "_timestamp": 1648869620, "_runtime": 38, "_step": 99, "_wandb": {"runtime": 39}}