{"train_acc": 1.0, "test_acc": 0.6123711340206186, "val_acc": 0.5561643835616439, "loss": 0.11347919702529907, "_timestamp": 1648807768, "_runtime": 21, "_step": 99, "_wandb": {"runtime": 22}}