{"train_acc": 1.0, "test_acc": 0.8839720993024826, "val_acc": 0.8884324324324324, "loss": 1.3193542957305908, "_timestamp": 1648812348, "_runtime": 37, "_step": 249, "_wandb": {"runtime": 38}}