{"train_acc": 1.0, "test_acc": 0.7083333333333334, "val_acc": 0.6270270270270271, "loss": 1.1104274988174438, "_timestamp": 1648861018, "_runtime": 14, "_step": 249, "_wandb": {"runtime": 16}}