{"train_acc": 1.0, "test_acc": 0.7355082688942823, "val_acc": 0.7424802110817942, "loss": 0.11559056490659714, "_timestamp": 1648785865, "_runtime": 178, "_step": 599, "_wandb": {"runtime": 179}}