{"train_acc": 1.0, "test_acc": 0.6711632894959644, "val_acc": 0.6768831168831169, "loss": 0.09310489147901535, "_timestamp": 1648887845, "_runtime": 292, "_step": 599, "_wandb": {"runtime": 293}}