{"train_acc": 1.0, "test_acc": 0.6739854377151888, "val_acc": 0.6768831168831169, "loss": 0.1259373277425766, "_timestamp": 1648862015, "_runtime": 36, "_step": 599, "_wandb": {"runtime": 36}}