{"train_acc": 1.0, "test_acc": 0.8862221555538888, "val_acc": 0.8921081081081081, "loss": 1.1507033109664917, "_timestamp": 1648718834, "_runtime": 178, "_step": 249, "_wandb": {"runtime": 179}}