{"train_acc": 1.0, "test_acc": 0.898822470561764, "val_acc": 0.902054054054054, "loss": 1.3147084712982178, "_timestamp": 1648876196, "_runtime": 76, "_step": 249, "_wandb": {"runtime": 77}}