{"train_acc": 1.0, "test_acc": 0.534020618556701, "val_acc": 0.570958904109589, "loss": 0.17384782433509827, "_timestamp": 1648908178, "_runtime": 13, "_step": 99, "_wandb": {"runtime": 15}}