{"train_acc": 0.9933333333333333, "test_acc": 0.55, "val_acc": 0.6264864864864865, "loss": 1.0418704748153687, "_timestamp": 1648808788, "_runtime": 29, "_step": 249, "_wandb": {"runtime": 29}}