{"train_acc": 1.0, "test_acc": 0.7832590167635605, "val_acc": 0.7802597402597402, "loss": 0.0007373783155344427, "_timestamp": 1648816633, "_runtime": 66, "_step": 599, "_wandb": {"runtime": 66}}