{"train_acc": 1.0, "test_acc": 0.6164948453608248, "val_acc": 0.6126027397260274, "loss": 0.1511436402797699, "_timestamp": 1648869877, "_runtime": 35, "_step": 99, "_wandb": {"runtime": 35}}