{"train_acc": 1.0, "test_acc": 0.7177287351131681, "val_acc": 0.7148051948051948, "loss": 0.08943158388137817, "_timestamp": 1648862655, "_runtime": 40, "_step": 599, "_wandb": {"runtime": 41}}