{"train_acc": 0.9933333333333333, "test_acc": 0.6166666666666667, "val_acc": 0.6005405405405405, "loss": 1.0798171758651733, "_timestamp": 1648801948, "_runtime": 18, "_step": 249, "_wandb": {"runtime": 18}}