{"train_acc": 1.0, "test_acc": 0.65, "val_acc": 0.6048648648648649, "loss": 1.0250436067581177, "_timestamp": 1648909631, "_runtime": 19, "_step": 249, "_wandb": {"runtime": 20}}