{"train_acc": 1.0, "test_acc": 0.5608247422680412, "val_acc": 0.5643835616438356, "loss": 0.1301192194223404, "_timestamp": 1648805950, "_runtime": 15, "_step": 99, "_wandb": {"runtime": 16}}