{"train_acc": 1.0, "test_acc": 0.6833333333333333, "val_acc": 0.62, "loss": 1.0621962547302246, "_timestamp": 1648864703, "_runtime": 20, "_step": 249, "_wandb": {"runtime": 21}}