{"train_acc": 1.0, "test_acc": 0.5416666666666666, "val_acc": 0.6108108108108108, "loss": 1.141618013381958, "_timestamp": 1648861222, "_runtime": 17, "_step": 249, "_wandb": {"runtime": 18}}