{"train_acc": 1.0, "test_acc": 0.575, "val_acc": 0.6081081081081081, "loss": 1.0211163759231567, "_timestamp": 1648864951, "_runtime": 22, "_step": 249, "_wandb": {"runtime": 22}}