{"train_acc": 1.0, "test_acc": 0.734435852570977, "val_acc": 0.7303896103896104, "loss": 0.026306331157684326, "_timestamp": 1648832498, "_runtime": 160, "_step": 599, "_wandb": {"runtime": 160}}