{"train_acc": 0.9933333333333333, "test_acc": 0.675, "val_acc": 0.62, "loss": 1.0525342226028442, "_timestamp": 1648722703, "_runtime": 86, "_step": 249, "_wandb": {"runtime": 87}}