{"train_acc": 1.0, "test_acc": 0.6884912795620026, "val_acc": 0.6935064935064935, "loss": 0.09896661341190338, "_timestamp": 1648860656, "_runtime": 41, "_step": 599, "_wandb": {"runtime": 41}}