{"train_acc": 0.96, "test_acc": 0.7333333333333333, "val_acc": 0.7248648648648649, "loss": 0.6737948060035706, "_timestamp": 1648816810, "_runtime": 72, "_step": 249, "_wandb": {"runtime": 72}}