{"train_acc": 1.0, "test_acc": 0.5833333333333334, "val_acc": 0.6248648648648648, "loss": 1.0969878435134888, "_timestamp": 1648914198, "_runtime": 21, "_step": 249, "_wandb": {"runtime": 21}}