{"train_acc": 1.0, "test_acc": 0.8950723768094202, "val_acc": 0.8994594594594595, "loss": 1.309051752090454, "_timestamp": 1648804664, "_runtime": 51, "_step": 249, "_wandb": {"runtime": 52}}