{"train_acc": 1.0, "test_acc": 0.5916666666666667, "val_acc": 0.6389189189189189, "loss": 1.0889954566955566, "_timestamp": 1648908627, "_runtime": 15, "_step": 249, "_wandb": {"runtime": 15}}