{"train_acc": 1.0, "test_acc": 0.5463917525773195, "val_acc": 0.5249315068493151, "loss": 0.19042910635471344, "_timestamp": 1648717926, "_runtime": 18, "_step": 99, "_wandb": {"runtime": 19}}