{"train_acc": 1.0, "test_acc": 0.5814432989690722, "val_acc": 0.5693150684931507, "loss": 0.1140008419752121, "_timestamp": 1648915229, "_runtime": 21, "_step": 99, "_wandb": {"runtime": 21}}