{"train_acc": 1.0, "test_acc": 0.6583333333333333, "val_acc": 0.6345945945945946, "loss": 1.1112910509109497, "_timestamp": 1648872594, "_runtime": 68, "_step": 249, "_wandb": {"runtime": 69}}