{"train_acc": 1.0, "test_acc": 0.7175257731958763, "val_acc": 0.6832876712328767, "loss": 0.013306709006428719, "_timestamp": 1648801664, "_runtime": 17, "_step": 99, "_wandb": {"runtime": 17}}