{"train_acc": 0.98, "test_acc": 0.6833333333333333, "val_acc": 0.6783783783783783, "loss": 0.7848172783851624, "_timestamp": 1648911194, "_runtime": 21, "_step": 249, "_wandb": {"runtime": 21}}