{"train_acc": 1.0, "test_acc": 0.5916666666666667, "val_acc": 0.6043243243243244, "loss": 1.0582913160324097, "_timestamp": 1648867811, "_runtime": 38, "_step": 249, "_wandb": {"runtime": 39}}