{"train_acc": 0.9933333333333333, "test_acc": 0.575, "val_acc": 0.6302702702702703, "loss": 1.040165901184082, "_timestamp": 1648914230, "_runtime": 21, "_step": 249, "_wandb": {"runtime": 22}}