{"train_acc": 1.0, "test_acc": 0.7085285319184964, "val_acc": 0.6914285714285714, "loss": 0.12203700095415115, "_timestamp": 1648809917, "_runtime": 51, "_step": 599, "_wandb": {"runtime": 51}}