{"train_acc": 1.0, "test_acc": 0.8760969024225606, "val_acc": 0.8767567567567568, "loss": 1.3157556056976318, "_timestamp": 1648802528, "_runtime": 28, "_step": 249, "_wandb": {"runtime": 29}}