{"train_acc": 1.0, "test_acc": 0.7242761189817689, "val_acc": 0.7324675324675325, "loss": 0.014854807406663895, "_timestamp": 1648865378, "_runtime": 43, "_step": 599, "_wandb": {"runtime": 43}}