{"train_acc": 1.0, "test_acc": 0.6962804086470622, "val_acc": 0.6831168831168831, "loss": 0.13715367019176483, "_timestamp": 1648836721, "_runtime": 291, "_step": 599, "_wandb": {"runtime": 293}}