{"train_acc": 1.0, "test_acc": 0.6333333333333333, "val_acc": 0.5908108108108108, "loss": 1.034079909324646, "_timestamp": 1648912304, "_runtime": 18, "_step": 249, "_wandb": {"runtime": 19}}