{"train_acc": 1.0, "test_acc": 0.5360824742268041, "val_acc": 0.5189041095890411, "loss": 0.10014768689870834, "_timestamp": 1648807979, "_runtime": 19, "_step": 99, "_wandb": {"runtime": 20}}