{"train_acc": 1.0, "test_acc": 0.6, "val_acc": 0.601081081081081, "loss": 1.143107295036316, "_timestamp": 1648869462, "_runtime": 35, "_step": 249, "_wandb": {"runtime": 37}}