{"train_acc": 1.0, "test_acc": 0.713326183891178, "val_acc": 0.7023376623376624, "loss": 0.11810455471277237, "_timestamp": 1648863289, "_runtime": 43, "_step": 599, "_wandb": {"runtime": 44}}