{"train_acc": 0.9866666666666667, "test_acc": 0.6333333333333333, "val_acc": 0.607027027027027, "loss": 1.1562806367874146, "_timestamp": 1648911098, "_runtime": 19, "_step": 249, "_wandb": {"runtime": 20}}