{"train_acc": 1.0, "test_acc": 0.554639175257732, "val_acc": 0.5561643835616439, "loss": 0.12077365070581436, "_timestamp": 1648807801, "_runtime": 21, "_step": 99, "_wandb": {"runtime": 21}}