{"train_acc": 1.0, "test_acc": 0.7276626968448383, "val_acc": 0.7335064935064936, "loss": 0.1073734387755394, "_timestamp": 1648866463, "_runtime": 49, "_step": 599, "_wandb": {"runtime": 50}}