{"train_acc": 1.0, "test_acc": 0.8664216605415135, "val_acc": 0.8672432432432432, "loss": 1.3082904815673828, "_timestamp": 1648806626, "_runtime": 88, "_step": 249, "_wandb": {"runtime": 90}}