{"train_acc": 1.0, "test_acc": 0.5855670103092784, "val_acc": 0.5194520547945205, "loss": 0.11903539299964905, "_timestamp": 1648871682, "_runtime": 63, "_step": 99, "_wandb": {"runtime": 64}}