{"train_acc": 1.0, "test_acc": 0.7896907216494845, "val_acc": 0.770958904109589, "loss": 0.04236772283911705, "_timestamp": 1648911212, "_runtime": 15, "_step": 99, "_wandb": {"runtime": 15}}