{"train_acc": 1.0, "test_acc": 0.5278350515463918, "val_acc": 0.5693150684931507, "loss": 0.1446293741464615, "_timestamp": 1648809065, "_runtime": 27, "_step": 99, "_wandb": {"runtime": 28}}