{"train_acc": 1.0, "test_acc": 0.5567010309278351, "val_acc": 0.56, "loss": 0.11823243647813797, "_timestamp": 1648870914, "_runtime": 45, "_step": 99, "_wandb": {"runtime": 46}}