{"train_acc": 1.0, "test_acc": 0.7058757125924253, "val_acc": 0.72, "loss": 0.10711976140737534, "_timestamp": 1648805238, "_runtime": 47, "_step": 599, "_wandb": {"runtime": 48}}