{"train_acc": 1.0, "test_acc": 0.8900472511812796, "val_acc": 0.900972972972973, "loss": 1.3481433391571045, "_timestamp": 1648820686, "_runtime": 97, "_step": 249, "_wandb": {"runtime": 98}}