{"train_acc": 0.30666666666666664, "test_acc": 0.25, "val_acc": 0.1891891891891892, "loss": 19206562.0, "_timestamp": 1648803039, "_runtime": 21, "_step": 249, "_wandb": {"runtime": 22}}