{"train_acc": 1.0, "test_acc": 0.7083333333333334, "val_acc": 0.6221621621621621, "loss": 1.103010654449463, "_timestamp": 1648722452, "_runtime": 30, "_step": 249, "_wandb": {"runtime": 30}}