{"train_acc": 0.9933333333333333, "test_acc": 0.7, "val_acc": 0.6270270270270271, "loss": 1.0444557666778564, "_timestamp": 1648811946, "_runtime": 47, "_step": 249, "_wandb": {"runtime": 48}}