{"train_acc": 1.0, "test_acc": 0.6916666666666667, "val_acc": 0.6291891891891892, "loss": 1.120762586593628, "_timestamp": 1648909785, "_runtime": 17, "_step": 249, "_wandb": {"runtime": 18}}