{"train_acc": 0.9866666666666667, "test_acc": 0.75, "val_acc": 0.6827027027027027, "loss": 0.6642953157424927, "_timestamp": 1648911507, "_runtime": 20, "_step": 249, "_wandb": {"runtime": 21}}