{"train_acc": 1.0, "test_acc": 0.7237113402061855, "val_acc": 0.7676712328767124, "loss": 0.09647837281227112, "_timestamp": 1648809470, "_runtime": 22, "_step": 99, "_wandb": {"runtime": 23}}