{"train_acc": 1.0, "test_acc": 0.5216494845360825, "val_acc": 0.5304109589041096, "loss": 0.136171355843544, "_timestamp": 1648912319, "_runtime": 13, "_step": 99, "_wandb": {"runtime": 14}}