{"train_acc": 1.0, "test_acc": 0.8843471086777169, "val_acc": 0.8867027027027027, "loss": 1.2607166767120361, "_timestamp": 1648872512, "_runtime": 75, "_step": 249, "_wandb": {"runtime": 75}}