{"train_acc": 0.9866666666666667, "test_acc": 0.5166666666666667, "val_acc": 0.5794594594594594, "loss": 1.0883846282958984, "_timestamp": 1648722057, "_runtime": 56, "_step": 249, "_wandb": {"runtime": 57}}