{"train_acc": 0.9866666666666667, "test_acc": 0.6333333333333333, "val_acc": 0.6275675675675676, "loss": 1.0591694116592407, "_timestamp": 1648809566, "_runtime": 26, "_step": 249, "_wandb": {"runtime": 28}}