{"train_acc": 1.0, "test_acc": 0.5567010309278351, "val_acc": 0.5643835616438356, "loss": 0.13566726446151733, "_timestamp": 1648868851, "_runtime": 31, "_step": 99, "_wandb": {"runtime": 32}}