{"train_acc": 1.0, "test_acc": 0.8760219005475137, "val_acc": 0.8832432432432432, "loss": 1.2169556617736816, "_timestamp": 1648874716, "_runtime": 62, "_step": 249, "_wandb": {"runtime": 63}}