{"train_acc": 0.16666666666666666, "test_acc": 0.058333333333333334, "val_acc": 0.05027027027027027, "loss": NaN, "_timestamp": 1648916984, "_runtime": 33, "_step": 249, "_wandb": {"runtime": 35}}