{"train_acc": 1.0, "test_acc": 0.875271881797045, "val_acc": 0.8821621621621621, "loss": 1.3229784965515137, "_timestamp": 1648815171, "_runtime": 63, "_step": 249, "_wandb": {"runtime": 64}}