{"train_acc": 1.0, "test_acc": 0.7279449116667608, "val_acc": 0.7203166226912929, "loss": 0.09074079245328903, "_timestamp": 1648794202, "_runtime": 153, "_step": 599, "_wandb": {"runtime": 154}}