{"train_acc": 1.0, "test_acc": 0.5690721649484536, "val_acc": 0.5567123287671233, "loss": 0.1447106897830963, "_timestamp": 1648911572, "_runtime": 14, "_step": 99, "_wandb": {"runtime": 16}}