{"train_acc": 1.0, "test_acc": 0.5833333333333334, "val_acc": 0.6335135135135135, "loss": 1.0520857572555542, "_timestamp": 1648911630, "_runtime": 21, "_step": 249, "_wandb": {"runtime": 21}}