{"train_acc": 0.35333333333333333, "test_acc": 0.20833333333333334, "val_acc": 0.21243243243243243, "loss": 382.28167724609375, "_timestamp": 1648908520, "_runtime": 17, "_step": 249, "_wandb": {"runtime": 19}}