{"train_acc": 1.0, "test_acc": 0.6742268041237114, "val_acc": 0.6613698630136986, "loss": 0.10009951144456863, "_timestamp": 1648723657, "_runtime": 21, "_step": 99, "_wandb": {"runtime": 22}}