{"train_acc": 1.0, "test_acc": 0.7120279957103347, "val_acc": 0.7116883116883117, "loss": 0.1438169926404953, "_timestamp": 1648808857, "_runtime": 53, "_step": 599, "_wandb": {"runtime": 53}}