{"train_acc": 1.0, "test_acc": 0.707794773381498, "val_acc": 0.7356200527704485, "loss": 0.05459343269467354, "_timestamp": 1648792424, "_runtime": 48, "_step": 599, "_wandb": {"runtime": 49}}