{"train_acc": 1.0, "test_acc": 0.6061855670103092, "val_acc": 0.6323287671232877, "loss": 0.09710422903299332, "_timestamp": 1648919939, "_runtime": 42, "_step": 99, "_wandb": {"runtime": 43}}