{"train_acc": 1.0, "test_acc": 0.5670103092783505, "val_acc": 0.5408219178082192, "loss": 0.16252268850803375, "_timestamp": 1648807350, "_runtime": 18, "_step": 99, "_wandb": {"runtime": 18}}