{"train_acc": 0.8333333333333334, "test_acc": 0.6916666666666667, "val_acc": 0.7274390243902439, "loss": 1.410947561264038, "_timestamp": 1648711961, "_runtime": 113, "_step": 32}