{"train_acc": 0.9933333333333333, "test_acc": 0.5833333333333334, "val_acc": 0.6318918918918919, "loss": 1.1079663038253784, "_timestamp": 1648809747, "_runtime": 21, "_step": 249, "_wandb": {"runtime": 22}}