{"train_acc": 0.9866666666666667, "test_acc": 0.65, "val_acc": 0.6237837837837837, "loss": 1.087997317314148, "_timestamp": 1648818447, "_runtime": 125, "_step": 249, "_wandb": {"runtime": 125}}