{"train_acc": 0.9866666666666667, "test_acc": 0.65, "val_acc": 0.6697297297297298, "loss": 1.1542181968688965, "_timestamp": 1648725291, "_runtime": 58, "_step": 249, "_wandb": {"runtime": 58}}