{"train_acc": 1.0, "test_acc": 0.5608247422680412, "val_acc": 0.5621917808219178, "loss": 0.1251351535320282, "_timestamp": 1648907778, "_runtime": 14, "_step": 99, "_wandb": {"runtime": 15}}