{"train_acc": 0.9933333333333333, "test_acc": 0.6, "val_acc": 0.6383783783783784, "loss": 1.0983476638793945, "_timestamp": 1648807726, "_runtime": 18, "_step": 249, "_wandb": {"runtime": 20}}