{"train_acc": 1.0, "test_acc": 0.7449342439464921, "val_acc": 0.7445910290237467, "loss": 0.1248801201581955, "_timestamp": 1648788981, "_runtime": 282, "_step": 599, "_wandb": {"runtime": 282}}