{"train_acc": 1.0, "test_acc": 0.6787830896878704, "val_acc": 0.6706493506493506, "loss": 0.10788607597351074, "_timestamp": 1648865743, "_runtime": 49, "_step": 599, "_wandb": {"runtime": 49}}