{"train_acc": 1.0, "test_acc": 0.7296382005982954, "val_acc": 0.7283116883116884, "loss": 0.09587687999010086, "_timestamp": 1648813508, "_runtime": 62, "_step": 599, "_wandb": {"runtime": 63}}