{"train_acc": 1.0, "test_acc": 0.5298969072164949, "val_acc": 0.5906849315068493, "loss": 0.13860251009464264, "_timestamp": 1648807200, "_runtime": 16, "_step": 99, "_wandb": {"runtime": 16}}