{"train_acc": 1.0, "test_acc": 0.7143421572500988, "val_acc": 0.7142857142857143, "loss": 0.07915965467691422, "_timestamp": 1648807346, "_runtime": 46, "_step": 599, "_wandb": {"runtime": 47}}