{"train_acc": 1.0, "test_acc": 0.8008692216515212, "val_acc": 0.7984415584415584, "loss": 0.0001710247597657144, "_timestamp": 1648814762, "_runtime": 76, "_step": 599, "_wandb": {"runtime": 77}}