{"train_acc": 1.0, "test_acc": 0.7186882655077045, "val_acc": 0.7350649350649351, "loss": 0.10771256685256958, "_timestamp": 1648812039, "_runtime": 59, "_step": 599, "_wandb": {"runtime": 60}}