{"train_acc": 1.0, "test_acc": 0.8802220055501387, "val_acc": 0.8864864864864865, "loss": 1.2653496265411377, "_timestamp": 1648721371, "_runtime": 166, "_step": 249, "_wandb": {"runtime": 166}}