{"train_acc": 1.0, "test_acc": 0.5814432989690722, "val_acc": 0.5978082191780822, "loss": 0.1270895004272461, "_timestamp": 1648918318, "_runtime": 45, "_step": 99, "_wandb": {"runtime": 46}}