{"train_acc": 1.0, "test_acc": 0.5484536082474227, "val_acc": 0.5232876712328767, "loss": 0.11466246098279953, "_timestamp": 1648861717, "_runtime": 13, "_step": 99, "_wandb": {"runtime": 14}}