{"train_acc": 1.0, "test_acc": 0.7163176610035559, "val_acc": 0.7028571428571428, "loss": 0.1442471742630005, "_timestamp": 1648812734, "_runtime": 67, "_step": 599, "_wandb": {"runtime": 69}}