{"train_acc": 1.0, "test_acc": 0.8878721968049201, "val_acc": 0.8856216216216216, "loss": 1.2895734310150146, "_timestamp": 1648814373, "_runtime": 53, "_step": 249, "_wandb": {"runtime": 54}}