{"train_acc": 0.98, "test_acc": 0.675, "val_acc": 0.705945945945946, "loss": 1.143611192703247, "_timestamp": 1648725039, "_runtime": 150, "_step": 249, "_wandb": {"runtime": 150}}