{"train_acc": 1.0, "test_acc": 0.7204944403680081, "val_acc": 0.7361038961038961, "loss": 0.099811851978302, "_timestamp": 1648825049, "_runtime": 207, "_step": 599, "_wandb": {"runtime": 207}}