{"train_acc": 1.0, "test_acc": 0.5257731958762887, "val_acc": 0.5561643835616439, "loss": 0.15091510117053986, "_timestamp": 1648720944, "_runtime": 17, "_step": 99, "_wandb": {"runtime": 18}}