{"train_acc": 1.0, "test_acc": 0.6083333333333333, "val_acc": 0.654054054054054, "loss": 1.066278338432312, "_timestamp": 1648809380, "_runtime": 29, "_step": 249, "_wandb": {"runtime": 29}}