{"train_acc": 0.9933333333333333, "test_acc": 0.6083333333333333, "val_acc": 0.6351351351351351, "loss": 1.1317510604858398, "_timestamp": 1648808182, "_runtime": 23, "_step": 249, "_wandb": {"runtime": 24}}