{"train_acc": 0.688, "test_acc": 0.5787894697367434, "val_acc": 0.5686486486486486, "loss": 2.0988240242004395, "_timestamp": 1648822118, "_runtime": 77, "_step": 249, "_wandb": {"runtime": 77}}