{"train_acc": 1.0, "test_acc": 0.5752577319587628, "val_acc": 0.5682191780821918, "loss": 0.07478838413953781, "_timestamp": 1648916563, "_runtime": 27, "_step": 99, "_wandb": {"runtime": 28}}