{"train_acc": 1.0, "test_acc": 0.5649484536082474, "val_acc": 0.555068493150685, "loss": 0.1241670697927475, "_timestamp": 1648861177, "_runtime": 15, "_step": 99, "_wandb": {"runtime": 15}}