{"train_acc": 1.0, "test_acc": 0.5587628865979382, "val_acc": 0.5583561643835616, "loss": 0.10160458087921143, "_timestamp": 1648862731, "_runtime": 14, "_step": 99, "_wandb": {"runtime": 15}}