{"train_acc": 0.9933333333333333, "test_acc": 0.6, "val_acc": 0.6551351351351351, "loss": 1.0439289808273315, "_timestamp": 1648867499, "_runtime": 24, "_step": 249, "_wandb": {"runtime": 25}}