{"train_acc": 1.0, "test_acc": 0.5381443298969072, "val_acc": 0.5315068493150685, "loss": 0.10838882625102997, "_timestamp": 1648721226, "_runtime": 15, "_step": 99, "_wandb": {"runtime": 16}}