{"train_acc": 1.0, "test_acc": 0.7235988034091551, "val_acc": 0.72, "loss": 0.10142368078231812, "_timestamp": 1648813122, "_runtime": 63, "_step": 599, "_wandb": {"runtime": 64}}