{"train_acc": 1.0, "test_acc": 0.5381443298969072, "val_acc": 0.5452054794520548, "loss": 0.1277429759502411, "_timestamp": 1648910239, "_runtime": 12, "_step": 99, "_wandb": {"runtime": 13}}