{"train_acc": 0.9866666666666667, "test_acc": 0.6583333333333333, "val_acc": 0.6356756756756756, "loss": 1.1847360134124756, "_timestamp": 1648906980, "_runtime": 16, "_step": 249, "_wandb": {"runtime": 17}}