{"train_acc": 1.0, "test_acc": 0.554639175257732, "val_acc": 0.5501369863013699, "loss": 0.16525034606456757, "_timestamp": 1648907953, "_runtime": 16, "_step": 99, "_wandb": {"runtime": 15}}