{"train_acc": 1.0, "test_acc": 0.7016989332279732, "val_acc": 0.7028571428571428, "loss": 0.1406269371509552, "_timestamp": 1648807523, "_runtime": 50, "_step": 599, "_wandb": {"runtime": 51}}