{"train_acc": 1.0, "test_acc": 0.7142292713213299, "val_acc": 0.7163636363636363, "loss": 0.10759615898132324, "_timestamp": 1648861583, "_runtime": 39, "_step": 599, "_wandb": {"runtime": 39}}