{"train_acc": 1.0, "test_acc": 0.5917525773195876, "val_acc": 0.5764383561643835, "loss": 0.14645829796791077, "_timestamp": 1648814746, "_runtime": 61, "_step": 99, "_wandb": {"runtime": 61}}