{"train_acc": 1.0, "test_acc": 0.7347180673928995, "val_acc": 0.7355844155844156, "loss": 0.12207207083702087, "_timestamp": 1648812970, "_runtime": 66, "_step": 599, "_wandb": {"runtime": 67}}