{"train_acc": 1.0, "test_acc": 0.7489981373821754, "val_acc": 0.7551451187335092, "loss": 0.10560799390077591, "_timestamp": 1648791750, "_runtime": 278, "_step": 599, "_wandb": {"runtime": 279}}