{"train_acc": 1.0, "test_acc": 0.6639175257731958, "val_acc": 0.6465753424657534, "loss": 0.09145812690258026, "_timestamp": 1648808104, "_runtime": 21, "_step": 99, "_wandb": {"runtime": 23}}