{"train_acc": 1.0, "test_acc": 0.688773494383925, "val_acc": 0.6914285714285714, "loss": 0.12123505771160126, "_timestamp": 1648826609, "_runtime": 212, "_step": 599, "_wandb": {"runtime": 213}}