{"train_acc": 1.0, "test_acc": 0.761415589546763, "val_acc": 0.747012987012987, "loss": 0.002117916475981474, "_timestamp": 1648849299, "_runtime": 293, "_step": 599, "_wandb": {"runtime": 293}}