{"train_acc": 1.0, "test_acc": 0.8754218855471387, "val_acc": 0.8795675675675676, "loss": 1.3322200775146484, "_timestamp": 1648720846, "_runtime": 31, "_step": 249, "_wandb": {"runtime": 33}}