{"train_acc": 1.0, "test_acc": 0.5649484536082474, "val_acc": 0.5643835616438356, "loss": 0.16273760795593262, "_timestamp": 1648916768, "_runtime": 29, "_step": 99, "_wandb": {"runtime": 30}}