{"train_acc": 1.0, "test_acc": 0.6, "val_acc": 0.6172972972972973, "loss": 1.0464637279510498, "_timestamp": 1648862216, "_runtime": 18, "_step": 249, "_wandb": {"runtime": 19}}