{"train_acc": 1.0, "test_acc": 0.5793814432989691, "val_acc": 0.5852054794520548, "loss": 0.12320148944854736, "_timestamp": 1648718378, "_runtime": 44, "_step": 99, "_wandb": {"runtime": 45}}