{"train_acc": 0.9933333333333333, "test_acc": 0.5916666666666667, "val_acc": 0.6389189189189189, "loss": 1.0460009574890137, "_timestamp": 1648721828, "_runtime": 21, "_step": 249, "_wandb": {"runtime": 22}}