{"train_acc": 1.0, "test_acc": 0.6, "val_acc": 0.6389189189189189, "loss": 1.1295313835144043, "_timestamp": 1648913452, "_runtime": 21, "_step": 249, "_wandb": {"runtime": 22}}