{"train_acc": 1.0, "test_acc": 0.5876288659793815, "val_acc": 0.536986301369863, "loss": 0.11236336082220078, "_timestamp": 1648861401, "_runtime": 13, "_step": 99, "_wandb": {"runtime": 15}}