{"train_acc": 1.0, "test_acc": 0.705254839984196, "val_acc": 0.7155672823218997, "loss": 0.12421321123838425, "_timestamp": 1648785498, "_runtime": 58, "_step": 599, "_wandb": {"runtime": 59}}