{"train_acc": 1.0, "test_acc": 0.6123711340206186, "val_acc": 0.5928767123287672, "loss": 0.11873525381088257, "_timestamp": 1648866992, "_runtime": 22, "_step": 99, "_wandb": {"runtime": 23}}