{"train_acc": 0.12666666666666668, "test_acc": 0.11666666666666667, "val_acc": 0.09675675675675675, "loss": 314396032.0, "_timestamp": 1648804593, "_runtime": 21, "_step": 249, "_wandb": {"runtime": 22}}