{"train_acc": 1.0, "test_acc": 0.5072164948453608, "val_acc": 0.5336986301369863, "loss": 0.15431305766105652, "_timestamp": 1648915643, "_runtime": 29, "_step": 99, "_wandb": {"runtime": 30}}