{"train_acc": 1.0, "test_acc": 0.7195876288659794, "val_acc": 0.7468493150684932, "loss": 0.039722125977277756, "_timestamp": 1648908826, "_runtime": 14, "_step": 99, "_wandb": {"runtime": 14}}