{"train_acc": 1.0, "test_acc": 0.5835051546391753, "val_acc": 0.5665753424657535, "loss": 0.15751823782920837, "_timestamp": 1648805265, "_runtime": 15, "_step": 99, "_wandb": {"runtime": 16}}