{"train_acc": 1.0, "test_acc": 0.5567010309278351, "val_acc": 0.5715068493150685, "loss": 0.1906692534685135, "_timestamp": 1648807321, "_runtime": 18, "_step": 99, "_wandb": {"runtime": 19}}