{"train_acc": 1.0, "test_acc": 0.6, "val_acc": 0.6356756756756756, "loss": 1.056562066078186, "_timestamp": 1648909451, "_runtime": 19, "_step": 249, "_wandb": {"runtime": 20}}