{"train_acc": 0.9942857142857143, "test_acc": 0.5587628865979382, "val_acc": 0.5572602739726027, "loss": 0.15153910219669342, "_timestamp": 1648863306, "_runtime": 12, "_step": 99, "_wandb": {"runtime": 13}}