{"train_acc": 0.9933333333333333, "test_acc": 0.575, "val_acc": 0.6351351351351351, "loss": 1.0064822435379028, "_timestamp": 1648917967, "_runtime": 56, "_step": 249, "_wandb": {"runtime": 56}}