{"train_acc": 1.0, "test_acc": 0.5628865979381443, "val_acc": 0.553972602739726, "loss": 0.16617727279663086, "_timestamp": 1648863797, "_runtime": 12, "_step": 99, "_wandb": {"runtime": 13}}