{"train_acc": 1.0, "test_acc": 0.8787219680492012, "val_acc": 0.8916756756756756, "loss": 1.149559736251831, "_timestamp": 1648801974, "_runtime": 29, "_step": 249, "_wandb": {"runtime": 30}}