{"train_acc": 0.9933333333333333, "test_acc": 0.6083333333333333, "val_acc": 0.64, "loss": 1.1447937488555908, "_timestamp": 1648810009, "_runtime": 21, "_step": 249, "_wandb": {"runtime": 34}}