{"train_acc": 1.0, "test_acc": 0.8869721743043576, "val_acc": 0.8877837837837838, "loss": 1.232069730758667, "_timestamp": 1648801675, "_runtime": 33, "_step": 249, "_wandb": {"runtime": 34}}