{"train_acc": 0.9933333333333333, "test_acc": 0.6083333333333333, "val_acc": 0.6491891891891892, "loss": 1.1218849420547485, "_timestamp": 1648723446, "_runtime": 167, "_step": 249, "_wandb": {"runtime": 168}}