{"train_acc": 1.0, "test_acc": 0.6166666666666667, "val_acc": 0.6264864864864865, "loss": 1.1119277477264404, "_timestamp": 1648917899, "_runtime": 55, "_step": 249, "_wandb": {"runtime": 56}}