{"train_acc": 1.0, "test_acc": 0.5381443298969072, "val_acc": 0.5194520547945205, "loss": 0.1465398073196411, "_timestamp": 1648871330, "_runtime": 52, "_step": 99, "_wandb": {"runtime": 53}}