{"train_acc": 1.0, "test_acc": 0.5649484536082474, "val_acc": 0.5441095890410959, "loss": 0.1422368288040161, "_timestamp": 1648864378, "_runtime": 11, "_step": 99, "_wandb": {"runtime": 12}}