{"train_acc": 1.0, "test_acc": 0.7166666666666667, "val_acc": 0.6616216216216216, "loss": 0.9344006180763245, "_timestamp": 1648805292, "_runtime": 28, "_step": 249, "_wandb": {"runtime": 29}}