{"train_acc": 0.9933333333333333, "test_acc": 0.6166666666666667, "val_acc": 0.6232432432432432, "loss": 1.0110702514648438, "_timestamp": 1648908433, "_runtime": 18, "_step": 249, "_wandb": {"runtime": 19}}