{"train_acc": 0.9933333333333333, "test_acc": 0.5916666666666667, "val_acc": 0.5940540540540541, "loss": 1.1360636949539185, "_timestamp": 1648866274, "_runtime": 31, "_step": 249, "_wandb": {"runtime": 31}}