{"train_acc": 0.9933333333333333, "test_acc": 0.5666666666666667, "val_acc": 0.6221621621621621, "loss": 1.134885549545288, "_timestamp": 1648814925, "_runtime": 66, "_step": 249, "_wandb": {"runtime": 66}}