{"train_acc": 1.0, "test_acc": 0.6707681887452729, "val_acc": 0.6503896103896104, "loss": 0.09785600751638412, "_timestamp": 1648830085, "_runtime": 159, "_step": 599, "_wandb": {"runtime": 160}}