{"train_acc": 0.9933333333333333, "test_acc": 0.5583333333333333, "val_acc": 0.6275675675675676, "loss": 1.0975574254989624, "_timestamp": 1648924778, "_runtime": 89, "_step": 249, "_wandb": {"runtime": 90}}