{"train_acc": 1.0, "test_acc": 0.867996699917498, "val_acc": 0.870054054054054, "loss": 1.15752112865448, "_timestamp": 1648864228, "_runtime": 26, "_step": 249, "_wandb": {"runtime": 27}}