{"train_acc": 1.0, "test_acc": 0.643298969072165, "val_acc": 0.6334246575342466, "loss": 0.05121452733874321, "_timestamp": 1648801905, "_runtime": 13, "_step": 99, "_wandb": {"runtime": 15}}