{"train_acc": 1.0, "test_acc": 0.6416666666666667, "val_acc": 0.6918918918918919, "loss": 1.1742852926254272, "_timestamp": 1648725404, "_runtime": 102, "_step": 249, "_wandb": {"runtime": 103}}