{"train_acc": 0.9866666666666667, "test_acc": 0.6833333333333333, "val_acc": 0.632972972972973, "loss": 1.1213728189468384, "_timestamp": 1648718865, "_runtime": 26, "_step": 249, "_wandb": {"runtime": 27}}