{"train_acc": 1.0, "test_acc": 0.7164869898967093, "val_acc": 0.7054545454545454, "loss": 0.07845013588666916, "_timestamp": 1648874047, "_runtime": 113, "_step": 599, "_wandb": {"runtime": 113}}