{"train_acc": 1.0, "test_acc": 0.5752577319587628, "val_acc": 0.5610958904109589, "loss": 0.131352961063385, "_timestamp": 1648720216, "_runtime": 15, "_step": 99, "_wandb": {"runtime": 16}}