{"train_acc": 1.0, "test_acc": 0.6166666666666667, "val_acc": 0.6335135135135135, "loss": 1.0631884336471558, "_timestamp": 1648818730, "_runtime": 129, "_step": 249, "_wandb": {"runtime": 130}}