{"train_acc": 1.0, "test_acc": 0.5711340206185567, "val_acc": 0.5632876712328767, "loss": 0.1562865823507309, "_timestamp": 1648910577, "_runtime": 15, "_step": 99, "_wandb": {"runtime": 16}}