{"train_acc": 0.9933333333333333, "test_acc": 0.7333333333333333, "val_acc": 0.7302702702702702, "loss": 1.0401849746704102, "_timestamp": 1648817449, "_runtime": 78, "_step": 249, "_wandb": {"runtime": 79}}