{"train_acc": 0.16666666666666666, "test_acc": 0.075, "val_acc": 0.049189189189189186, "loss": NaN, "_timestamp": 1648810888, "_runtime": 48, "_step": 249, "_wandb": {"runtime": 50}}