{"train_acc": 1.0, "test_acc": 0.8898972474311858, "val_acc": 0.8947027027027027, "loss": 1.3506028652191162, "_timestamp": 1648803278, "_runtime": 78, "_step": 249, "_wandb": {"runtime": 80}}