{"train_acc": 0.9866666666666667, "test_acc": 0.6666666666666666, "val_acc": 0.6302702702702703, "loss": 1.096351981163025, "_timestamp": 1648809674, "_runtime": 22, "_step": 249, "_wandb": {"runtime": 23}}