{"train_acc": 1.0, "test_acc": 0.5628865979381443, "val_acc": 0.5791780821917808, "loss": 0.19960305094718933, "_timestamp": 1648809254, "_runtime": 29, "_step": 99, "_wandb": {"runtime": 30}}