{"train_acc": 1.0, "test_acc": 0.5583333333333333, "val_acc": 0.6416216216216216, "loss": 1.0595301389694214, "_timestamp": 1648801598, "_runtime": 18, "_step": 249, "_wandb": {"runtime": 18}}