{"train_acc": 1.0, "test_acc": 0.7261387368064571, "val_acc": 0.7262337662337662, "loss": 0.09781409800052643, "_timestamp": 1648803700, "_runtime": 39, "_step": 599, "_wandb": {"runtime": 39}}