{"train_acc": 1.0, "test_acc": 0.7491110233109443, "val_acc": 0.7532467532467533, "loss": 0.00895137432962656, "_timestamp": 1648818521, "_runtime": 135, "_step": 599, "_wandb": {"runtime": 135}}