{"train_acc": 1.0, "test_acc": 0.7143421572500988, "val_acc": 0.7282321899736148, "loss": 0.11204677075147629, "_timestamp": 1648785262, "_runtime": 360, "_step": 599, "_wandb": {"runtime": 360}}