{"train_acc": 1.0, "test_acc": 0.6666666666666666, "val_acc": 0.6313513513513513, "loss": 1.1156312227249146, "_timestamp": 1648719315, "_runtime": 28, "_step": 249, "_wandb": {"runtime": 29}}