{"train_acc": 1.0, "test_acc": 0.8754968874221856, "val_acc": 0.8789189189189189, "loss": 1.212308645248413, "_timestamp": 1648719136, "_runtime": 69, "_step": 249, "_wandb": {"runtime": 69}}