{"train_acc": 0.9733333333333334, "test_acc": 0.5416666666666666, "val_acc": 0.6254054054054055, "loss": 1.096254825592041, "_timestamp": 1648907895, "_runtime": 19, "_step": 249, "_wandb": {"runtime": 18}}