{"train_acc": 0.9866666666666667, "test_acc": 0.7166666666666667, "val_acc": 0.6767567567567567, "loss": 0.6121499538421631, "_timestamp": 1648803305, "_runtime": 18, "_step": 249, "_wandb": {"runtime": 19}}