{"train_acc": 1.0, "test_acc": 0.5958762886597938, "val_acc": 0.6021917808219178, "loss": 0.189830482006073, "_timestamp": 1648911029, "_runtime": 14, "_step": 99, "_wandb": {"runtime": 16}}