{"train_acc": 0.9866666666666667, "test_acc": 0.675, "val_acc": 0.587027027027027, "loss": 1.07025146484375, "_timestamp": 1648804037, "_runtime": 21, "_step": 249, "_wandb": {"runtime": 21}}