{"train_acc": 1.0, "test_acc": 0.6875317491674663, "val_acc": 0.6867532467532468, "loss": 0.10763608664274216, "_timestamp": 1648868816, "_runtime": 60, "_step": 599, "_wandb": {"runtime": 61}}