{"train_acc": 1.0, "test_acc": 0.5855670103092784, "val_acc": 0.5715068493150685, "loss": 0.13422247767448425, "_timestamp": 1648718847, "_runtime": 14, "_step": 99, "_wandb": {"runtime": 14}}