{"train_acc": 1.0, "test_acc": 0.9100727518187954, "val_acc": 0.9154594594594595, "loss": 1.2309660911560059, "_timestamp": 1648820996, "_runtime": 102, "_step": 249, "_wandb": {"runtime": 104}}