{"train_acc": 1.0, "test_acc": 0.8844971124278107, "val_acc": 0.8918918918918919, "loss": 1.2519475221633911, "_timestamp": 1648802057, "_runtime": 30, "_step": 249, "_wandb": {"runtime": 30}}