{"train_acc": 1.0, "test_acc": 0.554639175257732, "val_acc": 0.5545205479452054, "loss": 0.09310887008905411, "_timestamp": 1648814319, "_runtime": 56, "_step": 99, "_wandb": {"runtime": 56}}