{"train_acc": 1.0, "test_acc": 0.5896907216494846, "val_acc": 0.606027397260274, "loss": 0.13826097548007965, "_timestamp": 1648863256, "_runtime": 15, "_step": 99, "_wandb": {"runtime": 16}}