{"train_acc": 1.0, "test_acc": 0.7, "val_acc": 0.6724324324324324, "loss": 0.8199883103370667, "_timestamp": 1648726188, "_runtime": 20, "_step": 249, "_wandb": {"runtime": 21}}