{"train_acc": 1.0, "test_acc": 0.8871221780544514, "val_acc": 0.894918918918919, "loss": 1.3119574785232544, "_timestamp": 1648813085, "_runtime": 37, "_step": 249, "_wandb": {"runtime": 38}}