{"train_acc": 1.0, "test_acc": 0.758424112434385, "val_acc": 0.7516883116883117, "loss": 0.043470192700624466, "_timestamp": 1648803979, "_runtime": 37, "_step": 599, "_wandb": {"runtime": 38}}