{"train_acc": 0.3333333333333333, "test_acc": 0.39210927357904835, "val_acc": 0.3974025974025974, "loss": 48.07557678222656, "_timestamp": 1648804133, "_runtime": 42, "_step": 599, "_wandb": {"runtime": 43}}