{"train_acc": 1.0, "test_acc": 0.575, "val_acc": 0.6135135135135135, "loss": 1.1191823482513428, "_timestamp": 1648861551, "_runtime": 15, "_step": 249, "_wandb": {"runtime": 16}}