{"train_acc": 1.0, "test_acc": 0.5835051546391753, "val_acc": 0.5808219178082191, "loss": 0.14570339024066925, "_timestamp": 1648863455, "_runtime": 13, "_step": 99, "_wandb": {"runtime": 14}}