{"train_acc": 1.0, "test_acc": 0.6618556701030928, "val_acc": 0.6087671232876712, "loss": 0.10343217104673386, "_timestamp": 1648915261, "_runtime": 21, "_step": 99, "_wandb": {"runtime": 22}}