{"train_acc": 1.0, "test_acc": 0.5195876288659794, "val_acc": 0.5797260273972603, "loss": 0.12646502256393433, "_timestamp": 1648717743, "_runtime": 34, "_step": 36}