{"train_acc": 1.0, "test_acc": 0.8841221030525763, "val_acc": 0.8864864864864865, "loss": 1.2298306226730347, "_timestamp": 1648864190, "_runtime": 27, "_step": 249, "_wandb": {"runtime": 27}}