{"train_acc": 0.9933333333333333, "test_acc": 0.5916666666666667, "val_acc": 0.5978378378378378, "loss": 1.1340092420578003, "_timestamp": 1648812408, "_runtime": 45, "_step": 249, "_wandb": {"runtime": 45}}