{"train_acc": 1.0, "test_acc": 0.883147078676967, "val_acc": 0.8761081081081081, "loss": 1.2168017625808716, "_timestamp": 1648720756, "_runtime": 172, "_step": 249, "_wandb": {"runtime": 172}}