{"train_acc": 1.0, "test_acc": 0.5278350515463918, "val_acc": 0.5671232876712329, "loss": 0.16078302264213562, "_timestamp": 1648865706, "_runtime": 15, "_step": 99, "_wandb": {"runtime": 16}}