{"train_acc": 1.0, "test_acc": 0.5731958762886598, "val_acc": 0.5802739726027397, "loss": 0.14001868665218353, "_timestamp": 1648805979, "_runtime": 16, "_step": 99, "_wandb": {"runtime": 17}}