{"train_acc": 1.0, "test_acc": 0.6083333333333333, "val_acc": 0.6156756756756757, "loss": 1.08634614944458, "_timestamp": 1648802012, "_runtime": 17, "_step": 249, "_wandb": {"runtime": 18}}