{"train_acc": 1.0, "test_acc": 0.5752577319587628, "val_acc": 0.56, "loss": 0.13780157268047333, "_timestamp": 1648917986, "_runtime": 45, "_step": 99, "_wandb": {"runtime": 46}}