{"train_acc": 1.0, "test_acc": 0.7135519557487159, "val_acc": 0.7272727272727273, "loss": 0.09570223838090897, "_timestamp": 1648879700, "_runtime": 213, "_step": 599, "_wandb": {"runtime": 215}}