{"train_acc": 1.0, "test_acc": 0.7705029068126658, "val_acc": 0.7709090909090909, "loss": 0.0030312028247863054, "_timestamp": 1648802935, "_runtime": 37, "_step": 599, "_wandb": {"runtime": 38}}