{"train_acc": 0.8666666666666667, "test_acc": 0.7126488683185641, "val_acc": 0.7096103896103896, "loss": 0.8923014402389526, "_timestamp": 1648827701, "_runtime": 202, "_step": 599, "_wandb": {"runtime": 203}}