{"train_acc": 0.14285714285714285, "test_acc": 0.1402061855670103, "val_acc": 0.13753424657534247, "loss": NaN, "_timestamp": 1648813397, "_runtime": 34, "_step": 99, "_wandb": {"runtime": 34}}