{"train_acc": 1.0, "test_acc": 0.8801470036750919, "val_acc": 0.8817297297297297, "loss": 1.3427456617355347, "_timestamp": 1648807939, "_runtime": 32, "_step": 249, "_wandb": {"runtime": 33}}