{"train_acc": 1.0, "test_acc": 0.7085285319184964, "val_acc": 0.7085714285714285, "loss": 0.0889468565583229, "_timestamp": 1648877855, "_runtime": 199, "_step": 599, "_wandb": {"runtime": 200}}