{"train_acc": 1.0, "test_acc": 0.5814432989690722, "val_acc": 0.5846575342465753, "loss": 0.10718107223510742, "_timestamp": 1648812264, "_runtime": 34, "_step": 99, "_wandb": {"runtime": 35}}