{"train_acc": 1.0, "test_acc": 0.5463917525773195, "val_acc": 0.5342465753424658, "loss": 0.14833848178386688, "_timestamp": 1648865679, "_runtime": 16, "_step": 99, "_wandb": {"runtime": 17}}