{"train_acc": 1.0, "test_acc": 0.7223006152283118, "val_acc": 0.7194805194805195, "loss": 0.10592883080244064, "_timestamp": 1648865806, "_runtime": 52, "_step": 599, "_wandb": {"runtime": 53}}