{"train_acc": 1.0, "test_acc": 0.8918472961824045, "val_acc": 0.8968648648648648, "loss": 1.3173054456710815, "_timestamp": 1648722560, "_runtime": 171, "_step": 249, "_wandb": {"runtime": 171}}