{"train_acc": 1.0, "test_acc": 0.5583333333333333, "val_acc": 0.6502702702702703, "loss": 1.1100263595581055, "_timestamp": 1648866890, "_runtime": 22, "_step": 249, "_wandb": {"runtime": 23}}