{"train_acc": 1.0, "test_acc": 0.5731958762886598, "val_acc": 0.5791780821917808, "loss": 0.14418166875839233, "_timestamp": 1648868196, "_runtime": 23, "_step": 99, "_wandb": {"runtime": 24}}