{"train_acc": 1.0, "test_acc": 0.7793814432989691, "val_acc": 0.8054794520547945, "loss": 0.009447522461414337, "_timestamp": 1648908599, "_runtime": 14, "_step": 99, "_wandb": {"runtime": 15}}