{"train_acc": 1.0, "test_acc": 0.7166666666666667, "val_acc": 0.7102702702702702, "loss": 0.8919979929924011, "_timestamp": 1648921215, "_runtime": 56, "_step": 249, "_wandb": {"runtime": 57}}