{"train_acc": 0.3333333333333333, "test_acc": 0.20680702150476943, "val_acc": 0.21506493506493507, "loss": NaN, "_timestamp": 1648827926, "_runtime": 213, "_step": 599, "_wandb": {"runtime": 213}}