{"train_acc": 0.6933333333333334, "test_acc": 0.3928994750804312, "val_acc": 0.40103896103896103, "loss": 13541.0341796875, "_timestamp": 1648807289, "_runtime": 47, "_step": 599, "_wandb": {"runtime": 47}}