{"train_acc": 0.3333333333333333, "test_acc": 0.20629903482530904, "val_acc": 0.21974025974025974, "loss": NaN, "_timestamp": 1648834550, "_runtime": 156, "_step": 599, "_wandb": {"runtime": 156}}