{"train_acc": 0.9866666666666667, "test_acc": 0.6333333333333333, "val_acc": 0.6432432432432432, "loss": 1.0783289670944214, "_timestamp": 1648809219, "_runtime": 23, "_step": 249, "_wandb": {"runtime": 24}}