{"train_acc": 0.9933333333333333, "test_acc": 0.5916666666666667, "val_acc": 0.6254054054054055, "loss": 1.0766175985336304, "_timestamp": 1648915669, "_runtime": 31, "_step": 249, "_wandb": {"runtime": 32}}