{"train_acc": 1.0, "test_acc": 0.7213410848337755, "val_acc": 0.7054545454545454, "loss": 0.08145038038492203, "_timestamp": 1648869327, "_runtime": 61, "_step": 599, "_wandb": {"runtime": 61}}