{"train_acc": 1.0, "test_acc": 0.6833333333333333, "val_acc": 0.6432432432432432, "loss": 1.1163395643234253, "_timestamp": 1648808907, "_runtime": 34, "_step": 249, "_wandb": {"runtime": 35}}