{"train_acc": 1.0, "test_acc": 0.8823970599264982, "val_acc": 0.8882162162162163, "loss": 1.2943105697631836, "_timestamp": 1648822759, "_runtime": 139, "_step": 249, "_wandb": {"runtime": 139}}