{"train_acc": 1.0, "test_acc": 0.675622283682339, "val_acc": 0.6654545454545454, "loss": 0.10775933414697647, "_timestamp": 1648870407, "_runtime": 59, "_step": 599, "_wandb": {"runtime": 59}}