{"train_acc": 0.9933333333333333, "test_acc": 0.6666666666666666, "val_acc": 0.6270270270270271, "loss": 1.073866605758667, "_timestamp": 1648916609, "_runtime": 37, "_step": 249, "_wandb": {"runtime": 38}}