{"train_acc": 1.0, "test_acc": 0.5916666666666667, "val_acc": 0.6021621621621621, "loss": 1.0952285528182983, "_timestamp": 1648907642, "_runtime": 18, "_step": 249, "_wandb": {"runtime": 19}}