{"train_acc": 1.0, "test_acc": 0.5855670103092784, "val_acc": 0.5408219178082192, "loss": 0.10380864888429642, "_timestamp": 1648867082, "_runtime": 20, "_step": 99, "_wandb": {"runtime": 21}}