{"train_acc": 1.0, "test_acc": 0.7382739741491223, "val_acc": 0.7361038961038961, "loss": 0.07775623351335526, "_timestamp": 1648821015, "_runtime": 136, "_step": 599, "_wandb": {"runtime": 136}}