{"train_acc": 1.0, "test_acc": 0.5525773195876289, "val_acc": 0.5802739726027397, "loss": 0.111485555768013, "_timestamp": 1648803193, "_runtime": 17, "_step": 99, "_wandb": {"runtime": 18}}