{"train_acc": 1.0, "test_acc": 0.7083333333333334, "val_acc": 0.6989189189189189, "loss": 1.0364586114883423, "_timestamp": 1648816055, "_runtime": 66, "_step": 249, "_wandb": {"runtime": 66}}