{"train_acc": 1.0, "test_acc": 0.7077383304171135, "val_acc": 0.6877922077922078, "loss": 0.06938353925943375, "_timestamp": 1648863587, "_runtime": 40, "_step": 599, "_wandb": {"runtime": 40}}