{"train_acc": 1.0, "test_acc": 0.5773195876288659, "val_acc": 0.5671232876712329, "loss": 0.11995653063058853, "_timestamp": 1648865019, "_runtime": 17, "_step": 99, "_wandb": {"runtime": 17}}