{"train_acc": 1.0, "test_acc": 0.5525773195876289, "val_acc": 0.5638356164383561, "loss": 0.15703637897968292, "_timestamp": 1648807493, "_runtime": 17, "_step": 99, "_wandb": {"runtime": 17}}