{"train_acc": 1.0, "test_acc": 0.7146808150364057, "val_acc": 0.7142857142857143, "loss": 0.11561782658100128, "_timestamp": 1648863744, "_runtime": 47, "_step": 599, "_wandb": {"runtime": 47}}