{"train_acc": 1.0, "test_acc": 0.5278350515463918, "val_acc": 0.5167123287671233, "loss": 0.14116144180297852, "_timestamp": 1648807702, "_runtime": 17, "_step": 99, "_wandb": {"runtime": 18}}