{"train_acc": 1.0, "test_acc": 0.7186318225433199, "val_acc": 0.7085714285714285, "loss": 0.08366617560386658, "_timestamp": 1648867913, "_runtime": 56, "_step": 599, "_wandb": {"runtime": 57}}