{"train_acc": 1.0, "test_acc": 0.8810470261756544, "val_acc": 0.8832432432432432, "loss": 1.322666049003601, "_timestamp": 1648808382, "_runtime": 30, "_step": 249, "_wandb": {"runtime": 31}}