{"train_acc": 0.9866666666666667, "test_acc": 0.6416666666666667, "val_acc": 0.625945945945946, "loss": 1.039937973022461, "_timestamp": 1648866927, "_runtime": 25, "_step": 249, "_wandb": {"runtime": 26}}