{"train_acc": 1.0, "test_acc": 0.7051983970198115, "val_acc": 0.6966233766233766, "loss": 0.11095871031284332, "_timestamp": 1648802695, "_runtime": 39, "_step": 599, "_wandb": {"runtime": 39}}