{"train_acc": 0.9933333333333333, "test_acc": 0.6333333333333333, "val_acc": 0.6508108108108108, "loss": 1.0902976989746094, "_timestamp": 1648870236, "_runtime": 68, "_step": 249, "_wandb": {"runtime": 69}}