{"train_acc": 1.0, "test_acc": 0.6515463917525773, "val_acc": 0.6717808219178082, "loss": 0.00718099856749177, "_timestamp": 1648909394, "_runtime": 15, "_step": 99, "_wandb": {"runtime": 16}}