{"train_acc": 0.16666666666666666, "test_acc": 0.058333333333333334, "val_acc": 0.05027027027027027, "loss": NaN, "_timestamp": 1648912699, "_runtime": 20, "_step": 249, "_wandb": {"runtime": 21}}