{"train_acc": 0.9933333333333333, "test_acc": 0.6083333333333333, "val_acc": 0.634054054054054, "loss": 1.129960536956787, "_timestamp": 1648864254, "_runtime": 19, "_step": 249, "_wandb": {"runtime": 36}}