{"train_acc": 1.0, "test_acc": 0.6962239656826776, "val_acc": 0.6939313984168866, "loss": 0.1355781853199005, "_timestamp": 1648786216, "_runtime": 339, "_step": 599, "_wandb": {"runtime": 340}}