{"train_acc": 1.0, "test_acc": 0.65, "val_acc": 0.6583783783783784, "loss": 1.1132372617721558, "_timestamp": 1648861730, "_runtime": 16, "_step": 249, "_wandb": {"runtime": 17}}