{"train_acc": 1.0, "test_acc": 0.7431845120505729, "val_acc": 0.7407792207792208, "loss": 0.09439406543970108, "_timestamp": 1648803930, "_runtime": 39, "_step": 599, "_wandb": {"runtime": 39}}