{"train_acc": 1.0, "test_acc": 0.7711340206185567, "val_acc": 0.7610958904109589, "loss": 0.02348269894719124, "_timestamp": 1648909135, "_runtime": 15, "_step": 99, "_wandb": {"runtime": 15}}