{"train_acc": 0.9933333333333333, "test_acc": 0.625, "val_acc": 0.6362162162162163, "loss": 1.084697961807251, "_timestamp": 1648807161, "_runtime": 25, "_step": 249, "_wandb": {"runtime": 26}}