{"train_acc": 1.0, "test_acc": 0.7381610882203533, "val_acc": 0.7501298701298701, "loss": 0.01502145454287529, "_timestamp": 1648812321, "_runtime": 58, "_step": 599, "_wandb": {"runtime": 58}}