{"train_acc": 1.0, "test_acc": 0.7740023706045042, "val_acc": 0.7792207792207793, "loss": 0.009738185442984104, "_timestamp": 1648814075, "_runtime": 60, "_step": 599, "_wandb": {"runtime": 61}}