{"train_acc": 1.0, "test_acc": 0.886747168679217, "val_acc": 0.8962162162162162, "loss": 1.2663960456848145, "_timestamp": 1648721959, "_runtime": 154, "_step": 249, "_wandb": {"runtime": 155}}