{"train_acc": 1.0, "test_acc": 0.6932324885702997, "val_acc": 0.6883116883116883, "loss": 0.09054715186357498, "_timestamp": 1648866219, "_runtime": 54, "_step": 599, "_wandb": {"runtime": 54}}