{"train_acc": 0.9933333333333333, "test_acc": 0.575, "val_acc": 0.6518918918918919, "loss": 1.1027477979660034, "_timestamp": 1648916657, "_runtime": 37, "_step": 249, "_wandb": {"runtime": 38}}