{"train_acc": 0.9857142857142858, "test_acc": 0.65, "val_acc": 0.653072625698324, "loss": 1.1826956272125244, "_timestamp": 1648784412, "_runtime": 433, "_step": 249, "_wandb": {"runtime": 433}}