{"train_acc": 1.0, "test_acc": 0.7065530281650392, "val_acc": 0.707012987012987, "loss": 0.1091393530368805, "_timestamp": 1648804238, "_runtime": 88, "_step": 599, "_wandb": {"runtime": 89}}