{"train_acc": 0.9306666666666666, "test_acc": 0.7956198904972624, "val_acc": 0.7924324324324324, "loss": 1.8773292303085327, "_timestamp": 1648819137, "_runtime": 80, "_step": 249, "_wandb": {"runtime": 82}}