{"train_acc": 1.0, "test_acc": 0.6333333333333333, "val_acc": 0.6491891891891892, "loss": 1.050737977027893, "_timestamp": 1648810949, "_runtime": 48, "_step": 249, "_wandb": {"runtime": 49}}