{"train_acc": 1.0, "test_acc": 0.6082474226804123, "val_acc": 0.564931506849315, "loss": 0.12519380450248718, "_timestamp": 1648909602, "_runtime": 14, "_step": 99, "_wandb": {"runtime": 15}}