{"train_acc": 1.0, "test_acc": 0.8813470336758419, "val_acc": 0.8888648648648648, "loss": 1.2108858823776245, "_timestamp": 1648823960, "_runtime": 121, "_step": 249, "_wandb": {"runtime": 122}}