{"train_acc": 1.0, "test_acc": 0.7457808884122594, "val_acc": 0.7454545454545455, "loss": 0.06066553294658661, "_timestamp": 1648830781, "_runtime": 157, "_step": 599, "_wandb": {"runtime": 158}}