{"train_acc": 1.0, "test_acc": 0.6893943669921544, "val_acc": 0.6888311688311688, "loss": 0.12151782959699631, "_timestamp": 1648876853, "_runtime": 190, "_step": 599, "_wandb": {"runtime": 190}}