{"train_acc": 0.9933333333333333, "test_acc": 0.6333333333333333, "val_acc": 0.6383783783783784, "loss": 1.113411784172058, "_timestamp": 1648804454, "_runtime": 24, "_step": 249, "_wandb": {"runtime": 24}}