{"train_acc": 1.0, "test_acc": 0.6416666666666667, "val_acc": 0.6421621621621622, "loss": 1.0863170623779297, "_timestamp": 1648875475, "_runtime": 125, "_step": 249, "_wandb": {"runtime": 126}}