{"train_acc": 1.0, "test_acc": 0.7171643054693233, "val_acc": 0.6997402597402598, "loss": 0.07049820572137833, "_timestamp": 1648821165, "_runtime": 138, "_step": 599, "_wandb": {"runtime": 138}}