{"train_acc": 1.0, "test_acc": 0.7263080656996106, "val_acc": 0.730909090909091, "loss": 0.07947325706481934, "_timestamp": 1648806198, "_runtime": 43, "_step": 599, "_wandb": {"runtime": 44}}