{"train_acc": 1.0, "test_acc": 0.8829970749268732, "val_acc": 0.8912432432432432, "loss": 1.28880774974823, "_timestamp": 1648870419, "_runtime": 52, "_step": 249, "_wandb": {"runtime": 52}}