{"train_acc": 1.0, "test_acc": 0.6082474226804123, "val_acc": 0.5698630136986301, "loss": 0.14086124300956726, "_timestamp": 1648911776, "_runtime": 13, "_step": 99, "_wandb": {"runtime": 15}}