{"train_acc": 1.0, "test_acc": 0.6769204718631823, "val_acc": 0.681038961038961, "loss": 0.1187126636505127, "_timestamp": 1648861871, "_runtime": 35, "_step": 599, "_wandb": {"runtime": 36}}