{"train_acc": 1.0, "test_acc": 0.6583333333333333, "val_acc": 0.5913513513513513, "loss": 1.0593562126159668, "_timestamp": 1648814150, "_runtime": 72, "_step": 249, "_wandb": {"runtime": 69}}