{"train_acc": 1.0, "test_acc": 0.7492803522040977, "val_acc": 0.7532467532467533, "loss": 0.00023923543631099164, "_timestamp": 1648821612, "_runtime": 137, "_step": 599, "_wandb": {"runtime": 138}}