{"train_acc": 0.13333333333333333, "test_acc": 0.033825845646141155, "val_acc": 0.026810810810810812, "loss": 5.761376857757568, "_timestamp": 1648804084, "_runtime": 28, "_step": 249, "_wandb": {"runtime": 29}}