{"train_acc": 1.0, "test_acc": 0.5257731958762887, "val_acc": 0.5304109589041096, "loss": 0.13107123970985413, "_timestamp": 1648801796, "_runtime": 14, "_step": 99, "_wandb": {"runtime": 15}}