{"train_acc": 1.0, "test_acc": 0.7322910199243664, "val_acc": 0.7361038961038961, "loss": 0.08884400129318237, "_timestamp": 1648860709, "_runtime": 42, "_step": 599, "_wandb": {"runtime": 42}}