{"train_acc": 1.0, "test_acc": 0.9150978774469362, "val_acc": 0.916972972972973, "loss": 1.28538179397583, "_timestamp": 1648803591, "_runtime": 33, "_step": 249, "_wandb": {"runtime": 34}}