{"train_acc": 1.0, "test_acc": 0.88187204680117, "val_acc": 0.8854054054054054, "loss": 1.2133582830429077, "_timestamp": 1648723194, "_runtime": 31, "_step": 249, "_wandb": {"runtime": 31}}