{"train_acc": 1.0, "test_acc": 0.725, "val_acc": 0.7367567567567568, "loss": 0.8004325032234192, "_timestamp": 1648914583, "_runtime": 22, "_step": 249, "_wandb": {"runtime": 23}}