{"train_acc": 1.0, "test_acc": 0.8529213230330758, "val_acc": 0.8534054054054054, "loss": 1.4039751291275024, "_timestamp": 1648869241, "_runtime": 45, "_step": 249, "_wandb": {"runtime": 46}}