{"train_acc": 0.912, "test_acc": 0.850371259281482, "val_acc": 0.836972972972973, "loss": 1.8002088069915771, "_timestamp": 1648809117, "_runtime": 42, "_step": 249, "_wandb": {"runtime": 43}}