{"train_acc": 0.9933333333333333, "test_acc": 0.675, "val_acc": 0.6356756756756756, "loss": 1.0863137245178223, "_timestamp": 1648812178, "_runtime": 49, "_step": 249, "_wandb": {"runtime": 50}}