{"train_acc": 1.0, "test_acc": 0.8946973674341858, "val_acc": 0.9005405405405406, "loss": 1.2256343364715576, "_timestamp": 1648805198, "_runtime": 31, "_step": 249, "_wandb": {"runtime": 31}}