{"train_acc": 1.0, "test_acc": 0.5670103092783505, "val_acc": 0.5917808219178082, "loss": 0.12359621375799179, "_timestamp": 1648808905, "_runtime": 29, "_step": 99, "_wandb": {"runtime": 30}}