{"train_acc": 1.0, "test_acc": 0.5422680412371134, "val_acc": 0.5676712328767123, "loss": 0.1304280012845993, "_timestamp": 1648719261, "_runtime": 15, "_step": 99, "_wandb": {"runtime": 16}}