{"train_acc": 1.0, "test_acc": 0.5587628865979382, "val_acc": 0.5501369863013699, "loss": 0.12116730958223343, "_timestamp": 1648717645, "_runtime": 27, "_step": 99, "_wandb": {"runtime": 28}}