{"train_acc": 0.9933333333333333, "test_acc": 0.6333333333333333, "val_acc": 0.6356756756756756, "loss": 1.1185716390609741, "_timestamp": 1648876004, "_runtime": 130, "_step": 249, "_wandb": {"runtime": 132}}