{"train_acc": 1.0, "test_acc": 0.6083333333333333, "val_acc": 0.6172972972972973, "loss": 1.1152541637420654, "_timestamp": 1648907757, "_runtime": 18, "_step": 249, "_wandb": {"runtime": 19}}