{"train_acc": 1.0, "test_acc": 0.732347462888751, "val_acc": 0.7371428571428571, "loss": 0.08220107853412628, "_timestamp": 1648887229, "_runtime": 293, "_step": 599, "_wandb": {"runtime": 294}}