{"train_acc": 1.0, "test_acc": 0.9143478586964674, "val_acc": 0.916108108108108, "loss": 1.3725382089614868, "_timestamp": 1648724888, "_runtime": 160, "_step": 249, "_wandb": {"runtime": 161}}