{"train_acc": 1.0, "test_acc": 0.7131568549980245, "val_acc": 0.7189610389610389, "loss": 0.1082095056772232, "_timestamp": 1648841319, "_runtime": 295, "_step": 599, "_wandb": {"runtime": 295}}