{"train_acc": 1.0, "test_acc": 0.9057976449411236, "val_acc": 0.9046486486486487, "loss": 1.277398705482483, "_timestamp": 1648880742, "_runtime": 129, "_step": 249, "_wandb": {"runtime": 130}}