{"train_acc": 1.0, "test_acc": 0.6583333333333333, "val_acc": 0.6313513513513513, "loss": 1.0563770532608032, "_timestamp": 1648804795, "_runtime": 20, "_step": 249, "_wandb": {"runtime": 21}}