{"train_acc": 1.0, "test_acc": 0.5793814432989691, "val_acc": 0.5764383561643835, "loss": 0.13501857221126556, "_timestamp": 1648908204, "_runtime": 14, "_step": 99, "_wandb": {"runtime": 15}}