{"train_acc": 0.9933333333333333, "test_acc": 0.575, "val_acc": 0.6064864864864865, "loss": 1.1526436805725098, "_timestamp": 1648866460, "_runtime": 29, "_step": 249, "_wandb": {"runtime": 30}}