{"train_acc": 1.0, "test_acc": 0.6350515463917525, "val_acc": 0.6520547945205479, "loss": 0.0446758046746254, "_timestamp": 1648908573, "_runtime": 11, "_step": 99, "_wandb": {"runtime": 12}}