{"train_acc": 0.9866666666666667, "test_acc": 0.725, "val_acc": 0.6810810810810811, "loss": 0.764689028263092, "_timestamp": 1648804976, "_runtime": 25, "_step": 249, "_wandb": {"runtime": 25}}