{"train_acc": 1.0, "test_acc": 0.7110120223514139, "val_acc": 0.7116883116883117, "loss": 0.11052324622869492, "_timestamp": 1648848082, "_runtime": 296, "_step": 599, "_wandb": {"runtime": 297}}