{"train_acc": 1.0, "test_acc": 0.5422680412371134, "val_acc": 0.5424657534246575, "loss": 0.1314404457807541, "_timestamp": 1648812218, "_runtime": 33, "_step": 99, "_wandb": {"runtime": 34}}