{"train_acc": 1.0, "test_acc": 0.6642208048766721, "val_acc": 0.6498701298701298, "loss": 0.12174408882856369, "_timestamp": 1648867255, "_runtime": 46, "_step": 599, "_wandb": {"runtime": 47}}