{"train_acc": 0.9942857142857143, "test_acc": 0.5567010309278351, "val_acc": 0.5873972602739727, "loss": 0.14788195490837097, "_timestamp": 1648721688, "_runtime": 30, "_step": 99, "_wandb": {"runtime": 31}}