{"train_acc": 1.0, "test_acc": 0.6765818140768753, "val_acc": 0.6638961038961039, "loss": 0.09596771001815796, "_timestamp": 1648802291, "_runtime": 39, "_step": 599, "_wandb": {"runtime": 40}}