{"train_acc": 1.0, "test_acc": 0.8607965199129978, "val_acc": 0.8648648648648649, "loss": 1.3376107215881348, "_timestamp": 1648875608, "_runtime": 61, "_step": 249, "_wandb": {"runtime": 62}}