{"train_acc": 0.94, "test_acc": 0.7583333333333333, "val_acc": 0.6983783783783784, "loss": 0.7640529274940491, "_timestamp": 1648920620, "_runtime": 56, "_step": 249, "_wandb": {"runtime": 57}}