{"train_acc": 1.0, "test_acc": 0.554639175257732, "val_acc": 0.5183561643835617, "loss": 0.13101696968078613, "_timestamp": 1648913796, "_runtime": 21, "_step": 99, "_wandb": {"runtime": 22}}