{"train_acc": 1.0, "test_acc": 0.7689225038099001, "val_acc": 0.7844155844155845, "loss": 0.0003855196409858763, "_timestamp": 1648812386, "_runtime": 54, "_step": 599, "_wandb": {"runtime": 54}}