{"train_acc": 1.0, "test_acc": 0.8604215105377634, "val_acc": 0.8627027027027027, "loss": 1.2571407556533813, "_timestamp": 1648874266, "_runtime": 82, "_step": 249, "_wandb": {"runtime": 83}}