{"train_acc": 1.0, "test_acc": 0.7115764519952588, "val_acc": 0.7153246753246754, "loss": 0.11967628449201584, "_timestamp": 1648819839, "_runtime": 137, "_step": 599, "_wandb": {"runtime": 137}}