{"train_acc": 1.0, "test_acc": 0.8748218705467636, "val_acc": 0.8774054054054055, "loss": 1.2994883060455322, "_timestamp": 1648722692, "_runtime": 36, "_step": 249, "_wandb": {"runtime": 37}}