{"train_acc": 1.0, "test_acc": 0.625, "val_acc": 0.6275675675675676, "loss": 1.0977205038070679, "_timestamp": 1648862537, "_runtime": 18, "_step": 249, "_wandb": {"runtime": 19}}