{"train_acc": 1.0, "test_acc": 0.5833333333333334, "val_acc": 0.6172972972972973, "loss": 1.0961464643478394, "_timestamp": 1648873915, "_runtime": 91, "_step": 249, "_wandb": {"runtime": 92}}