{"train_acc": 0.9933333333333333, "test_acc": 0.6583333333333333, "val_acc": 0.7043243243243243, "loss": 0.6590623259544373, "_timestamp": 1648802046, "_runtime": 19, "_step": 249, "_wandb": {"runtime": 20}}