{"train_acc": 1.0, "test_acc": 0.7, "val_acc": 0.6162162162162163, "loss": 1.0989288091659546, "_timestamp": 1648911289, "_runtime": 21, "_step": 249, "_wandb": {"runtime": 22}}