{"train_acc": 0.14285714285714285, "test_acc": 0.16082474226804125, "val_acc": 0.13205479452054794, "loss": NaN, "_timestamp": 1648805437, "_runtime": 16, "_step": 99, "_wandb": {"runtime": 16}}