{"train_acc": 1.0, "test_acc": 0.7333333333333333, "val_acc": 0.6648648648648648, "loss": 1.0907845497131348, "_timestamp": 1648803261, "_runtime": 53, "_step": 249, "_wandb": {"runtime": 55}}