{"train_acc": 1.0, "test_acc": 0.6164948453608248, "val_acc": 0.5715068493150685, "loss": 0.0919044241309166, "_timestamp": 1648865091, "_runtime": 17, "_step": 99, "_wandb": {"runtime": 18}}