{"train_acc": 1.0, "test_acc": 0.734020618556701, "val_acc": 0.707945205479452, "loss": 0.09560241550207138, "_timestamp": 1648910924, "_runtime": 15, "_step": 99, "_wandb": {"runtime": 16}}