{"train_acc": 1.0, "test_acc": 0.525, "val_acc": 0.6108108108108108, "loss": 1.0960063934326172, "_timestamp": 1648802109, "_runtime": 17, "_step": 249, "_wandb": {"runtime": 18}}