{"train_acc": 1.0, "test_acc": 0.7733814979962748, "val_acc": 0.7646753246753247, "loss": 0.06480678915977478, "_timestamp": 1648829230, "_runtime": 158, "_step": 599, "_wandb": {"runtime": 159}}