{"train_acc": 1.0, "test_acc": 0.7056499407348874, "val_acc": 0.717922077922078, "loss": 0.11664002388715744, "_timestamp": 1648805799, "_runtime": 49, "_step": 599, "_wandb": {"runtime": 49}}