{"train_acc": 0.9866666666666667, "test_acc": 0.6916666666666667, "val_acc": 0.6275675675675676, "loss": 1.134558081626892, "_timestamp": 1648920485, "_runtime": 55, "_step": 249, "_wandb": {"runtime": 56}}