{"train_acc": 1.0, "test_acc": 0.5958762886597938, "val_acc": 0.5780821917808219, "loss": 0.13216125965118408, "_timestamp": 1648719206, "_runtime": 19, "_step": 99, "_wandb": {"runtime": 20}}