{"train_acc": 1.0, "test_acc": 0.7896907216494845, "val_acc": 0.7775342465753424, "loss": 0.04030877351760864, "_timestamp": 1648805750, "_runtime": 18, "_step": 99, "_wandb": {"runtime": 17}}