{"train_acc": 1.0, "test_acc": 0.5793814432989691, "val_acc": 0.5813698630136986, "loss": 0.12507173418998718, "_timestamp": 1648813020, "_runtime": 37, "_step": 99, "_wandb": {"runtime": 38}}