{"train_acc": 1.0, "test_acc": 0.7096573912061861, "val_acc": 0.6857142857142857, "loss": 0.09298200905323029, "_timestamp": 1648828713, "_runtime": 158, "_step": 599, "_wandb": {"runtime": 159}}