{"train_acc": 1.0, "test_acc": 0.8934973374334358, "val_acc": 0.8931891891891892, "loss": 1.3044590950012207, "_timestamp": 1648724406, "_runtime": 28, "_step": 249, "_wandb": {"runtime": 29}}