{"train_acc": 0.8666666666666667, "test_acc": 0.7930698267456686, "val_acc": 0.7794594594594595, "loss": 1.8297604322433472, "_timestamp": 1648812189, "_runtime": 35, "_step": 249, "_wandb": {"runtime": 36}}