{"train_acc": 0.9933333333333333, "test_acc": 0.575, "val_acc": 0.6248648648648648, "loss": 1.1288504600524902, "_timestamp": 1648913877, "_runtime": 22, "_step": 249, "_wandb": {"runtime": 22}}