{"train_acc": 0.9933333333333333, "test_acc": 0.5416666666666666, "val_acc": 0.6421621621621622, "loss": 1.1164093017578125, "_timestamp": 1648821475, "_runtime": 138, "_step": 249, "_wandb": {"runtime": 138}}