{"train_acc": 1.0, "test_acc": 0.5793814432989691, "val_acc": 0.5495890410958905, "loss": 0.13848060369491577, "_timestamp": 1648718129, "_runtime": 82, "_step": 99, "_wandb": {"runtime": 83}}