{"train_acc": 1.0, "test_acc": 0.643298969072165, "val_acc": 0.5769863013698631, "loss": 0.1121709793806076, "_timestamp": 1648806473, "_runtime": 17, "_step": 99, "_wandb": {"runtime": 18}}