{"train_acc": 0.96, "test_acc": 0.7916666666666666, "val_acc": 0.7032432432432433, "loss": 0.6596324443817139, "_timestamp": 1648913972, "_runtime": 20, "_step": 249, "_wandb": {"runtime": 21}}