{"train_acc": 1.0, "test_acc": 0.5835051546391753, "val_acc": 0.5747945205479452, "loss": 0.13977988064289093, "_timestamp": 1648908278, "_runtime": 13, "_step": 99, "_wandb": {"runtime": 14}}