{"train_acc": 1.0, "test_acc": 0.6583333333333333, "val_acc": 0.6286486486486487, "loss": 1.102542519569397, "_timestamp": 1648805619, "_runtime": 27, "_step": 249, "_wandb": {"runtime": 28}}