{"train_acc": 1.0, "test_acc": 0.8870471761794045, "val_acc": 0.8947027027027027, "loss": 1.3319061994552612, "_timestamp": 1648723381, "_runtime": 41, "_step": 249, "_wandb": {"runtime": 42}}