{"train_acc": 1.0, "test_acc": 0.6103092783505155, "val_acc": 0.589041095890411, "loss": 0.13510386645793915, "_timestamp": 1648815583, "_runtime": 49, "_step": 99, "_wandb": {"runtime": 50}}