{"train_acc": 1.0, "test_acc": 0.8895972399309983, "val_acc": 0.894918918918919, "loss": 1.324394702911377, "_timestamp": 1648825923, "_runtime": 149, "_step": 249, "_wandb": {"runtime": 150}}