{"train_acc": 0.9933333333333333, "test_acc": 0.6833333333333333, "val_acc": 0.6297297297297297, "loss": 1.0208266973495483, "_timestamp": 1648909331, "_runtime": 19, "_step": 249, "_wandb": {"runtime": 20}}