{"train_acc": 0.98, "test_acc": 0.5833333333333334, "val_acc": 0.6318918918918919, "loss": 1.0990889072418213, "_timestamp": 1648724591, "_runtime": 24, "_step": 249, "_wandb": {"runtime": 25}}