{"train_acc": 1.0, "test_acc": 0.8784969624240606, "val_acc": 0.8854054054054054, "loss": 1.1714708805084229, "_timestamp": 1648810268, "_runtime": 40, "_step": 249, "_wandb": {"runtime": 41}}