{"train_acc": 1.0, "test_acc": 0.8841971049276232, "val_acc": 0.8925405405405406, "loss": 1.2495540380477905, "_timestamp": 1648814590, "_runtime": 66, "_step": 249, "_wandb": {"runtime": 67}}