{"train_acc": 0.9933333333333333, "test_acc": 0.6, "val_acc": 0.6210810810810811, "loss": 1.1159838438034058, "_timestamp": 1648718301, "_runtime": 30, "_step": 249, "_wandb": {"runtime": 32}}