{"train_acc": 0.9866666666666667, "test_acc": 0.6583333333333333, "val_acc": 0.6291891891891892, "loss": 1.065184473991394, "_timestamp": 1648861437, "_runtime": 22, "_step": 249, "_wandb": {"runtime": 22}}