{"train_acc": 0.9933333333333333, "test_acc": 0.6083333333333333, "val_acc": 0.6243243243243243, "loss": 1.0996978282928467, "_timestamp": 1648812961, "_runtime": 51, "_step": 249, "_wandb": {"runtime": 52}}