{"train_acc": 0.9866666666666667, "test_acc": 0.575, "val_acc": 0.6270270270270271, "loss": 1.1183271408081055, "_timestamp": 1648801792, "_runtime": 19, "_step": 249, "_wandb": {"runtime": 19}}