{"train_acc": 1.0, "test_acc": 0.5833333333333334, "val_acc": 0.6156756756756757, "loss": 1.134072184562683, "_timestamp": 1648815393, "_runtime": 71, "_step": 249, "_wandb": {"runtime": 72}}