{"train_acc": 0.9933333333333333, "test_acc": 0.6833333333333333, "val_acc": 0.6291891891891892, "loss": 1.072899341583252, "_timestamp": 1648816409, "_runtime": 139, "_step": 249, "_wandb": {"runtime": 143}}