{"train_acc": 1.0, "test_acc": 0.5587628865979382, "val_acc": 0.5589041095890411, "loss": 0.12208559364080429, "_timestamp": 1648867668, "_runtime": 23, "_step": 99, "_wandb": {"runtime": 23}}