{"train_acc": 1.0, "test_acc": 0.8748968724218106, "val_acc": 0.8765405405405405, "loss": 1.2986923456192017, "_timestamp": 1648807000, "_runtime": 32, "_step": 249, "_wandb": {"runtime": 33}}