{"train_acc": 1.0, "test_acc": 0.7565050516453125, "val_acc": 0.7610389610389611, "loss": 0.021372364833950996, "_timestamp": 1648871351, "_runtime": 63, "_step": 599, "_wandb": {"runtime": 63}}