{"train_acc": 0.9933333333333333, "test_acc": 0.6583333333333333, "val_acc": 0.6108108108108108, "loss": 1.1222378015518188, "_timestamp": 1648913517, "_runtime": 21, "_step": 249, "_wandb": {"runtime": 22}}