{"train_acc": 1.0, "test_acc": 0.5463917525773195, "val_acc": 0.5358904109589041, "loss": 0.1457299441099167, "_timestamp": 1648910497, "_runtime": 15, "_step": 99, "_wandb": {"runtime": 16}}