{"train_acc": 1.0, "test_acc": 0.7738330417113507, "val_acc": 0.7683116883116883, "loss": 0.004856146406382322, "_timestamp": 1648871430, "_runtime": 67, "_step": 599, "_wandb": {"runtime": 68}}