{"train_acc": 0.9933333333333333, "test_acc": 0.6416666666666667, "val_acc": 0.6405405405405405, "loss": 1.0514308214187622, "_timestamp": 1648861995, "_runtime": 18, "_step": 249, "_wandb": {"runtime": 19}}