{"train_acc": 1.0, "test_acc": 0.8850971274281857, "val_acc": 0.8910270270270271, "loss": 1.259407639503479, "_timestamp": 1648861529, "_runtime": 31, "_step": 249, "_wandb": {"runtime": 32}}