{"train_acc": 0.9933333333333333, "test_acc": 0.6, "val_acc": 0.6232432432432432, "loss": 1.1160825490951538, "_timestamp": 1648804865, "_runtime": 20, "_step": 249, "_wandb": {"runtime": 21}}