{"train_acc": 1.0, "test_acc": 0.729130213918835, "val_acc": 0.7194805194805195, "loss": 0.0985402837395668, "_timestamp": 1648845323, "_runtime": 293, "_step": 599, "_wandb": {"runtime": 293}}