{"train_acc": 1.0, "test_acc": 0.6, "val_acc": 0.6556756756756756, "loss": 1.0674564838409424, "_timestamp": 1648801825, "_runtime": 22, "_step": 249, "_wandb": {"runtime": 22}}