{"train_acc": 1.0, "test_acc": 0.7140599424281763, "val_acc": 0.7142857142857143, "loss": 0.14005860686302185, "_timestamp": 1648804844, "_runtime": 49, "_step": 599, "_wandb": {"runtime": 49}}