{"train_acc": 1.0, "test_acc": 0.5443298969072164, "val_acc": 0.5347945205479452, "loss": 0.11026264727115631, "_timestamp": 1648868981, "_runtime": 29, "_step": 99, "_wandb": {"runtime": 30}}