{"train_acc": 1.0, "test_acc": 0.5278350515463918, "val_acc": 0.5605479452054795, "loss": 0.12546898424625397, "_timestamp": 1648915565, "_runtime": 29, "_step": 99, "_wandb": {"runtime": 30}}