{"train_acc": 0.9933333333333333, "test_acc": 0.6583333333333333, "val_acc": 0.6291891891891892, "loss": 1.0437792539596558, "_timestamp": 1648867204, "_runtime": 27, "_step": 249, "_wandb": {"runtime": 28}}