{"train_acc": 1.0, "test_acc": 0.5195876288659794, "val_acc": 0.5446575342465754, "loss": 0.15826813876628876, "_timestamp": 1648910471, "_runtime": 15, "_step": 99, "_wandb": {"runtime": 16}}