{"train_acc": 0.9933333333333333, "test_acc": 0.6416666666666667, "val_acc": 0.6113513513513513, "loss": 1.064450740814209, "_timestamp": 1648809641, "_runtime": 30, "_step": 249, "_wandb": {"runtime": 31}}