{"train_acc": 1.0, "test_acc": 0.721284641869391, "val_acc": 0.7277922077922078, "loss": 0.1020100936293602, "_timestamp": 1648888906, "_runtime": 293, "_step": 599, "_wandb": {"runtime": 294}}