{"train_acc": 1.0, "test_acc": 0.5835051546391753, "val_acc": 0.5917808219178082, "loss": 0.1493118852376938, "_timestamp": 1648718284, "_runtime": 19, "_step": 99, "_wandb": {"runtime": 19}}