{"train_acc": 1.0, "test_acc": 0.882472061801545, "val_acc": 0.8856216216216216, "loss": 1.2490150928497314, "_timestamp": 1648722139, "_runtime": 38, "_step": 249, "_wandb": {"runtime": 39}}