{"train_acc": 0.98, "test_acc": 0.6916666666666667, "val_acc": 0.6481081081081081, "loss": 1.0272611379623413, "_timestamp": 1648912640, "_runtime": 18, "_step": 249, "_wandb": {"runtime": 19}}