{"train_acc": 1.0, "test_acc": 0.6416666666666667, "val_acc": 0.6237837837837837, "loss": 1.044619083404541, "_timestamp": 1648809340, "_runtime": 22, "_step": 249, "_wandb": {"runtime": 23}}