{"train_acc": 1.0, "test_acc": 0.7193091381159339, "val_acc": 0.7220779220779221, "loss": 0.09116388857364655, "_timestamp": 1648881773, "_runtime": 159, "_step": 599, "_wandb": {"runtime": 159}}