{"train_acc": 1.0, "test_acc": 0.7175257731958763, "val_acc": 0.7408219178082192, "loss": 0.06483352929353714, "_timestamp": 1648908104, "_runtime": 14, "_step": 99, "_wandb": {"runtime": 15}}