{"train_acc": 1.0, "test_acc": 0.5731958762886598, "val_acc": 0.5463013698630137, "loss": 0.13495220243930817, "_timestamp": 1648912066, "_runtime": 16, "_step": 99, "_wandb": {"runtime": 17}}