{"train_acc": 0.6666666666666666, "test_acc": 0.6173731444375459, "val_acc": 0.6197402597402597, "loss": 1.0748648643493652, "_timestamp": 1648818961, "_runtime": 134, "_step": 599, "_wandb": {"runtime": 135}}