{"train_acc": 1.0, "test_acc": 0.7066659140938082, "val_acc": 0.6877922077922078, "loss": 0.11303400993347168, "_timestamp": 1648824603, "_runtime": 209, "_step": 599, "_wandb": {"runtime": 211}}