{"train_acc": 1.0, "test_acc": 0.6123711340206186, "val_acc": 0.5676712328767123, "loss": 0.141283318400383, "_timestamp": 1648913072, "_runtime": 14, "_step": 99, "_wandb": {"runtime": 14}}