{"train_acc": 1.0, "test_acc": 0.5, "val_acc": 0.6032432432432432, "loss": 1.0857831239700317, "_timestamp": 1648808990, "_runtime": 30, "_step": 249, "_wandb": {"runtime": 32}}