{"train_acc": 0.5253333333333333, "test_acc": 0.5055126378159454, "val_acc": 0.49945945945945946, "loss": 2.296112537384033, "_timestamp": 1648827953, "_runtime": 125, "_step": 249, "_wandb": {"runtime": 125}}