{"train_acc": 1.0, "test_acc": 0.8781219530488262, "val_acc": 0.8830270270270271, "loss": 1.2850837707519531, "_timestamp": 1648803441, "_runtime": 39, "_step": 249, "_wandb": {"runtime": 36}}