{"train_acc": 0.9933333333333333, "test_acc": 0.6916666666666667, "val_acc": 0.6648648648648648, "loss": 1.0513828992843628, "_timestamp": 1648813725, "_runtime": 42, "_step": 249, "_wandb": {"runtime": 42}}