{"train_acc": 1.0, "test_acc": 0.8775219380484512, "val_acc": 0.8810810810810811, "loss": 1.3039342164993286, "_timestamp": 1648721459, "_runtime": 33, "_step": 249, "_wandb": {"runtime": 33}}