{"train_acc": 1.0, "test_acc": 0.7143986002144833, "val_acc": 0.7246753246753247, "loss": 0.1403554379940033, "_timestamp": 1648872538, "_runtime": 124, "_step": 599, "_wandb": {"runtime": 124}}