{"train_acc": 1.0, "test_acc": 0.9019725493137328, "val_acc": 0.9068108108108108, "loss": 1.3280795812606812, "_timestamp": 1648807097, "_runtime": 35, "_step": 249, "_wandb": {"runtime": 36}}