{"train_acc": 1.0, "test_acc": 0.5876288659793815, "val_acc": 0.5934246575342466, "loss": 0.11894617229700089, "_timestamp": 1648806444, "_runtime": 16, "_step": 99, "_wandb": {"runtime": 17}}