{"train_acc": 0.9933333333333333, "test_acc": 0.6, "val_acc": 0.6394594594594595, "loss": 1.0691111087799072, "_timestamp": 1648870597, "_runtime": 59, "_step": 249, "_wandb": {"runtime": 60}}