{"train_acc": 1.0, "test_acc": 0.6061855670103092, "val_acc": 0.6474683544303798, "loss": 0.24220804870128632, "_timestamp": 1648716874, "_runtime": 16, "_step": 99, "_wandb": {"runtime": 17}}