{"train_acc": 1.0, "test_acc": 0.8206185567010309, "val_acc": 0.806989247311828, "loss": 0.07045020908117294, "_timestamp": 1648532121, "_runtime": 88, "_step": 299, "_wandb": {"runtime": 88}}