{"train_acc": 0.14285714285714285, "test_acc": 0.13195876288659794, "val_acc": 0.13972602739726028, "loss": NaN, "_timestamp": 1648810508, "_runtime": 24, "_step": 99, "_wandb": {"runtime": 25}}