{"train_acc": 1.0, "test_acc": 0.8703217580439511, "val_acc": 0.8728648648648649, "loss": 1.337705373764038, "_timestamp": 1648861409, "_runtime": 27, "_step": 249, "_wandb": {"runtime": 28}}