{"train_acc": 1.0, "test_acc": 0.7123102105322572, "val_acc": 0.6971428571428572, "loss": 0.09205810725688934, "_timestamp": 1648868744, "_runtime": 58, "_step": 599, "_wandb": {"runtime": 59}}