{"train_acc": 1.0, "test_acc": 0.6666666666666666, "val_acc": 0.6410810810810811, "loss": 1.008415937423706, "_timestamp": 1648909205, "_runtime": 19, "_step": 249, "_wandb": {"runtime": 20}}