{"train_acc": 1.0, "test_acc": 0.7146808150364057, "val_acc": 0.7153246753246754, "loss": 4.800125452675275e-07, "_timestamp": 1648815374, "_runtime": 69, "_step": 599, "_wandb": {"runtime": 70}}