{"train_acc": 1.0, "test_acc": 0.7202122255460857, "val_acc": 0.7220779220779221, "loss": 0.08340390771627426, "_timestamp": 1648806353, "_runtime": 49, "_step": 599, "_wandb": {"runtime": 49}}