{"train_acc": 1.0, "test_acc": 0.5670103092783505, "val_acc": 0.5665753424657535, "loss": 0.11954788118600845, "_timestamp": 1648811293, "_runtime": 31, "_step": 99, "_wandb": {"runtime": 32}}