{"train_acc": 0.9933333333333333, "test_acc": 0.6166666666666667, "val_acc": 0.6156756756756757, "loss": 1.0078585147857666, "_timestamp": 1648809599, "_runtime": 21, "_step": 249, "_wandb": {"runtime": 22}}