{"train_acc": 0.9933333333333333, "test_acc": 0.65, "val_acc": 0.6648648648648648, "loss": 1.1859792470932007, "_timestamp": 1648924270, "_runtime": 90, "_step": 249, "_wandb": {"runtime": 91}}