{"train_acc": 1.0, "test_acc": 0.5896907216494846, "val_acc": 0.5863013698630137, "loss": 0.11988042294979095, "_timestamp": 1648913331, "_runtime": 13, "_step": 99, "_wandb": {"runtime": 14}}