{"train_acc": 1.0, "test_acc": 0.7066659140938082, "val_acc": 0.7106493506493506, "loss": 0.11528424918651581, "_timestamp": 1648826167, "_runtime": 214, "_step": 599, "_wandb": {"runtime": 215}}