{"train_acc": 0.9866666666666667, "test_acc": 0.5583333333333333, "val_acc": 0.6356756756756756, "loss": 1.1423572301864624, "_timestamp": 1648721866, "_runtime": 26, "_step": 249, "_wandb": {"runtime": 27}}