{"train_acc": 1.0, "test_acc": 0.8799219980499513, "val_acc": 0.8877837837837838, "loss": 1.3492528200149536, "_timestamp": 1648865306, "_runtime": 37, "_step": 249, "_wandb": {"runtime": 37}}