{"train_acc": 1.0, "test_acc": 0.5278350515463918, "val_acc": 0.5545205479452054, "loss": 0.1443779617547989, "_timestamp": 1648912586, "_runtime": 15, "_step": 99, "_wandb": {"runtime": 16}}