{"train_acc": 1.0, "test_acc": 0.5731958762886598, "val_acc": 0.5506849315068493, "loss": 0.1852426528930664, "_timestamp": 1648805208, "_runtime": 16, "_step": 99, "_wandb": {"runtime": 16}}