{"train_acc": 1.0, "test_acc": 0.5298969072164949, "val_acc": 0.5435616438356164, "loss": 0.1530967354774475, "_timestamp": 1648805526, "_runtime": 42, "_step": 99, "_wandb": {"runtime": 43}}