{"train_acc": 0.98, "test_acc": 0.5916666666666667, "val_acc": 0.6102702702702703, "loss": 1.0735629796981812, "_timestamp": 1648908883, "_runtime": 17, "_step": 249, "_wandb": {"runtime": 17}}