{"train_acc": 1.0, "test_acc": 0.8712217805445136, "val_acc": 0.8782702702702703, "loss": 1.2406337261199951, "_timestamp": 1648866175, "_runtime": 31, "_step": 249, "_wandb": {"runtime": 32}}