{"train_acc": 0.14285714285714285, "test_acc": 0.10927835051546392, "val_acc": 0.14575342465753424, "loss": NaN, "_timestamp": 1648723354, "_runtime": 28, "_step": 99, "_wandb": {"runtime": 30}}