{"train_acc": 1.0, "test_acc": 0.683354969803014, "val_acc": 0.6825974025974026, "loss": 0.12170159816741943, "_timestamp": 1648807993, "_runtime": 50, "_step": 599, "_wandb": {"runtime": 51}}