{"train_acc": 1.0, "test_acc": 0.7103911497431845, "val_acc": 0.7257142857142858, "loss": 0.09112772345542908, "_timestamp": 1648802037, "_runtime": 35, "_step": 599, "_wandb": {"runtime": 35}}