{"train_acc": 1.0, "test_acc": 0.8773719342983575, "val_acc": 0.8845405405405405, "loss": 1.2840940952301025, "_timestamp": 1648873609, "_runtime": 98, "_step": 249, "_wandb": {"runtime": 99}}