{"train_acc": 1.0, "test_acc": 0.55, "val_acc": 0.5789189189189189, "loss": 1.1358716487884521, "_timestamp": 1648823231, "_runtime": 99, "_step": 249, "_wandb": {"runtime": 100}}