{"train_acc": 0.9733333333333334, "test_acc": 0.6083333333333333, "val_acc": 0.6735135135135135, "loss": 1.1749428510665894, "_timestamp": 1648921013, "_runtime": 53, "_step": 249, "_wandb": {"runtime": 55}}