{"train_acc": 1.0, "test_acc": 0.6985381272224417, "val_acc": 0.6945454545454546, "loss": 0.13422664999961853, "_timestamp": 1648811473, "_runtime": 61, "_step": 599, "_wandb": {"runtime": 61}}