{"train_acc": 1.0, "test_acc": 0.6583333333333333, "val_acc": 0.6178378378378379, "loss": 1.087807059288025, "_timestamp": 1648909143, "_runtime": 18, "_step": 249, "_wandb": {"runtime": 20}}