{"train_acc": 1.0, "test_acc": 0.6083333333333333, "val_acc": 0.6254054054054055, "loss": 1.052150845527649, "_timestamp": 1648866856, "_runtime": 28, "_step": 249, "_wandb": {"runtime": 29}}