{"train_acc": 1.0, "test_acc": 0.5422680412371134, "val_acc": 0.5249315068493151, "loss": 0.12813839316368103, "_timestamp": 1648862199, "_runtime": 15, "_step": 99, "_wandb": {"runtime": 15}}