{"train_acc": 1.0, "test_acc": 0.5814432989690722, "val_acc": 0.5621917808219178, "loss": 0.1460658758878708, "_timestamp": 1648865558, "_runtime": 15, "_step": 99, "_wandb": {"runtime": 17}}