{"train_acc": 1.0, "test_acc": 0.5814432989690722, "val_acc": 0.5775342465753425, "loss": 0.15802405774593353, "_timestamp": 1648802093, "_runtime": 14, "_step": 99, "_wandb": {"runtime": 15}}