{"train_acc": 1.0, "test_acc": 0.5484536082474227, "val_acc": 0.5205479452054794, "loss": 0.11442866921424866, "_timestamp": 1648801880, "_runtime": 16, "_step": 99, "_wandb": {"runtime": 17}}