{"train_acc": 0.9933333333333333, "test_acc": 0.6666666666666666, "val_acc": 0.712972972972973, "loss": 0.6669492125511169, "_timestamp": 1648916892, "_runtime": 36, "_step": 249, "_wandb": {"runtime": 37}}