{"train_acc": 1.0, "test_acc": 0.7690721649484537, "val_acc": 0.7534246575342466, "loss": 0.013423492200672626, "_timestamp": 1648802719, "_runtime": 14, "_step": 99, "_wandb": {"runtime": 15}}