{"train_acc": 1.0, "test_acc": 0.7368064570751256, "val_acc": 0.7516883116883117, "loss": 0.01589253731071949, "_timestamp": 1648808170, "_runtime": 45, "_step": 599, "_wandb": {"runtime": 45}}