{"train_acc": 1.0, "test_acc": 0.875271881797045, "val_acc": 0.8812972972972973, "loss": 1.3090531826019287, "_timestamp": 1648724447, "_runtime": 29, "_step": 249, "_wandb": {"runtime": 30}}