{"train_acc": 1.0, "test_acc": 0.5360824742268041, "val_acc": 0.5101369863013698, "loss": 0.1338401585817337, "_timestamp": 1648910845, "_runtime": 15, "_step": 99, "_wandb": {"runtime": 16}}