{"train_acc": 1.0, "test_acc": 0.534020618556701, "val_acc": 0.5687671232876712, "loss": 0.13089944422245026, "_timestamp": 1648861623, "_runtime": 14, "_step": 99, "_wandb": {"runtime": 15}}