{"train_acc": 0.9, "test_acc": 0.5166666666666667, "val_acc": 0.5491891891891892, "loss": 1.2585986852645874, "_timestamp": 1648809112, "_runtime": 34, "_step": 249, "_wandb": {"runtime": 33}}