{"train_acc": 1.0, "test_acc": 0.8839720993024826, "val_acc": 0.888, "loss": 1.252822756767273, "_timestamp": 1648861888, "_runtime": 29, "_step": 249, "_wandb": {"runtime": 30}}