{"train_acc": 0.9866666666666667, "test_acc": 0.6833333333333333, "val_acc": 0.6886486486486486, "loss": 0.7591850161552429, "_timestamp": 1648913646, "_runtime": 19, "_step": 249, "_wandb": {"runtime": 21}}