{"train_acc": 1.0, "test_acc": 0.5690721649484536, "val_acc": 0.5605479452054795, "loss": 0.15524037182331085, "_timestamp": 1648717970, "_runtime": 31, "_step": 99, "_wandb": {"runtime": 32}}