{"train_acc": 1.0, "test_acc": 0.6583333333333333, "val_acc": 0.6718918918918919, "loss": 1.0679028034210205, "_timestamp": 1648807519, "_runtime": 29, "_step": 249, "_wandb": {"runtime": 30}}