{"train_acc": 1.0, "test_acc": 0.5917525773195876, "val_acc": 0.5676712328767123, "loss": 0.1528742015361786, "_timestamp": 1648802068, "_runtime": 14, "_step": 99, "_wandb": {"runtime": 15}}