{"train_acc": 1.0, "test_acc": 0.5525773195876289, "val_acc": 0.5753424657534246, "loss": 0.14459341764450073, "_timestamp": 1648914905, "_runtime": 22, "_step": 99, "_wandb": {"runtime": 23}}