{"train_acc": 0.9933333333333333, "test_acc": 0.7333333333333333, "val_acc": 0.6756756756756757, "loss": 1.2278324365615845, "_timestamp": 1648926924, "_runtime": 88, "_step": 249, "_wandb": {"runtime": 89}}