{"train_acc": 0.14285714285714285, "test_acc": 0.1134020618556701, "val_acc": 0.14465753424657535, "loss": NaN, "_timestamp": 1648920952, "_runtime": 46, "_step": 99, "_wandb": {"runtime": 46}}