{"train_acc": 1.0, "test_acc": 0.5938144329896907, "val_acc": 0.5534246575342465, "loss": 0.14727124571800232, "_timestamp": 1648909239, "_runtime": 14, "_step": 99, "_wandb": {"runtime": 16}}