{"train_acc": 1.0, "test_acc": 0.7872196804920123, "val_acc": 0.7814054054054054, "loss": 1.5028798580169678, "_timestamp": 1648804723, "_runtime": 38, "_step": 249, "_wandb": {"runtime": 39}}