{"train_acc": 1.0, "test_acc": 0.625, "val_acc": 0.6064864864864865, "loss": 1.084481120109558, "_timestamp": 1648867531, "_runtime": 20, "_step": 249, "_wandb": {"runtime": 21}}