{"train_acc": 1.0, "test_acc": 0.7040130947677372, "val_acc": 0.700263852242744, "loss": 0.14068996906280518, "_timestamp": 1648788365, "_runtime": 53, "_step": 599, "_wandb": {"runtime": 54}}