{"train_acc": 0.9866666666666667, "test_acc": 0.6833333333333333, "val_acc": 0.6475675675675676, "loss": 1.0220667123794556, "_timestamp": 1648811098, "_runtime": 76, "_step": 249, "_wandb": {"runtime": 78}}