{"train_acc": 1.0, "test_acc": 0.8763969099227481, "val_acc": 0.8776216216216216, "loss": 1.261083722114563, "_timestamp": 1648802349, "_runtime": 30, "_step": 249, "_wandb": {"runtime": 30}}