{"train_acc": 1.0, "test_acc": 0.5917525773195876, "val_acc": 0.6147945205479453, "loss": 0.12050636112689972, "_timestamp": 1648811482, "_runtime": 37, "_step": 99, "_wandb": {"runtime": 38}}