{"train_acc": 1.0, "test_acc": 0.5814432989690722, "val_acc": 0.564931506849315, "loss": 0.11282167583703995, "_timestamp": 1648718926, "_runtime": 16, "_step": 99, "_wandb": {"runtime": 17}}