{"train_acc": 1.0, "test_acc": 0.7282271264886832, "val_acc": 0.7350649350649351, "loss": 0.09421680122613907, "_timestamp": 1648884803, "_runtime": 296, "_step": 599, "_wandb": {"runtime": 297}}