{"train_acc": 1.0, "test_acc": 0.8915472886822171, "val_acc": 0.8897297297297297, "loss": 1.3928868770599365, "_timestamp": 1648808146, "_runtime": 32, "_step": 249, "_wandb": {"runtime": 34}}