{"train_acc": 0.9866666666666667, "test_acc": 0.6, "val_acc": 0.632972972972973, "loss": 0.94464111328125, "_timestamp": 1648726122, "_runtime": 17, "_step": 249, "_wandb": {"runtime": 18}}