{"train_acc": 1.0, "test_acc": 0.9135228380709518, "val_acc": 0.9137297297297298, "loss": 1.302591323852539, "_timestamp": 1648819045, "_runtime": 87, "_step": 249, "_wandb": {"runtime": 87}}