{"train_acc": 1.0, "test_acc": 0.6897330247784613, "val_acc": 0.678961038961039, "loss": 0.08482728153467178, "_timestamp": 1648842866, "_runtime": 295, "_step": 599, "_wandb": {"runtime": 295}}