{"train_acc": 0.9933333333333333, "test_acc": 0.6, "val_acc": 0.6254054054054055, "loss": 1.0886139869689941, "_timestamp": 1648820013, "_runtime": 131, "_step": 249, "_wandb": {"runtime": 132}}