{"train_acc": 1.0, "test_acc": 0.5855670103092784, "val_acc": 0.5326027397260275, "loss": 0.18358339369297028, "_timestamp": 1648918542, "_runtime": 43, "_step": 99, "_wandb": {"runtime": 44}}