{"train_acc": 1.0, "test_acc": 0.675, "val_acc": 0.6421621621621622, "loss": 1.1108169555664062, "_timestamp": 1648864117, "_runtime": 20, "_step": 249, "_wandb": {"runtime": 21}}