{"train_acc": 1.0, "test_acc": 0.6831291979454761, "val_acc": 0.6716883116883117, "loss": 0.1253294050693512, "_timestamp": 1648830434, "_runtime": 160, "_step": 599, "_wandb": {"runtime": 161}}