{"train_acc": 1.0, "test_acc": 0.9078976974424361, "val_acc": 0.9050810810810811, "loss": 1.2692126035690308, "_timestamp": 1648726737, "_runtime": 31, "_step": 249, "_wandb": {"runtime": 32}}