{"train_acc": 1.0, "test_acc": 0.8737718442961074, "val_acc": 0.8793513513513513, "loss": 1.2498619556427002, "_timestamp": 1648860750, "_runtime": 34, "_step": 249, "_wandb": {"runtime": 35}}