{"train_acc": 1.0, "test_acc": 0.8791719792994825, "val_acc": 0.88, "loss": 1.2872260808944702, "_timestamp": 1648811823, "_runtime": 47, "_step": 249, "_wandb": {"runtime": 48}}