{"train_acc": 0.9942857142857143, "test_acc": 0.5484536082474227, "val_acc": 0.5923287671232876, "loss": 0.22173279523849487, "_timestamp": 1648804970, "_runtime": 19, "_step": 99, "_wandb": {"runtime": 20}}