{"train_acc": 1.0, "test_acc": 0.5608247422680412, "val_acc": 0.5495890410958905, "loss": 0.18171162903308868, "_timestamp": 1648913990, "_runtime": 21, "_step": 99, "_wandb": {"runtime": 22}}