{"train_acc": 1.0, "test_acc": 0.6333333333333333, "val_acc": 0.6172972972972973, "loss": 1.0758434534072876, "_timestamp": 1648874458, "_runtime": 125, "_step": 249, "_wandb": {"runtime": 126}}