{"train_acc": 1.0, "test_acc": 0.7272111531297624, "val_acc": 0.734025974025974, "loss": 0.08523913472890854, "_timestamp": 1648810881, "_runtime": 59, "_step": 599, "_wandb": {"runtime": 60}}