{"train_acc": 1.0, "test_acc": 0.6416666666666667, "val_acc": 0.6416216216216216, "loss": 1.1470948457717896, "_timestamp": 1648872125, "_runtime": 78, "_step": 249, "_wandb": {"runtime": 78}}