{"train_acc": 0.6906666666666667, "test_acc": 0.6648916222905573, "val_acc": 0.6490810810810811, "loss": 2.178107500076294, "_timestamp": 1648820160, "_runtime": 82, "_step": 249, "_wandb": {"runtime": 82}}