{"train_acc": 1.0, "test_acc": 0.725, "val_acc": 0.614054054054054, "loss": 1.0788668394088745, "_timestamp": 1648718219, "_runtime": 27, "_step": 249, "_wandb": {"runtime": 28}}