{"train_acc": 1.0, "test_acc": 0.7105040356719535, "val_acc": 0.6992207792207792, "loss": 0.0843789204955101, "_timestamp": 1648875741, "_runtime": 136, "_step": 599, "_wandb": {"runtime": 137}}