{"train_acc": 0.9933333333333333, "test_acc": 0.6583333333333333, "val_acc": 0.5854054054054054, "loss": 1.0542720556259155, "_timestamp": 1648912213, "_runtime": 20, "_step": 249, "_wandb": {"runtime": 21}}