{"train_acc": 1.0, "test_acc": 0.8763969099227481, "val_acc": 0.8767567567567568, "loss": 1.2586889266967773, "_timestamp": 1648875535, "_runtime": 59, "_step": 249, "_wandb": {"runtime": 61}}