{"train_acc": 1.0, "test_acc": 0.7257731958762886, "val_acc": 0.7117808219178082, "loss": 0.061806704849004745, "_timestamp": 1648723705, "_runtime": 35, "_step": 99, "_wandb": {"runtime": 36}}