{"train_acc": 0.7066666666666667, "test_acc": 0.39803578483941976, "val_acc": 0.4114285714285714, "loss": 80741241192448.0, "_timestamp": 1648804783, "_runtime": 42, "_step": 599, "_wandb": {"runtime": 43}}