{"train_acc": 1.0, "test_acc": 0.6833333333333333, "val_acc": 0.6232432432432432, "loss": 1.085607647895813, "_timestamp": 1648862287, "_runtime": 21, "_step": 249, "_wandb": {"runtime": 22}}