{"train_acc": 1.0, "test_acc": 0.5938144329896907, "val_acc": 0.6175342465753425, "loss": 0.1251598298549652, "_timestamp": 1648722168, "_runtime": 78, "_step": 99, "_wandb": {"runtime": 79}}