{"train_acc": 1.0, "test_acc": 0.8642466061651541, "val_acc": 0.8702702702702703, "loss": 1.28580904006958, "_timestamp": 1648862608, "_runtime": 31, "_step": 249, "_wandb": {"runtime": 31}}