{"train_acc": 1.0, "test_acc": 0.7083592030253429, "val_acc": 0.6981530343007916, "loss": 0.13266807794570923, "_timestamp": 1648786772, "_runtime": 544, "_step": 599, "_wandb": {"runtime": 545}}