{"train_acc": 1.0, "test_acc": 0.5773195876288659, "val_acc": 0.5802739726027397, "loss": 0.11189453303813934, "_timestamp": 1648803745, "_runtime": 17, "_step": 99, "_wandb": {"runtime": 17}}