{"train_acc": 1.0, "test_acc": 0.5484536082474227, "val_acc": 0.5545205479452054, "loss": 0.14099331200122833, "_timestamp": 1648914024, "_runtime": 21, "_step": 99, "_wandb": {"runtime": 22}}