{"train_acc": 0.14285714285714285, "test_acc": 0.11958762886597939, "val_acc": 0.143013698630137, "loss": NaN, "_timestamp": 1648908377, "_runtime": 14, "_step": 99, "_wandb": {"runtime": 15}}