{"train_acc": 1.0, "test_acc": 0.8701717542938573, "val_acc": 0.8730810810810811, "loss": 1.2543574571609497, "_timestamp": 1648872160, "_runtime": 53, "_step": 249, "_wandb": {"runtime": 54}}