{"train_acc": 1.0, "test_acc": 0.724050347124231, "val_acc": 0.7335092348284961, "loss": 0.13465557992458344, "_timestamp": 1648783633, "_runtime": 62, "_step": 599, "_wandb": {"runtime": 62}}