{"train_acc": 1.0, "test_acc": 0.6666666666666666, "val_acc": 0.6145945945945946, "loss": 1.0729467868804932, "_timestamp": 1648719243, "_runtime": 21, "_step": 249, "_wandb": {"runtime": 22}}