{"train_acc": 0.9933333333333333, "test_acc": 0.65, "val_acc": 0.62, "loss": 1.140403389930725, "_timestamp": 1648922620, "_runtime": 92, "_step": 249, "_wandb": {"runtime": 93}}