{"train_acc": 0.9933333333333333, "test_acc": 0.5666666666666667, "val_acc": 0.6237837837837837, "loss": 1.1511720418930054, "_timestamp": 1648807408, "_runtime": 23, "_step": 249, "_wandb": {"runtime": 24}}