{"train_acc": 1.0, "test_acc": 0.8866721668041702, "val_acc": 0.8823783783783784, "loss": 1.2479768991470337, "_timestamp": 1648803756, "_runtime": 29, "_step": 249, "_wandb": {"runtime": 29}}