{"train_acc": 1.0, "test_acc": 0.6061855670103092, "val_acc": 0.5594520547945205, "loss": 0.13376674056053162, "_timestamp": 1648913697, "_runtime": 21, "_step": 99, "_wandb": {"runtime": 22}}