{"train_acc": 1.0, "test_acc": 0.5690721649484536, "val_acc": 0.564931506849315, "loss": 0.10909391939640045, "_timestamp": 1648910523, "_runtime": 15, "_step": 99, "_wandb": {"runtime": 16}}