{"train_acc": 1.0, "test_acc": 0.7732121691031213, "val_acc": 0.7584415584415585, "loss": 0.03556688129901886, "_timestamp": 1648819984, "_runtime": 133, "_step": 599, "_wandb": {"runtime": 134}}