{"train_acc": 1.0, "test_acc": 0.7387255178641983, "val_acc": 0.7366754617414248, "loss": 0.13873721659183502, "_timestamp": 1648788519, "_runtime": 72, "_step": 599, "_wandb": {"runtime": 72}}