{"train_acc": 0.3333333333333333, "test_acc": 0.20827453857876616, "val_acc": 0.20155844155844155, "loss": NaN, "_timestamp": 1648852933, "_runtime": 287, "_step": 599, "_wandb": {"runtime": 288}}