{"train_acc": 1.0, "test_acc": 0.5278350515463918, "val_acc": 0.555068493150685, "loss": 0.12846724689006805, "_timestamp": 1648913664, "_runtime": 21, "_step": 99, "_wandb": {"runtime": 22}}