{"train_acc": 0.9885714285714285, "test_acc": 0.7814432989690722, "val_acc": 0.8197260273972603, "loss": 0.025299396365880966, "_timestamp": 1648909658, "_runtime": 16, "_step": 99, "_wandb": {"runtime": 16}}