{"train_acc": 1.0, "test_acc": 0.625, "val_acc": 0.6172972972972973, "loss": 1.1029423475265503, "_timestamp": 1648864732, "_runtime": 17, "_step": 249, "_wandb": {"runtime": 18}}