{"train_acc": 1.0, "test_acc": 0.5938144329896907, "val_acc": 0.5441095890410959, "loss": 0.11538448929786682, "_timestamp": 1648718874, "_runtime": 17, "_step": 99, "_wandb": {"runtime": 17}}