{"train_acc": 1.0, "test_acc": 0.7565614946096969, "val_acc": 0.7651948051948052, "loss": 0.005429870914667845, "_timestamp": 1648829399, "_runtime": 156, "_step": 599, "_wandb": {"runtime": 157}}