{"train_acc": 1.0, "test_acc": 0.5793814432989691, "val_acc": 0.5742465753424657, "loss": 0.12848255038261414, "_timestamp": 1648906884, "_runtime": 14, "_step": 99, "_wandb": {"runtime": 15}}