{"train_acc": 1.0, "test_acc": 0.5583333333333333, "val_acc": 0.6135135135135135, "loss": 1.1290379762649536, "_timestamp": 1648725106, "_runtime": 23, "_step": 249, "_wandb": {"runtime": 25}}