{"train_acc": 1.0, "test_acc": 0.8769219230480763, "val_acc": 0.8802162162162163, "loss": 1.3116755485534668, "_timestamp": 1648810411, "_runtime": 36, "_step": 249, "_wandb": {"runtime": 37}}