{"train_acc": 1.0, "test_acc": 0.8865971649291232, "val_acc": 0.8923243243243243, "loss": 1.2430193424224854, "_timestamp": 1648875464, "_runtime": 85, "_step": 249, "_wandb": {"runtime": 86}}