{"train_acc": 0.9866666666666667, "test_acc": 0.6416666666666667, "val_acc": 0.6118918918918919, "loss": 1.0930510759353638, "_timestamp": 1648801631, "_runtime": 21, "_step": 249, "_wandb": {"runtime": 21}}