{"train_acc": 1.0, "test_acc": 0.6333333333333333, "val_acc": 0.6351351351351351, "loss": 1.1961835622787476, "_timestamp": 1648914070, "_runtime": 21, "_step": 249, "_wandb": {"runtime": 22}}