{"train_acc": 1.0, "test_acc": 0.6041237113402061, "val_acc": 0.5879452054794521, "loss": 0.14864546060562134, "_timestamp": 1648910740, "_runtime": 16, "_step": 99, "_wandb": {"runtime": 16}}