{"train_acc": 1.0, "test_acc": 0.6779928881864875, "val_acc": 0.6753246753246753, "loss": 0.0939004048705101, "_timestamp": 1648863636, "_runtime": 37, "_step": 599, "_wandb": {"runtime": 38}}