{"train_acc": 1.0, "test_acc": 0.7072867867020376, "val_acc": 0.7111688311688311, "loss": 0.0982804223895073, "_timestamp": 1648835191, "_runtime": 292, "_step": 599, "_wandb": {"runtime": 292}}