{"train_acc": 1.0, "test_acc": 0.5752577319587628, "val_acc": 0.566027397260274, "loss": 0.1324898898601532, "_timestamp": 1648811934, "_runtime": 41, "_step": 99, "_wandb": {"runtime": 41}}