{"train_acc": 1.0, "test_acc": 0.625, "val_acc": 0.6075675675675676, "loss": 1.1156632900238037, "_timestamp": 1648915293, "_runtime": 37, "_step": 249, "_wandb": {"runtime": 37}}