{"train_acc": 1.0, "test_acc": 0.5505154639175258, "val_acc": 0.5517808219178082, "loss": 0.14117909967899323, "_timestamp": 1648811827, "_runtime": 43, "_step": 99, "_wandb": {"runtime": 44}}