{"train_acc": 1.0, "test_acc": 0.8871221780544514, "val_acc": 0.8908108108108108, "loss": 1.2474420070648193, "_timestamp": 1648863157, "_runtime": 31, "_step": 249, "_wandb": {"runtime": 31}}