{"train_acc": 0.9866666666666667, "test_acc": 0.5666666666666667, "val_acc": 0.6167567567567568, "loss": 1.1133531332015991, "_timestamp": 1648913551, "_runtime": 22, "_step": 249, "_wandb": {"runtime": 23}}