{"train_acc": 1.0, "test_acc": 0.5505154639175258, "val_acc": 0.5632876712328767, "loss": 0.14617779850959778, "_timestamp": 1648860939, "_runtime": 14, "_step": 99, "_wandb": {"runtime": 15}}