{"train_acc": 1.0, "test_acc": 0.5257731958762887, "val_acc": 0.5386301369863014, "loss": 0.13834764063358307, "_timestamp": 1648906858, "_runtime": 14, "_step": 99, "_wandb": {"runtime": 15}}