{"train_acc": 1.0, "test_acc": 0.7055370548061184, "val_acc": 0.7065963060686016, "loss": 0.14881999790668488, "_timestamp": 1648788299, "_runtime": 46, "_step": 599, "_wandb": {"runtime": 46}}