{"train_acc": 1.0, "test_acc": 0.6783505154639176, "val_acc": 0.7063013698630137, "loss": 0.040363140404224396, "_timestamp": 1648912477, "_runtime": 13, "_step": 99, "_wandb": {"runtime": 14}}