{"train_acc": 1.0, "test_acc": 0.7036744369814303, "val_acc": 0.7319480519480519, "loss": 0.09079357236623764, "_timestamp": 1648844396, "_runtime": 294, "_step": 599, "_wandb": {"runtime": 294}}