{"train_acc": 1.0, "test_acc": 0.5092783505154639, "val_acc": 0.564931506849315, "loss": 0.1461297869682312, "_timestamp": 1648907425, "_runtime": 14, "_step": 99, "_wandb": {"runtime": 15}}