{"train_acc": 1.0, "test_acc": 0.5958762886597938, "val_acc": 0.5430136986301369, "loss": 0.10371054708957672, "_timestamp": 1648806531, "_runtime": 18, "_step": 99, "_wandb": {"runtime": 19}}