{"train_acc": 1.0, "test_acc": 0.7248969915899983, "val_acc": 0.7236363636363636, "loss": 0.009227401576936245, "_timestamp": 1648865436, "_runtime": 47, "_step": 599, "_wandb": {"runtime": 48}}