{"train_acc": 1.0, "test_acc": 0.7409267934751933, "val_acc": 0.7407792207792208, "loss": 0.07118449360132217, "_timestamp": 1648867315, "_runtime": 48, "_step": 599, "_wandb": {"runtime": 49}}