{"train_acc": 1.0, "test_acc": 0.7195876288659794, "val_acc": 0.7276712328767123, "loss": 0.4499443769454956, "_timestamp": 1648914156, "_runtime": 21, "_step": 99, "_wandb": {"runtime": 22}}