{"train_acc": 0.9942857142857143, "test_acc": 0.8103092783505155, "val_acc": 0.7989041095890411, "loss": 0.04018956795334816, "_timestamp": 1648914805, "_runtime": 22, "_step": 99, "_wandb": {"runtime": 23}}