{"train_acc": 0.9866666666666667, "test_acc": 0.675, "val_acc": 0.6459459459459459, "loss": 0.6902570128440857, "_timestamp": 1648808338, "_runtime": 29, "_step": 249, "_wandb": {"runtime": 30}}