{"train_acc": 1.0, "test_acc": 0.5583333333333333, "val_acc": 0.6156756756756757, "loss": 1.0730376243591309, "_timestamp": 1648908462, "_runtime": 18, "_step": 249, "_wandb": {"runtime": 18}}