{"train_acc": 1.0, "test_acc": 0.7150194728227126, "val_acc": 0.7293506493506493, "loss": 0.11947263032197952, "_timestamp": 1648808729, "_runtime": 56, "_step": 599, "_wandb": {"runtime": 56}}