{"train_acc": 1.0, "test_acc": 0.5938144329896907, "val_acc": 0.5786301369863014, "loss": 0.1557072103023529, "_timestamp": 1648913763, "_runtime": 21, "_step": 99, "_wandb": {"runtime": 22}}