{"train_acc": 0.9942857142857143, "test_acc": 0.5814432989690722, "val_acc": 0.581917808219178, "loss": 0.17045901715755463, "_timestamp": 1648804037, "_runtime": 15, "_step": 99, "_wandb": {"runtime": 16}}