{"train_acc": 0.96, "test_acc": 0.65, "val_acc": 0.7308108108108108, "loss": 0.7553844451904297, "_timestamp": 1648726093, "_runtime": 158, "_step": 249, "_wandb": {"runtime": 159}}