{"train_acc": 1.0, "test_acc": 0.7243325619461534, "val_acc": 0.7251948051948052, "loss": 0.08453769981861115, "_timestamp": 1648806143, "_runtime": 45, "_step": 599, "_wandb": {"runtime": 46}}