{"train_acc": 1.0, "test_acc": 0.8850221255531389, "val_acc": 0.8934054054054054, "loss": 1.267830729484558, "_timestamp": 1648718872, "_runtime": 27, "_step": 249, "_wandb": {"runtime": 28}}