{"train_acc": 0.3333333333333333, "test_acc": 0.2075407800417678, "val_acc": 0.2083116883116883, "loss": NaN, "_timestamp": 1648882773, "_runtime": 158, "_step": 599, "_wandb": {"runtime": 159}}