{"train_acc": 1.0, "test_acc": 0.6309278350515464, "val_acc": 0.6164383561643836, "loss": 0.11545663326978683, "_timestamp": 1648920781, "_runtime": 44, "_step": 99, "_wandb": {"runtime": 44}}