{"train_acc": 1.0, "test_acc": 0.8791719792994825, "val_acc": 0.8869189189189189, "loss": 1.318068265914917, "_timestamp": 1648805467, "_runtime": 38, "_step": 249, "_wandb": {"runtime": 39}}