{"train_acc": 1.0, "test_acc": 0.7190269232940114, "val_acc": 0.7231168831168832, "loss": 0.07719868421554565, "_timestamp": 1648824154, "_runtime": 191, "_step": 599, "_wandb": {"runtime": 192}}