{"train_acc": 1.0, "test_acc": 0.7120279957103347, "val_acc": 0.7101298701298702, "loss": 0.04013045132160187, "_timestamp": 1648804555, "_runtime": 42, "_step": 599, "_wandb": {"runtime": 42}}