{"train_acc": 1.0, "test_acc": 0.7503527685274031, "val_acc": 0.7293506493506493, "loss": 0.056887052953243256, "_timestamp": 1648875865, "_runtime": 113, "_step": 599, "_wandb": {"runtime": 113}}