{"train_acc": 0.9866666666666667, "test_acc": 0.6333333333333333, "val_acc": 0.6037837837837838, "loss": 1.1294828653335571, "_timestamp": 1648910975, "_runtime": 21, "_step": 249, "_wandb": {"runtime": 21}}