{"train_acc": 1.0, "test_acc": 0.6989332279731332, "val_acc": 0.7142857142857143, "loss": 0.01685861498117447, "_timestamp": 1648808229, "_runtime": 48, "_step": 599, "_wandb": {"runtime": 48}}