{"train_acc": 1.0, "test_acc": 0.5216494845360825, "val_acc": 0.5621917808219178, "loss": 0.1672379970550537, "_timestamp": 1648861882, "_runtime": 14, "_step": 99, "_wandb": {"runtime": 15}}