{"train_acc": 1.0, "test_acc": 0.6744369814302648, "val_acc": 0.678961038961039, "loss": 0.09408455342054367, "_timestamp": 1648805471, "_runtime": 49, "_step": 599, "_wandb": {"runtime": 49}}