{"train_acc": 1.0, "test_acc": 0.6696957724219676, "val_acc": 0.6768831168831169, "loss": 0.08870252966880798, "_timestamp": 1648817647, "_runtime": 132, "_step": 599, "_wandb": {"runtime": 132}}