{"train_acc": 1.0, "test_acc": 0.5833333333333334, "val_acc": 0.6048648648648649, "loss": 1.1279343366622925, "_timestamp": 1648911873, "_runtime": 21, "_step": 249, "_wandb": {"runtime": 22}}