{"train_acc": 1.0, "test_acc": 0.8892222305557639, "val_acc": 0.8938378378378379, "loss": 1.2620550394058228, "_timestamp": 1648722376, "_runtime": 100, "_step": 249, "_wandb": {"runtime": 100}}