{"train_acc": 1.0, "test_acc": 0.7108991364226449, "val_acc": 0.7096103896103896, "loss": 0.10445552319288254, "_timestamp": 1648808596, "_runtime": 50, "_step": 599, "_wandb": {"runtime": 51}}