{"train_acc": 0.9933333333333333, "test_acc": 0.5416666666666666, "val_acc": 0.5989189189189189, "loss": 1.0988638401031494, "_timestamp": 1648822504, "_runtime": 129, "_step": 249, "_wandb": {"runtime": 130}}