{"train_acc": 0.14285714285714285, "test_acc": 0.1731958762886598, "val_acc": 0.12876712328767123, "loss": NaN, "_timestamp": 1648813158, "_runtime": 31, "_step": 99, "_wandb": {"runtime": 32}}