{"train_acc": 1.0, "test_acc": 0.6041237113402061, "val_acc": 0.6016438356164383, "loss": 0.12883597612380981, "_timestamp": 1648910265, "_runtime": 13, "_step": 99, "_wandb": {"runtime": 13}}