{"train_acc": 1.0, "test_acc": 0.5195876288659794, "val_acc": 0.555068493150685, "loss": 0.12618638575077057, "_timestamp": 1648803135, "_runtime": 19, "_step": 99, "_wandb": {"runtime": 19}}