{"train_acc": 1.0, "test_acc": 0.5278350515463918, "val_acc": 0.5430136986301369, "loss": 0.14364024996757507, "_timestamp": 1648803605, "_runtime": 15, "_step": 99, "_wandb": {"runtime": 16}}