{"train_acc": 0.8266666666666667, "test_acc": 0.7400237060450415, "val_acc": 0.7418181818181818, "loss": 1.0119857788085938, "_timestamp": 1648829571, "_runtime": 158, "_step": 599, "_wandb": {"runtime": 158}}