{"train_acc": 1.0, "test_acc": 0.5752577319587628, "val_acc": 0.52, "loss": 0.12233509868383408, "_timestamp": 1648865302, "_runtime": 20, "_step": 99, "_wandb": {"runtime": 21}}