{"train_acc": 1.0, "test_acc": 0.7086978608116499, "val_acc": 0.7160949868073878, "loss": 0.14113369584083557, "_timestamp": 1648784505, "_runtime": 59, "_step": 599, "_wandb": {"runtime": 60}}