{"train_acc": 1.0, "test_acc": 0.7168820906474008, "val_acc": 0.7189610389610389, "loss": 0.10220322757959366, "_timestamp": 1648884186, "_runtime": 296, "_step": 599, "_wandb": {"runtime": 296}}