{"train_acc": 1.0, "test_acc": 0.625, "val_acc": 0.6308108108108108, "loss": 1.0586405992507935, "_timestamp": 1648802263, "_runtime": 17, "_step": 249, "_wandb": {"runtime": 19}}