{"train_acc": 0.9933333333333333, "test_acc": 0.65, "val_acc": 0.6756756756756757, "loss": 0.6900917887687683, "_timestamp": 1648909696, "_runtime": 19, "_step": 249, "_wandb": {"runtime": 20}}