{"train_acc": 0.9933333333333333, "test_acc": 0.6333333333333333, "val_acc": 0.6556756756756756, "loss": 1.0979598760604858, "_timestamp": 1648915765, "_runtime": 37, "_step": 249, "_wandb": {"runtime": 38}}