{"train_acc": 0.9866666666666667, "test_acc": 0.5833333333333334, "val_acc": 0.6324324324324324, "loss": 1.128859043121338, "_timestamp": 1648915388, "_runtime": 36, "_step": 249, "_wandb": {"runtime": 37}}