{"train_acc": 0.14285714285714285, "test_acc": 0.12783505154639174, "val_acc": 0.14082191780821918, "loss": NaN, "_timestamp": 1648804010, "_runtime": 15, "_step": 99, "_wandb": {"runtime": 16}}