{"train_acc": 1.0, "test_acc": 0.6978043686854434, "val_acc": 0.7090909090909091, "loss": 0.15448950231075287, "_timestamp": 1648873338, "_runtime": 106, "_step": 599, "_wandb": {"runtime": 106}}