{"train_acc": 1.0, "test_acc": 0.7083592030253429, "val_acc": 0.7205194805194806, "loss": 0.10893239080905914, "_timestamp": 1648874488, "_runtime": 134, "_step": 599, "_wandb": {"runtime": 134}}