{"train_acc": 0.9973333333333333, "test_acc": 0.8426460661516538, "val_acc": 0.8445405405405405, "loss": 1.6809196472167969, "_timestamp": 1648808958, "_runtime": 34, "_step": 249, "_wandb": {"runtime": 35}}