{"train_acc": 1.0, "test_acc": 0.8797719942998575, "val_acc": 0.8916756756756756, "loss": 1.2830740213394165, "_timestamp": 1648874902, "_runtime": 99, "_step": 249, "_wandb": {"runtime": 99}}