{"train_acc": 1.0, "test_acc": 0.7083333333333334, "val_acc": 0.6383783783783784, "loss": 0.7824221253395081, "_timestamp": 1648910249, "_runtime": 17, "_step": 249, "_wandb": {"runtime": 18}}