{"train_acc": 1.0, "test_acc": 0.9009975249381235, "val_acc": 0.8996756756756756, "loss": 1.2728511095046997, "_timestamp": 1648809980, "_runtime": 41, "_step": 249, "_wandb": {"runtime": 42}}