{"train_acc": 1.0, "test_acc": 0.6865979381443299, "val_acc": 0.7150684931506849, "loss": 0.056436147540807724, "_timestamp": 1648913828, "_runtime": 21, "_step": 99, "_wandb": {"runtime": 22}}