{"train_acc": 1.0, "test_acc": 0.5298969072164949, "val_acc": 0.564931506849315, "loss": 0.13463500142097473, "_timestamp": 1648808988, "_runtime": 28, "_step": 99, "_wandb": {"runtime": 29}}