{"train_acc": 1.0, "test_acc": 0.6906361122086132, "val_acc": 0.6836363636363636, "loss": 0.10323876142501831, "_timestamp": 1648869179, "_runtime": 55, "_step": 599, "_wandb": {"runtime": 56}}