{"train_acc": 1.0, "test_acc": 0.8811220280507013, "val_acc": 0.8841081081081081, "loss": 1.2687127590179443, "_timestamp": 1648874792, "_runtime": 65, "_step": 249, "_wandb": {"runtime": 65}}