{"train_acc": 1.0, "test_acc": 0.7523282722808602, "val_acc": 0.7605194805194805, "loss": 0.021348023787140846, "_timestamp": 1648822767, "_runtime": 132, "_step": 599, "_wandb": {"runtime": 134}}