{"train_acc": 0.9933333333333333, "test_acc": 0.525, "val_acc": 0.6145945945945946, "loss": 1.0993297100067139, "_timestamp": 1648871369, "_runtime": 71, "_step": 249, "_wandb": {"runtime": 71}}