{"train_acc": 1.0, "test_acc": 0.5979381443298969, "val_acc": 0.5441095890410959, "loss": 0.13745974004268646, "_timestamp": 1648803900, "_runtime": 13, "_step": 99, "_wandb": {"runtime": 14}}