{"train_acc": 1.0, "test_acc": 0.5175257731958763, "val_acc": 0.5561643835616439, "loss": 0.13426262140274048, "_timestamp": 1648804802, "_runtime": 15, "_step": 99, "_wandb": {"runtime": 16}}