{"train_acc": 1.0, "test_acc": 0.6913134277812271, "val_acc": 0.6831168831168831, "loss": 0.03696715831756592, "_timestamp": 1648805299, "_runtime": 49, "_step": 599, "_wandb": {"runtime": 50}}