{"train_acc": 1.0, "test_acc": 0.49690721649484537, "val_acc": 0.5397849462365591, "loss": 0.07955538481473923, "_timestamp": 1648532635, "_runtime": 344, "_step": 299, "_wandb": {"runtime": 344}}