{"train_acc": 1.0, "test_acc": 0.7085849748828809, "val_acc": 0.7220779220779221, "loss": 0.1337348371744156, "_timestamp": 1648864930, "_runtime": 41, "_step": 599, "_wandb": {"runtime": 42}}