{"train_acc": 1.0, "test_acc": 0.5649484536082474, "val_acc": 0.5463013698630137, "loss": 0.14422735571861267, "_timestamp": 1648803326, "_runtime": 16, "_step": 99, "_wandb": {"runtime": 18}}