{"train_acc": 1.0, "test_acc": 0.5608247422680412, "val_acc": 0.555068493150685, "loss": 0.131606787443161, "_timestamp": 1648862472, "_runtime": 32, "_step": 99, "_wandb": {"runtime": 33}}