{"train_acc": 0.9866666666666667, "test_acc": 0.625, "val_acc": 0.66, "loss": 1.1208577156066895, "_timestamp": 1648720840, "_runtime": 26, "_step": 249, "_wandb": {"runtime": 26}}