{"train_acc": 0.14285714285714285, "test_acc": 0.15051546391752577, "val_acc": 0.13479452054794522, "loss": NaN, "_timestamp": 1648912531, "_runtime": 15, "_step": 99, "_wandb": {"runtime": 16}}