{"train_acc": 0.14285714285714285, "test_acc": 0.13402061855670103, "val_acc": 0.13917808219178082, "loss": NaN, "_timestamp": 1648812964, "_runtime": 40, "_step": 99, "_wandb": {"runtime": 41}}