{"train_acc": 0.9933333333333333, "test_acc": 0.6166666666666667, "val_acc": 0.6064864864864865, "loss": 1.080581784248352, "_timestamp": 1648867163, "_runtime": 23, "_step": 249, "_wandb": {"runtime": 24}}