{"train_acc": 1.0, "test_acc": 0.8821720543013576, "val_acc": 0.8888648648648648, "loss": 1.260583519935608, "_timestamp": 1648871503, "_runtime": 47, "_step": 249, "_wandb": {"runtime": 48}}