{"train_acc": 0.9933333333333333, "test_acc": 0.65, "val_acc": 0.6254054054054055, "loss": 1.0848772525787354, "_timestamp": 1648916797, "_runtime": 34, "_step": 249, "_wandb": {"runtime": 35}}