{"train_acc": 0.08266666666666667, "test_acc": 0.0639015975399385, "val_acc": 0.06054054054054054, "loss": 30440947712000.0, "_timestamp": 1648807181, "_runtime": 31, "_step": 249, "_wandb": {"runtime": 31}}