{"train_acc": 1.0, "test_acc": 0.6, "val_acc": 0.5852054794520548, "loss": 0.11413682997226715, "_timestamp": 1648721419, "_runtime": 44, "_step": 99, "_wandb": {"runtime": 45}}