{"train_acc": 1.0, "test_acc": 0.5917525773195876, "val_acc": 0.5375342465753424, "loss": 0.13321518898010254, "_timestamp": 1648913598, "_runtime": 21, "_step": 99, "_wandb": {"runtime": 22}}