{"train_acc": 1.0, "test_acc": 0.694079133036067, "val_acc": 0.694025974025974, "loss": 0.05524079501628876, "_timestamp": 1648813920, "_runtime": 66, "_step": 599, "_wandb": {"runtime": 67}}