{"train_acc": 1.0, "test_acc": 0.5958762886597938, "val_acc": 0.5780821917808219, "loss": 0.16362784802913666, "_timestamp": 1648908750, "_runtime": 14, "_step": 99, "_wandb": {"runtime": 15}}