{"train_acc": 1.0, "test_acc": 0.7742845854264266, "val_acc": 0.7688311688311689, "loss": 3.1789140209070865e-09, "_timestamp": 1648813434, "_runtime": 65, "_step": 599, "_wandb": {"runtime": 65}}