{"train_acc": 1.0, "test_acc": 0.6, "val_acc": 0.6356756756756756, "loss": 1.1067705154418945, "_timestamp": 1648807302, "_runtime": 20, "_step": 249, "_wandb": {"runtime": 21}}