{"train_acc": 0.9785714285714285, "test_acc": 0.8082474226804124, "val_acc": 0.8134408602150538, "loss": 0.14824679493904114, "_timestamp": 1648530093, "_runtime": 86, "_step": 299, "_wandb": {"runtime": 86}}