{"train_acc": 1.0, "test_acc": 0.6576169780436869, "val_acc": 0.6727272727272727, "loss": 0.1058553084731102, "_timestamp": 1648818084, "_runtime": 132, "_step": 599, "_wandb": {"runtime": 133}}