{"train_acc": 1.0, "test_acc": 0.7920076762431563, "val_acc": 0.7901298701298701, "loss": 0.0004819474706891924, "_timestamp": 1648806628, "_runtime": 89, "_step": 599, "_wandb": {"runtime": 89}}