{"train_acc": 0.9866666666666667, "test_acc": 0.6083333333333333, "val_acc": 0.6475675675675676, "loss": 1.1065162420272827, "_timestamp": 1648908912, "_runtime": 18, "_step": 249, "_wandb": {"runtime": 18}}