{"train_acc": 1.0, "test_acc": 0.7552068634644692, "val_acc": 0.7527272727272727, "loss": 0.0633058175444603, "_timestamp": 1648891952, "_runtime": 296, "_step": 599, "_wandb": {"runtime": 297}}