{"train_acc": 0.9866666666666667, "test_acc": 0.6, "val_acc": 0.6281081081081081, "loss": 1.2628668546676636, "_timestamp": 1648814485, "_runtime": 66, "_step": 249, "_wandb": {"runtime": 66}}