{"train_acc": 1.0, "test_acc": 0.87947198679967, "val_acc": 0.8797837837837837, "loss": 1.2035720348358154, "_timestamp": 1648864569, "_runtime": 32, "_step": 249, "_wandb": {"runtime": 33}}