{"train_acc": 1.0, "test_acc": 0.7377095445052774, "val_acc": 0.7205194805194806, "loss": 0.12084002047777176, "_timestamp": 1648836109, "_runtime": 292, "_step": 599, "_wandb": {"runtime": 292}}