{"train_acc": 1.0, "test_acc": 0.7274369249873003, "val_acc": 0.7150395778364116, "loss": 0.10826785117387772, "_timestamp": 1648783560, "_runtime": 49, "_step": 599, "_wandb": {"runtime": 50}}