{"train_acc": 1.0, "test_acc": 0.8726468161704043, "val_acc": 0.8771891891891892, "loss": 1.2971495389938354, "_timestamp": 1648862256, "_runtime": 36, "_step": 249, "_wandb": {"runtime": 38}}