{"train_acc": 1.0, "test_acc": 0.5484536082474227, "val_acc": 0.5446575342465754, "loss": 0.13133753836154938, "_timestamp": 1648919383, "_runtime": 44, "_step": 99, "_wandb": {"runtime": 45}}