{"train_acc": 1.0, "test_acc": 0.575, "val_acc": 0.6124324324324324, "loss": 1.116508960723877, "_timestamp": 1648822363, "_runtime": 135, "_step": 249, "_wandb": {"runtime": 136}}