{"train_acc": 0.9866666666666667, "test_acc": 0.5916666666666667, "val_acc": 0.6151351351351352, "loss": 1.0092788934707642, "_timestamp": 1648803069, "_runtime": 17, "_step": 249, "_wandb": {"runtime": 19}}