{"train_acc": 1.0, "test_acc": 0.9108977724443111, "val_acc": 0.918054054054054, "loss": 1.2677431106567383, "_timestamp": 1648818024, "_runtime": 87, "_step": 249, "_wandb": {"runtime": 88}}