{"train_acc": 0.9866666666666667, "test_acc": 0.65, "val_acc": 0.6448648648648648, "loss": 1.0778017044067383, "_timestamp": 1648722960, "_runtime": 27, "_step": 249, "_wandb": {"runtime": 27}}