{"train_acc": 1.0, "test_acc": 0.622680412371134, "val_acc": 0.5791780821917808, "loss": 0.13336189091205597, "_timestamp": 1648808288, "_runtime": 21, "_step": 99, "_wandb": {"runtime": 22}}