{"train_acc": 0.14285714285714285, "test_acc": 0.14432989690721648, "val_acc": 0.13643835616438357, "loss": NaN, "_timestamp": 1648917411, "_runtime": 28, "_step": 99, "_wandb": {"runtime": 29}}