{"train_acc": 1.0, "test_acc": 0.705029068126658, "val_acc": 0.691948051948052, "loss": 0.10901226103305817, "_timestamp": 1648861191, "_runtime": 38, "_step": 599, "_wandb": {"runtime": 38}}