{"train_acc": 1.0, "test_acc": 0.5525773195876289, "val_acc": 0.5484931506849315, "loss": 0.19387035071849823, "_timestamp": 1648911522, "_runtime": 14, "_step": 99, "_wandb": {"runtime": 14}}