{"train_acc": 1.0, "test_acc": 0.702376248800587, "val_acc": 0.6981818181818182, "loss": 0.08099064230918884, "_timestamp": 1648862325, "_runtime": 42, "_step": 599, "_wandb": {"runtime": 43}}