{"train_acc": 1.0, "test_acc": 0.6333333333333333, "val_acc": 0.5945945945945946, "loss": 1.0999282598495483, "_timestamp": 1648803567, "_runtime": 19, "_step": 249, "_wandb": {"runtime": 19}}