{"train_acc": 1.0, "test_acc": 0.6333333333333333, "val_acc": 0.6513513513513514, "loss": 1.0250225067138672, "_timestamp": 1648917079, "_runtime": 37, "_step": 249, "_wandb": {"runtime": 37}}