{"train_acc": 1.0, "test_acc": 0.8778219455486387, "val_acc": 0.886054054054054, "loss": 1.2816091775894165, "_timestamp": 1648811886, "_runtime": 48, "_step": 249, "_wandb": {"runtime": 49}}