{"train_acc": 1.0, "test_acc": 0.5979381443298969, "val_acc": 0.5983561643835617, "loss": 0.19038894772529602, "_timestamp": 1648914737, "_runtime": 21, "_step": 99, "_wandb": {"runtime": 22}}