{"train_acc": 1.0, "test_acc": 0.5319587628865979, "val_acc": 0.5786301369863014, "loss": 0.13354212045669556, "_timestamp": 1648912426, "_runtime": 14, "_step": 99, "_wandb": {"runtime": 15}}