{"train_acc": 1.0, "test_acc": 0.7642941807303719, "val_acc": 0.7677922077922078, "loss": 0.00037694585626013577, "_timestamp": 1648820279, "_runtime": 131, "_step": 599, "_wandb": {"runtime": 132}}