{"train_acc": 1.0, "test_acc": 0.6583333333333333, "val_acc": 0.5945945945945946, "loss": 1.039467692375183, "_timestamp": 1648908345, "_runtime": 16, "_step": 249, "_wandb": {"runtime": 17}}