{"train_acc": 1.0, "test_acc": 0.5567010309278351, "val_acc": 0.5682191780821918, "loss": 0.14263096451759338, "_timestamp": 1648911316, "_runtime": 15, "_step": 99, "_wandb": {"runtime": 15}}