{"train_acc": 0.9933333333333333, "test_acc": 0.575, "val_acc": 0.5967567567567568, "loss": 1.1771645545959473, "_timestamp": 1648717810, "_runtime": 55, "_step": 249, "_wandb": {"runtime": 55}}