{"train_acc": 1.0, "test_acc": 0.7296382005982954, "val_acc": 0.7345454545454545, "loss": 0.1067923977971077, "_timestamp": 1648808533, "_runtime": 54, "_step": 599, "_wandb": {"runtime": 55}}