{"train_acc": 0.9933333333333333, "test_acc": 0.6833333333333333, "val_acc": 0.6286486486486487, "loss": 1.119047999382019, "_timestamp": 1648909662, "_runtime": 19, "_step": 249, "_wandb": {"runtime": 20}}