{"train_acc": 0.9866666666666667, "test_acc": 0.625, "val_acc": 0.6129729729729729, "loss": 1.0773314237594604, "_timestamp": 1648913844, "_runtime": 21, "_step": 249, "_wandb": {"runtime": 23}}