{"train_acc": 1.0, "test_acc": 0.5876288659793815, "val_acc": 0.5873972602739727, "loss": 0.16482782363891602, "_timestamp": 1648809658, "_runtime": 25, "_step": 99, "_wandb": {"runtime": 25}}