{"train_acc": 1.0, "test_acc": 0.9183229580739518, "val_acc": 0.9219459459459459, "loss": 1.3372752666473389, "_timestamp": 1648806691, "_runtime": 39, "_step": 249, "_wandb": {"runtime": 41}}