{"train_acc": 1.0, "test_acc": 0.6206185567010309, "val_acc": 0.5895890410958904, "loss": 0.13808581233024597, "_timestamp": 1648912453, "_runtime": 15, "_step": 99, "_wandb": {"runtime": 17}}