{"train_acc": 1.0, "test_acc": 0.7075125585595755, "val_acc": 0.7044155844155844, "loss": 0.08889960497617722, "_timestamp": 1648874193, "_runtime": 134, "_step": 599, "_wandb": {"runtime": 134}}