{"train_acc": 0.9933333333333333, "test_acc": 0.6333333333333333, "val_acc": 0.6237837837837837, "loss": 1.2029979228973389, "_timestamp": 1648918963, "_runtime": 55, "_step": 249, "_wandb": {"runtime": 56}}