{"train_acc": 1.0, "test_acc": 0.5567010309278351, "val_acc": 0.5435616438356164, "loss": 0.1508563607931137, "_timestamp": 1648912635, "_runtime": 13, "_step": 99, "_wandb": {"runtime": 14}}