{"train_acc": 1.0, "test_acc": 0.7546391752577319, "val_acc": 0.7364383561643836, "loss": 0.5191025137901306, "_timestamp": 1648809845, "_runtime": 30, "_step": 99, "_wandb": {"runtime": 31}}