{"train_acc": 1.0, "test_acc": 0.5731958762886598, "val_acc": 0.5797260273972603, "loss": 0.12124967575073242, "_timestamp": 1648721320, "_runtime": 22, "_step": 99, "_wandb": {"runtime": 22}}