{"train_acc": 1.0, "test_acc": 0.7165434328610939, "val_acc": 0.7324675324675325, "loss": 0.1359424889087677, "_timestamp": 1648865878, "_runtime": 61, "_step": 599, "_wandb": {"runtime": 61}}