{"train_acc": 0.9933333333333333, "test_acc": 0.6083333333333333, "val_acc": 0.6281081081081081, "loss": 1.0915517807006836, "_timestamp": 1648862323, "_runtime": 24, "_step": 249, "_wandb": {"runtime": 25}}