{"train_acc": 1.0, "test_acc": 0.8791719792994825, "val_acc": 0.8828108108108108, "loss": 1.6000665426254272, "_timestamp": 1648717743, "_runtime": 24, "_step": 56}