{"train_acc": 1.0, "test_acc": 0.5298969072164949, "val_acc": 0.5671232876712329, "loss": 0.16056422889232635, "_timestamp": 1648915682, "_runtime": 28, "_step": 99, "_wandb": {"runtime": 29}}