{"train_acc": 0.9866666666666667, "test_acc": 0.5916666666666667, "val_acc": 0.5908108108108108, "loss": 1.16287100315094, "_timestamp": 1648907613, "_runtime": 18, "_step": 249, "_wandb": {"runtime": 18}}