{"train_acc": 0.98, "test_acc": 0.625, "val_acc": 0.614054054054054, "loss": 1.105939507484436, "_timestamp": 1648910137, "_runtime": 19, "_step": 249, "_wandb": {"runtime": 20}}