{"train_acc": 1.0, "test_acc": 0.8894472361809045, "val_acc": 0.8966486486486487, "loss": 1.2847281694412231, "_timestamp": 1648869535, "_runtime": 32, "_step": 249, "_wandb": {"runtime": 33}}