{"train_acc": 0.9933333333333333, "test_acc": 0.6416666666666667, "val_acc": 0.66, "loss": 1.0943409204483032, "_timestamp": 1648913941, "_runtime": 21, "_step": 249, "_wandb": {"runtime": 22}}