{"train_acc": 0.9933333333333333, "test_acc": 0.6, "val_acc": 0.6362162162162163, "loss": 1.1997838020324707, "_timestamp": 1648919562, "_runtime": 54, "_step": 249, "_wandb": {"runtime": 55}}