{"train_acc": 1.0, "test_acc": 0.6083333333333333, "val_acc": 0.6162162162162163, "loss": 1.1439613103866577, "_timestamp": 1648908009, "_runtime": 17, "_step": 249, "_wandb": {"runtime": 18}}