{"train_acc": 1.0, "test_acc": 0.5416666666666666, "val_acc": 0.6227027027027027, "loss": 1.111005187034607, "_timestamp": 1648811693, "_runtime": 49, "_step": 249, "_wandb": {"runtime": 50}}