{"train_acc": 1.0, "test_acc": 0.7300333013489868, "val_acc": 0.7148051948051948, "loss": 0.08324277400970459, "_timestamp": 1648869899, "_runtime": 61, "_step": 599, "_wandb": {"runtime": 62}}