{"train_acc": 0.9933333333333333, "test_acc": 0.6583333333333333, "val_acc": 0.6891891891891891, "loss": 1.091563105583191, "_timestamp": 1648811407, "_runtime": 50, "_step": 249, "_wandb": {"runtime": 51}}