{"train_acc": 0.9933333333333333, "test_acc": 0.5666666666666667, "val_acc": 0.6243243243243243, "loss": 1.0028932094573975, "_timestamp": 1648721405, "_runtime": 23, "_step": 249, "_wandb": {"runtime": 25}}