{"train_acc": 1.0, "test_acc": 0.5587628865979382, "val_acc": 0.553972602739726, "loss": 0.10973549634218216, "_timestamp": 1648911264, "_runtime": 15, "_step": 99, "_wandb": {"runtime": 16}}