{"train_acc": 1.0, "test_acc": 0.866721668041701, "val_acc": 0.8676756756756757, "loss": 1.2136482000350952, "_timestamp": 1648868729, "_runtime": 40, "_step": 249, "_wandb": {"runtime": 41}}