{"train_acc": 1.0, "test_acc": 0.7141163853925608, "val_acc": 0.7137662337662337, "loss": 0.10501492768526077, "_timestamp": 1648809985, "_runtime": 57, "_step": 599, "_wandb": {"runtime": 58}}