{"train_acc": 1.0, "test_acc": 0.5649484536082474, "val_acc": 0.5506849315068493, "loss": 0.12376739829778671, "_timestamp": 1648913202, "_runtime": 14, "_step": 99, "_wandb": {"runtime": 15}}