{"train_acc": 1.0, "test_acc": 0.6416666666666667, "val_acc": 0.658918918918919, "loss": 1.0894988775253296, "_timestamp": 1648803537, "_runtime": 21, "_step": 249, "_wandb": {"runtime": 21}}