{"train_acc": 1.0, "test_acc": 0.9149478736968424, "val_acc": 0.9184864864864865, "loss": 1.2386921644210815, "_timestamp": 1648816578, "_runtime": 51, "_step": 249, "_wandb": {"runtime": 51}}