{"train_acc": 1.0, "test_acc": 0.5666666666666667, "val_acc": 0.6232432432432432, "loss": 1.130067229270935, "_timestamp": 1648916238, "_runtime": 37, "_step": 249, "_wandb": {"runtime": 38}}