{"train_acc": 1.0, "test_acc": 0.5938144329896907, "val_acc": 0.6131506849315068, "loss": 0.08312676846981049, "_timestamp": 1648723625, "_runtime": 18, "_step": 99, "_wandb": {"runtime": 19}}