{"train_acc": 1.0, "test_acc": 0.8916972924323108, "val_acc": 0.8899459459459459, "loss": 1.3181254863739014, "_timestamp": 1648826062, "_runtime": 127, "_step": 249, "_wandb": {"runtime": 128}}