{"train_acc": 1.0, "test_acc": 0.6955466501100638, "val_acc": 0.6851948051948052, "loss": 0.09595639258623123, "_timestamp": 1648870629, "_runtime": 61, "_step": 599, "_wandb": {"runtime": 61}}