{"train_acc": 1.0, "test_acc": 0.5979381443298969, "val_acc": 0.5698630136986301, "loss": 0.12607865035533905, "_timestamp": 1648802560, "_runtime": 13, "_step": 99, "_wandb": {"runtime": 15}}