{"train_acc": 1.0, "test_acc": 0.8834470861771544, "val_acc": 0.8830270270270271, "loss": 1.2682565450668335, "_timestamp": 1648814752, "_runtime": 70, "_step": 249, "_wandb": {"runtime": 71}}