{"train_acc": 1.0, "test_acc": 0.7061014844499633, "val_acc": 0.7044155844155844, "loss": 0.09555666893720627, "_timestamp": 1648864041, "_runtime": 40, "_step": 599, "_wandb": {"runtime": 41}}