{"train_acc": 1.0, "test_acc": 0.6103092783505155, "val_acc": 0.5682191780821918, "loss": 0.1574561893939972, "_timestamp": 1648869831, "_runtime": 36, "_step": 99, "_wandb": {"runtime": 37}}