{"train_acc": 1.0, "test_acc": 0.7224135011570808, "val_acc": 0.7148051948051948, "loss": 0.014049089513719082, "_timestamp": 1648805411, "_runtime": 45, "_step": 599, "_wandb": {"runtime": 46}}