{"train_acc": 1.0, "test_acc": 0.8780469511737794, "val_acc": 0.8769729729729729, "loss": 1.2498432397842407, "_timestamp": 1648811988, "_runtime": 36, "_step": 249, "_wandb": {"runtime": 37}}