{"train_acc": 0.9866666666666667, "test_acc": 0.65, "val_acc": 0.6713513513513514, "loss": 1.0220152139663696, "_timestamp": 1648812536, "_runtime": 55, "_step": 249, "_wandb": {"runtime": 56}}