{"train_acc": 0.9866666666666667, "test_acc": 0.6166666666666667, "val_acc": 0.6735135135135135, "loss": 0.6459077596664429, "_timestamp": 1648804069, "_runtime": 20, "_step": 249, "_wandb": {"runtime": 21}}