{"train_acc": 1.0, "test_acc": 0.8781969549238731, "val_acc": 0.8841081081081081, "loss": 1.2434252500534058, "_timestamp": 1648804999, "_runtime": 39, "_step": 249, "_wandb": {"runtime": 40}}