{"train_acc": 1.0, "test_acc": 0.4666666666666667, "val_acc": 0.5935135135135136, "loss": 1.1414353847503662, "_timestamp": 1648816558, "_runtime": 71, "_step": 249, "_wandb": {"runtime": 71}}