{"train_acc": 1.0, "test_acc": 0.5237113402061856, "val_acc": 0.5517808219178082, "loss": 0.1628735214471817, "_timestamp": 1648861671, "_runtime": 12, "_step": 99, "_wandb": {"runtime": 13}}