{"train_acc": 1.0, "test_acc": 0.7015296043348197, "val_acc": 0.7163636363636363, "loss": 0.12988169491291046, "_timestamp": 1648845015, "_runtime": 294, "_step": 599, "_wandb": {"runtime": 295}}