{"train_acc": 1.0, "test_acc": 0.65, "val_acc": 0.6443243243243243, "loss": 1.062700629234314, "_timestamp": 1648808069, "_runtime": 22, "_step": 249, "_wandb": {"runtime": 23}}