{"train_acc": 1.0, "test_acc": 0.5793814432989691, "val_acc": 0.5704109589041096, "loss": 0.12387119978666306, "_timestamp": 1648718324, "_runtime": 28, "_step": 99, "_wandb": {"runtime": 29}}