{"train_acc": 0.16666666666666666, "test_acc": 0.1, "val_acc": 0.04756756756756757, "loss": NaN, "_timestamp": 1648813905, "_runtime": 48, "_step": 249, "_wandb": {"runtime": 49}}