{"train_acc": 1.0, "test_acc": 0.8778219455486387, "val_acc": 0.88, "loss": 1.314395546913147, "_timestamp": 1648809400, "_runtime": 32, "_step": 249, "_wandb": {"runtime": 33}}