{"train_acc": 1.0, "test_acc": 0.5237113402061856, "val_acc": 0.5468493150684931, "loss": 0.1172114759683609, "_timestamp": 1648804861, "_runtime": 15, "_step": 99, "_wandb": {"runtime": 16}}