{"train_acc": 1.0, "test_acc": 0.6979172546142124, "val_acc": 0.6935064935064935, "loss": 0.08725987374782562, "_timestamp": 1648871862, "_runtime": 128, "_step": 599, "_wandb": {"runtime": 129}}