{"train_acc": 1.0, "test_acc": 0.6185567010309279, "val_acc": 0.5835616438356165, "loss": 0.10122223198413849, "_timestamp": 1648721833, "_runtime": 76, "_step": 99, "_wandb": {"runtime": 76}}