{"train_acc": 1.0, "test_acc": 0.625, "val_acc": 0.6086486486486486, "loss": 1.0411314964294434, "_timestamp": 1648914770, "_runtime": 34, "_step": 249, "_wandb": {"runtime": 35}}