{"train_acc": 0.9933333333333333, "test_acc": 0.5333333333333333, "val_acc": 0.6205405405405405, "loss": 1.0772520303726196, "_timestamp": 1648803505, "_runtime": 22, "_step": 249, "_wandb": {"runtime": 22}}