{"train_acc": 1.0, "test_acc": 0.8805220130503263, "val_acc": 0.8856216216216216, "loss": 1.2647240161895752, "_timestamp": 1648720462, "_runtime": 66, "_step": 249, "_wandb": {"runtime": 67}}