{"train_acc": 1.0, "test_acc": 0.8862221555538888, "val_acc": 0.8877837837837838, "loss": 1.2691315412521362, "_timestamp": 1648864292, "_runtime": 51, "_step": 249, "_wandb": {"runtime": 55}}