{"train_acc": 0.3333333333333333, "test_acc": 0.20725856521984534, "val_acc": 0.2109090909090909, "loss": NaN, "_timestamp": 1648847156, "_runtime": 291, "_step": 599, "_wandb": {"runtime": 291}}