{"train_acc": 1.0, "test_acc": 0.6, "val_acc": 0.587027027027027, "loss": 1.0879132747650146, "_timestamp": 1648819295, "_runtime": 131, "_step": 249, "_wandb": {"runtime": 132}}