{"train_acc": 0.3333333333333333, "test_acc": 0.2092340689733025, "val_acc": 0.19272727272727272, "loss": NaN, "_timestamp": 1648883115, "_runtime": 158, "_step": 599, "_wandb": {"runtime": 158}}