{"train_acc": 1.0, "test_acc": 0.8756468911722793, "val_acc": 0.8787027027027027, "loss": 1.2816715240478516, "_timestamp": 1648720331, "_runtime": 33, "_step": 249, "_wandb": {"runtime": 33}}