{"train_acc": 0.9866666666666667, "test_acc": 0.5916666666666667, "val_acc": 0.692972972972973, "loss": 1.1346567869186401, "_timestamp": 1648917224, "_runtime": 36, "_step": 249, "_wandb": {"runtime": 37}}