{"train_acc": 1.0, "test_acc": 0.8828470711767794, "val_acc": 0.8838918918918919, "loss": 1.2799102067947388, "_timestamp": 1648803503, "_runtime": 30, "_step": 249, "_wandb": {"runtime": 31}}