{"train_acc": 1.0, "test_acc": 0.6247422680412371, "val_acc": 0.6378082191780822, "loss": 0.11308392137289047, "_timestamp": 1648917372, "_runtime": 29, "_step": 99, "_wandb": {"runtime": 30}}