{"train_acc": 1.0, "test_acc": 0.8835220880522013, "val_acc": 0.8817297297297297, "loss": 1.2893919944763184, "_timestamp": 1648867146, "_runtime": 32, "_step": 249, "_wandb": {"runtime": 32}}