{"train_acc": 1.0, "test_acc": 0.705593497770503, "val_acc": 0.7059740259740259, "loss": 0.10303556174039841, "_timestamp": 1648803805, "_runtime": 43, "_step": 599, "_wandb": {"runtime": 44}}