{"train_acc": 1.0, "test_acc": 0.5422680412371134, "val_acc": 0.5693150684931507, "loss": 0.14104124903678894, "_timestamp": 1648720391, "_runtime": 44, "_step": 99, "_wandb": {"runtime": 45}}