{"train_acc": 1.0, "test_acc": 0.5216494845360825, "val_acc": 0.5545205479452054, "loss": 0.19776736199855804, "_timestamp": 1648802283, "_runtime": 17, "_step": 99, "_wandb": {"runtime": 18}}