{"train_acc": 1.0, "test_acc": 0.5752577319587628, "val_acc": 0.5578082191780822, "loss": 0.09184321016073227, "_timestamp": 1648914576, "_runtime": 21, "_step": 99, "_wandb": {"runtime": 23}}