{"train_acc": 0.9933333333333333, "test_acc": 0.575, "val_acc": 0.6481081081081081, "loss": 0.6705648303031921, "_timestamp": 1648909028, "_runtime": 18, "_step": 249, "_wandb": {"runtime": 18}}