{"train_acc": 0.9933333333333333, "test_acc": 0.6166666666666667, "val_acc": 0.6367567567567568, "loss": 1.0715302228927612, "_timestamp": 1648804137, "_runtime": 25, "_step": 249, "_wandb": {"runtime": 25}}