{"train_acc": 1.0, "test_acc": 0.8757218930473262, "val_acc": 0.8758918918918919, "loss": 1.3793357610702515, "_timestamp": 1648812979, "_runtime": 36, "_step": 249, "_wandb": {"runtime": 37}}