{"train_acc": 0.9933333333333333, "test_acc": 0.5916666666666667, "val_acc": 0.6713513513513514, "loss": 1.028403878211975, "_timestamp": 1648912580, "_runtime": 20, "_step": 249, "_wandb": {"runtime": 21}}