{"train_acc": 1.0, "test_acc": 0.5484536082474227, "val_acc": 0.5336986301369863, "loss": 0.15580341219902039, "_timestamp": 1648913730, "_runtime": 21, "_step": 99, "_wandb": {"runtime": 22}}