{"train_acc": 1.0, "test_acc": 0.7224699441214653, "val_acc": 0.7189610389610389, "loss": 0.08748874813318253, "_timestamp": 1648822498, "_runtime": 128, "_step": 599, "_wandb": {"runtime": 129}}