{"train_acc": 1.0, "test_acc": 0.7333069932832872, "val_acc": 0.7319480519480519, "loss": 0.04286092892289162, "_timestamp": 1648804501, "_runtime": 36, "_step": 599, "_wandb": {"runtime": 37}}