{"train_acc": 1.0, "test_acc": 0.625, "val_acc": 0.625945945945946, "loss": 1.086194634437561, "_timestamp": 1648866420, "_runtime": 20, "_step": 249, "_wandb": {"runtime": 21}}