{"train_acc": 0.9828571428571429, "test_acc": 0.5731958762886598, "val_acc": 0.5561643835616439, "loss": 0.21143168210983276, "_timestamp": 1648914383, "_runtime": 21, "_step": 99, "_wandb": {"runtime": 22}}