{"train_acc": 1.0, "test_acc": 0.6083333333333333, "val_acc": 0.6421621621621622, "loss": 1.2020426988601685, "_timestamp": 1648809414, "_runtime": 23, "_step": 249, "_wandb": {"runtime": 24}}