{"train_acc": 1.0, "test_acc": 0.6954337641812948, "val_acc": 0.7059740259740259, "loss": 0.08809720724821091, "_timestamp": 1648807577, "_runtime": 41, "_step": 599, "_wandb": {"runtime": 42}}