{"train_acc": 1.0, "test_acc": 0.6416666666666667, "val_acc": 0.6551351351351351, "loss": 1.1513599157333374, "_timestamp": 1648724708, "_runtime": 33, "_step": 249, "_wandb": {"runtime": 34}}