{"train_acc": 1.0, "test_acc": 0.891022275556889, "val_acc": 0.8875675675675676, "loss": 1.3642061948776245, "_timestamp": 1648724716, "_runtime": 96, "_step": 249, "_wandb": {"runtime": 96}}