{"train_acc": 0.9933333333333333, "test_acc": 0.5916666666666667, "val_acc": 0.6286486486486487, "loss": 1.114953637123108, "_timestamp": 1648864085, "_runtime": 23, "_step": 249, "_wandb": {"runtime": 23}}