{"train_acc": 1.0, "test_acc": 0.5773195876288659, "val_acc": 0.5676712328767123, "loss": 0.15413440763950348, "_timestamp": 1648920274, "_runtime": 46, "_step": 99, "_wandb": {"runtime": 46}}