{"train_acc": 1.0, "test_acc": 0.5916666666666667, "val_acc": 0.6302702702702703, "loss": 1.1011890172958374, "_timestamp": 1648803668, "_runtime": 19, "_step": 249, "_wandb": {"runtime": 20}}