{"train_acc": 0.9493333333333334, "test_acc": 0.8641716042901072, "val_acc": 0.8566486486486486, "loss": 1.5988327264785767, "_timestamp": 1648803102, "_runtime": 29, "_step": 249, "_wandb": {"runtime": 30}}