{"train_acc": 1.0, "test_acc": 0.5216494845360825, "val_acc": 0.5249315068493151, "loss": 0.12258164584636688, "_timestamp": 1648866453, "_runtime": 21, "_step": 99, "_wandb": {"runtime": 21}}