{"train_acc": 0.9866666666666667, "test_acc": 0.725, "val_acc": 0.6302702702702703, "loss": 1.0905781984329224, "_timestamp": 1648803165, "_runtime": 16, "_step": 249, "_wandb": {"runtime": 17}}