{"train_acc": 1.0, "test_acc": 0.5649484536082474, "val_acc": 0.5435616438356164, "loss": 0.12979839742183685, "_timestamp": 1648722079, "_runtime": 44, "_step": 99, "_wandb": {"runtime": 45}}