{"train_acc": 1.0, "test_acc": 0.7066659140938082, "val_acc": 0.7002597402597402, "loss": 0.10793548822402954, "_timestamp": 1648805001, "_runtime": 48, "_step": 599, "_wandb": {"runtime": 49}}