{"train_acc": 1.0, "test_acc": 0.5319587628865979, "val_acc": 0.5589041095890411, "loss": 0.08682848513126373, "_timestamp": 1648803469, "_runtime": 15, "_step": 99, "_wandb": {"runtime": 16}}