{"train_acc": 0.9946666666666667, "test_acc": 0.8939473486837171, "val_acc": 0.8944864864864864, "loss": 1.5191842317581177, "_timestamp": 1648820065, "_runtime": 85, "_step": 249, "_wandb": {"runtime": 86}}