{"train_acc": 0.9933333333333333, "test_acc": 0.6166666666666667, "val_acc": 0.6032432432432432, "loss": 1.1287084817886353, "_timestamp": 1648718708, "_runtime": 28, "_step": 249, "_wandb": {"runtime": 28}}