{"train_acc": 1.0, "test_acc": 0.7271431785794645, "val_acc": 0.7262702702702702, "loss": 1.554808259010315, "_timestamp": 1648810666, "_runtime": 43, "_step": 249, "_wandb": {"runtime": 44}}