{"train_acc": 1.0, "test_acc": 0.8755718892972324, "val_acc": 0.881945945945946, "loss": 1.2105822563171387, "_timestamp": 1648722190, "_runtime": 39, "_step": 249, "_wandb": {"runtime": 40}}