{"train_acc": 0.9933333333333333, "test_acc": 0.6833333333333333, "val_acc": 0.6491891891891892, "loss": 1.1112948656082153, "_timestamp": 1648870675, "_runtime": 65, "_step": 249, "_wandb": {"runtime": 65}}