{"train_acc": 1.0, "test_acc": 0.6666666666666666, "val_acc": 0.6151351351351352, "loss": 1.1786800622940063, "_timestamp": 1648871200, "_runtime": 66, "_step": 249, "_wandb": {"runtime": 66}}