{"train_acc": 1.0, "test_acc": 0.5567010309278351, "val_acc": 0.5287671232876713, "loss": 0.14270374178886414, "_timestamp": 1648719343, "_runtime": 34, "_step": 99, "_wandb": {"runtime": 34}}