{"train_acc": 1.0, "test_acc": 0.7208895411186995, "val_acc": 0.7023376623376624, "loss": 0.07994517683982849, "_timestamp": 1648861095, "_runtime": 36, "_step": 599, "_wandb": {"runtime": 36}}