{"train_acc": 1.0, "test_acc": 0.756701030927835, "val_acc": 0.7632876712328767, "loss": 0.022805310785770416, "_timestamp": 1648813064, "_runtime": 32, "_step": 99, "_wandb": {"runtime": 33}}