{"train_acc": 1.0, "test_acc": 0.6833333333333333, "val_acc": 0.6367567567567568, "loss": 1.0844646692276, "_timestamp": 1648781887, "_runtime": 446, "_step": 161}