{"train_acc": 0.3333333333333333, "test_acc": 0.20889541118699553, "val_acc": 0.19584415584415585, "loss": NaN, "_timestamp": 1648891194, "_runtime": 293, "_step": 599, "_wandb": {"runtime": 294}}