{"train_acc": 1.0, "test_acc": 0.5505154639175258, "val_acc": 0.5501369863013699, "loss": 0.12543465197086334, "_timestamp": 1648718497, "_runtime": 16, "_step": 99, "_wandb": {"runtime": 17}}