{"train_acc": 1.0, "test_acc": 0.8870471761794045, "val_acc": 0.8877837837837838, "loss": 1.2864913940429688, "_timestamp": 1648822874, "_runtime": 103, "_step": 249, "_wandb": {"runtime": 102}}