{"train_acc": 0.8785714285714286, "test_acc": 0.8391752577319588, "val_acc": 0.8021505376344086, "loss": 1.3509827852249146, "_timestamp": 1648530537, "_runtime": 84, "_step": 299, "_wandb": {"runtime": 84}}