{"train_acc": 0.9942857142857143, "test_acc": 0.5216494845360825, "val_acc": 0.5243835616438356, "loss": 0.11874750256538391, "_timestamp": 1648914090, "_runtime": 21, "_step": 99, "_wandb": {"runtime": 22}}