{"train_acc": 1.0, "test_acc": 0.88307207680192, "val_acc": 0.8890810810810811, "loss": 1.2603758573532104, "_timestamp": 1648868415, "_runtime": 33, "_step": 249, "_wandb": {"runtime": 33}}