{"train_acc": 0.9933333333333333, "test_acc": 0.6333333333333333, "val_acc": 0.6183783783783784, "loss": 1.0962835550308228, "_timestamp": 1648909482, "_runtime": 19, "_step": 249, "_wandb": {"runtime": 19}}