{"train_acc": 1.0, "test_acc": 0.5030927835051546, "val_acc": 0.5572602739726027, "loss": 0.1030978262424469, "_timestamp": 1648862377, "_runtime": 14, "_step": 99, "_wandb": {"runtime": 15}}