{"train_acc": 1.0, "test_acc": 0.7061014844499633, "val_acc": 0.7044155844155844, "loss": 0.1496363878250122, "_timestamp": 1648886923, "_runtime": 295, "_step": 599, "_wandb": {"runtime": 296}}