{"train_acc": 1.0, "test_acc": 0.7166666666666667, "val_acc": 0.6437837837837838, "loss": 1.1393470764160156, "_timestamp": 1648872356, "_runtime": 52, "_step": 249, "_wandb": {"runtime": 53}}