{"train_acc": 1.0, "test_acc": 0.8802970074251857, "val_acc": 0.8832432432432432, "loss": 1.2983479499816895, "_timestamp": 1648823232, "_runtime": 105, "_step": 249, "_wandb": {"runtime": 106}}