{"train_acc": 1.0, "test_acc": 0.8860721518037951, "val_acc": 0.8875675675675676, "loss": 1.316636085510254, "_timestamp": 1648869184, "_runtime": 42, "_step": 249, "_wandb": {"runtime": 43}}