{"train_acc": 1.0, "test_acc": 0.7704464638482813, "val_acc": 0.7667532467532467, "loss": 0.09778082370758057, "_timestamp": 1648814003, "_runtime": 70, "_step": 599, "_wandb": {"runtime": 71}}