{"train_acc": 1.0, "test_acc": 0.704916182197889, "val_acc": 0.6992207792207792, "loss": 0.0819023847579956, "_timestamp": 1648807056, "_runtime": 48, "_step": 599, "_wandb": {"runtime": 48}}