{"train_acc": 1.0, "test_acc": 0.5505154639175258, "val_acc": 0.5523287671232877, "loss": 0.09572170674800873, "_timestamp": 1648908479, "_runtime": 13, "_step": 99, "_wandb": {"runtime": 15}}