{"train_acc": 1.0, "test_acc": 0.5463917525773195, "val_acc": 0.5304109589041096, "loss": 0.0960635170340538, "_timestamp": 1648801556, "_runtime": 15, "_step": 99, "_wandb": {"runtime": 16}}