{"train_acc": 1.0, "test_acc": 0.5083333333333333, "val_acc": 0.6118918918918919, "loss": 1.1051074266433716, "_timestamp": 1648914166, "_runtime": 19, "_step": 249, "_wandb": {"runtime": 19}}