{"train_acc": 1.0, "test_acc": 0.5298969072164949, "val_acc": 0.5473972602739726, "loss": 0.10200057923793793, "_timestamp": 1648863741, "_runtime": 17, "_step": 99, "_wandb": {"runtime": 19}}