{"train_acc": 1.0, "test_acc": 0.55, "val_acc": 0.6394594594594595, "loss": 1.0992718935012817, "_timestamp": 1648721946, "_runtime": 29, "_step": 249, "_wandb": {"runtime": 30}}