{"train_acc": 0.98, "test_acc": 0.6583333333333333, "val_acc": 0.6064864864864865, "loss": 1.1572740077972412, "_timestamp": 1648722378, "_runtime": 21, "_step": 249, "_wandb": {"runtime": 22}}