{"train_acc": 0.9933333333333333, "test_acc": 0.6916666666666667, "val_acc": 0.6254054054054055, "loss": 1.0073803663253784, "_timestamp": 1648863696, "_runtime": 19, "_step": 249, "_wandb": {"runtime": 20}}