{"train_acc": 0.9933333333333333, "test_acc": 0.5833333333333334, "val_acc": 0.607027027027027, "loss": 1.2011232376098633, "_timestamp": 1648808297, "_runtime": 27, "_step": 249, "_wandb": {"runtime": 28}}