{"train_acc": 1.0, "test_acc": 0.7855670103092783, "val_acc": 0.7884931506849315, "loss": 0.029665039852261543, "_timestamp": 1648915096, "_runtime": 22, "_step": 99, "_wandb": {"runtime": 23}}