{"train_acc": 1.0, "test_acc": 0.6800812778687136, "val_acc": 0.6768831168831169, "loss": 0.12048277258872986, "_timestamp": 1648812891, "_runtime": 67, "_step": 599, "_wandb": {"runtime": 67}}