{"train_acc": 1.0, "test_acc": 0.7165434328610939, "val_acc": 0.7158441558441558, "loss": 0.07858803868293762, "_timestamp": 1648874899, "_runtime": 132, "_step": 599, "_wandb": {"runtime": 132}}