{"train_acc": 0.9933333333333333, "test_acc": 0.625, "val_acc": 0.6221621621621621, "loss": 1.1124036312103271, "_timestamp": 1648916378, "_runtime": 35, "_step": 249, "_wandb": {"runtime": 36}}