{"train_acc": 1.0, "test_acc": 0.7284528983462212, "val_acc": 0.7262337662337662, "loss": 0.07125572860240936, "_timestamp": 1648810677, "_runtime": 58, "_step": 599, "_wandb": {"runtime": 59}}