{"train_acc": 0.9866666666666667, "test_acc": 0.5666666666666667, "val_acc": 0.6297297297297297, "loss": 1.1703462600708008, "_timestamp": 1648865946, "_runtime": 30, "_step": 249, "_wandb": {"runtime": 30}}