{"train_acc": 1.0, "test_acc": 0.890947273681842, "val_acc": 0.8942702702702703, "loss": 1.2642271518707275, "_timestamp": 1648879744, "_runtime": 129, "_step": 249, "_wandb": {"runtime": 130}}