{"train_acc": 1.0, "test_acc": 0.5876288659793815, "val_acc": 0.5638356164383561, "loss": 0.1515778750181198, "_timestamp": 1648909446, "_runtime": 15, "_step": 99, "_wandb": {"runtime": 16}}