{"train_acc": 1.0, "test_acc": 0.7727041824236609, "val_acc": 0.7522077922077922, "loss": 0.04195236787199974, "_timestamp": 1648808990, "_runtime": 53, "_step": 599, "_wandb": {"runtime": 54}}