{"train_acc": 1.0, "test_acc": 0.7010216176553593, "val_acc": 0.7044155844155844, "loss": 0.13000263273715973, "_timestamp": 1648862375, "_runtime": 38, "_step": 599, "_wandb": {"runtime": 39}}