{"train_acc": 1.0, "test_acc": 0.8744468611715293, "val_acc": 0.8767567567567568, "loss": 1.2543028593063354, "_timestamp": 1648722001, "_runtime": 30, "_step": 249, "_wandb": {"runtime": 31}}