{"train_acc": 1.0, "test_acc": 0.5916666666666667, "val_acc": 0.6081081081081081, "loss": 1.1570782661437988, "_timestamp": 1648925794, "_runtime": 90, "_step": 249, "_wandb": {"runtime": 90}}