{"train_acc": 1.0, "test_acc": 0.6020618556701031, "val_acc": 0.5780821917808219, "loss": 0.137041836977005, "_timestamp": 1648913631, "_runtime": 21, "_step": 99, "_wandb": {"runtime": 22}}