{"train_acc": 1.0, "test_acc": 0.8953723843096077, "val_acc": 0.9014054054054054, "loss": 1.2902436256408691, "_timestamp": 1648824432, "_runtime": 128, "_step": 249, "_wandb": {"runtime": 129}}