{"train_acc": 0.9866666666666667, "test_acc": 0.65, "val_acc": 0.7291891891891892, "loss": 1.090311884880066, "_timestamp": 1648725577, "_runtime": 161, "_step": 249, "_wandb": {"runtime": 161}}