{"train_acc": 1.0, "test_acc": 0.6416666666666667, "val_acc": 0.6416216216216216, "loss": 1.1760808229446411, "_timestamp": 1648912983, "_runtime": 21, "_step": 249, "_wandb": {"runtime": 21}}