{"train_acc": 0.9866666666666667, "test_acc": 0.6416666666666667, "val_acc": 0.6183783783783784, "loss": 1.0378191471099854, "_timestamp": 1648923860, "_runtime": 91, "_step": 249, "_wandb": {"runtime": 92}}