{"train_acc": 1.0, "test_acc": 0.668041237113402, "val_acc": 0.6328767123287671, "loss": 0.10985139012336731, "_timestamp": 1648816192, "_runtime": 60, "_step": 99, "_wandb": {"runtime": 60}}