{"train_acc": 1.0, "test_acc": 0.5833333333333334, "val_acc": 0.6281081081081081, "loss": 1.0828033685684204, "_timestamp": 1648722495, "_runtime": 32, "_step": 249, "_wandb": {"runtime": 33}}