{"train_acc": 1.0, "test_acc": 0.6164948453608248, "val_acc": 0.5895890410958904, "loss": 0.10684077441692352, "_timestamp": 1648911393, "_runtime": 15, "_step": 99, "_wandb": {"runtime": 15}}