{"train_acc": 1.0, "test_acc": 0.575, "val_acc": 0.6421621621621622, "loss": 1.1639409065246582, "_timestamp": 1648868589, "_runtime": 46, "_step": 249, "_wandb": {"runtime": 46}}