{"train_acc": 1.0, "test_acc": 0.6333333333333333, "val_acc": 0.6632432432432432, "loss": 1.126998782157898, "_timestamp": 1648723816, "_runtime": 94, "_step": 249, "_wandb": {"runtime": 95}}