{"train_acc": 1.0, "test_acc": 0.7198171247953943, "val_acc": 0.704935064935065, "loss": 0.012754743918776512, "_timestamp": 1648805915, "_runtime": 45, "_step": 599, "_wandb": {"runtime": 46}}