{"train_acc": 1.0, "test_acc": 0.5587628865979382, "val_acc": 0.570958904109589, "loss": 0.13141867518424988, "_timestamp": 1648916165, "_runtime": 29, "_step": 99, "_wandb": {"runtime": 30}}