{"train_acc": 0.14285714285714285, "test_acc": 0.14845360824742268, "val_acc": 0.13534246575342465, "loss": NaN, "_timestamp": 1648805124, "_runtime": 19, "_step": 99, "_wandb": {"runtime": 19}}