{"train_acc": 1.0, "test_acc": 0.6666666666666666, "val_acc": 0.6167567567567568, "loss": 1.0877349376678467, "_timestamp": 1648861760, "_runtime": 18, "_step": 249, "_wandb": {"runtime": 19}}