{"train_acc": 1.0, "test_acc": 0.8748218705467636, "val_acc": 0.8806486486486487, "loss": 1.2493456602096558, "_timestamp": 1648807598, "_runtime": 32, "_step": 249, "_wandb": {"runtime": 32}}