{"train_acc": 0.9933333333333333, "test_acc": 0.6333333333333333, "val_acc": 0.6475675675675676, "loss": 1.129911184310913, "_timestamp": 1648867924, "_runtime": 47, "_step": 249, "_wandb": {"runtime": 48}}