{"train_acc": 1.0, "test_acc": 0.5833333333333334, "val_acc": 0.6, "loss": 1.099759578704834, "_timestamp": 1648723516, "_runtime": 25, "_step": 249, "_wandb": {"runtime": 27}}