{"train_acc": 1.0, "test_acc": 0.7295253146695264, "val_acc": 0.7381818181818182, "loss": 0.0008946401649154723, "_timestamp": 1648811021, "_runtime": 60, "_step": 599, "_wandb": {"runtime": 61}}