{"train_acc": 1.0, "test_acc": 0.5567010309278351, "val_acc": 0.5654794520547946, "loss": 0.10616257041692734, "_timestamp": 1648805180, "_runtime": 17, "_step": 99, "_wandb": {"runtime": 18}}