{"train_acc": 1.0, "test_acc": 0.8211955298882472, "val_acc": 0.819027027027027, "loss": 1.3590623140335083, "_timestamp": 1648801845, "_runtime": 29, "_step": 249, "_wandb": {"runtime": 29}}