{"train_acc": 1.0, "test_acc": 0.8887722193054827, "val_acc": 0.8916756756756756, "loss": 1.2804808616638184, "_timestamp": 1648804473, "_runtime": 28, "_step": 249, "_wandb": {"runtime": 28}}