{"train_acc": 1.0, "test_acc": 0.5835051546391753, "val_acc": 0.6043835616438357, "loss": 0.10676516592502594, "_timestamp": 1648810769, "_runtime": 24, "_step": 99, "_wandb": {"runtime": 25}}