{"train_acc": 1.0, "test_acc": 0.5649484536082474, "val_acc": 0.5638356164383561, "loss": 0.12459991127252579, "_timestamp": 1648909291, "_runtime": 14, "_step": 99, "_wandb": {"runtime": 15}}