{"train_acc": 1.0, "test_acc": 0.88307207680192, "val_acc": 0.8884324324324324, "loss": 1.2460532188415527, "_timestamp": 1648870475, "_runtime": 45, "_step": 249, "_wandb": {"runtime": 45}}