{"train_acc": 1.0, "test_acc": 0.713326183891178, "val_acc": 0.7241558441558441, "loss": 0.10373606532812119, "_timestamp": 1648810538, "_runtime": 55, "_step": 599, "_wandb": {"runtime": 55}}