{"train_acc": 0.9933333333333333, "test_acc": 0.6, "val_acc": 0.6356756756756756, "loss": 0.9919053316116333, "_timestamp": 1648916845, "_runtime": 37, "_step": 249, "_wandb": {"runtime": 37}}