{"train_acc": 1.0, "test_acc": 0.667325167917819, "val_acc": 0.6748051948051949, "loss": 0.13507500290870667, "_timestamp": 1648806936, "_runtime": 51, "_step": 599, "_wandb": {"runtime": 46}}