{"train_acc": 0.9933333333333333, "test_acc": 0.5583333333333333, "val_acc": 0.6145945945945946, "loss": 1.0286664962768555, "_timestamp": 1648906895, "_runtime": 14, "_step": 249, "_wandb": {"runtime": 16}}