{"train_acc": 1.0, "test_acc": 0.5416666666666666, "val_acc": 0.658918918918919, "loss": 1.0435881614685059, "_timestamp": 1648869081, "_runtime": 41, "_step": 249, "_wandb": {"runtime": 42}}