{"train_acc": 1.0, "test_acc": 0.6916666666666667, "val_acc": 0.6232432432432432, "loss": 1.1280312538146973, "_timestamp": 1648873400, "_runtime": 120, "_step": 249, "_wandb": {"runtime": 120}}