{"train_acc": 0.16666666666666666, "test_acc": 0.016666666666666666, "val_acc": 0.05297297297297297, "loss": NaN, "_timestamp": 1648918162, "_runtime": 54, "_step": 249, "_wandb": {"runtime": 54}}