{"train_acc": 1.0, "test_acc": 0.7081334311678049, "val_acc": 0.7134564643799473, "loss": 0.1460389345884323, "_timestamp": 1648784274, "_runtime": 334, "_step": 599, "_wandb": {"runtime": 335}}