{"train_acc": 0.9933333333333333, "test_acc": 0.6583333333333333, "val_acc": 0.6351351351351351, "loss": 1.0396173000335693, "_timestamp": 1648811577, "_runtime": 41, "_step": 249, "_wandb": {"runtime": 42}}