{"train_acc": 1.0, "test_acc": 0.8872721818045451, "val_acc": 0.8914594594594595, "loss": 1.287585973739624, "_timestamp": 1648813037, "_runtime": 47, "_step": 249, "_wandb": {"runtime": 47}}