{"train_acc": 0.9933333333333333, "test_acc": 0.6166666666666667, "val_acc": 0.62, "loss": 1.133764624595642, "_timestamp": 1648863819, "_runtime": 19, "_step": 249, "_wandb": {"runtime": 20}}