{"train_acc": 1.0, "test_acc": 0.6061855670103092, "val_acc": 0.6082191780821918, "loss": 0.26582786440849304, "_timestamp": 1648802944, "_runtime": 14, "_step": 99, "_wandb": {"runtime": 15}}