{"train_acc": 1.0, "test_acc": 0.5402061855670103, "val_acc": 0.5276712328767124, "loss": 0.13901256024837494, "_timestamp": 1648801826, "_runtime": 17, "_step": 99, "_wandb": {"runtime": 18}}