{"train_acc": 1.0, "test_acc": 0.6784444319015634, "val_acc": 0.6872727272727273, "loss": 0.09892184287309647, "_timestamp": 1648838558, "_runtime": 292, "_step": 599, "_wandb": {"runtime": 293}}