{"train_acc": 1.0, "test_acc": 0.6829598690523226, "val_acc": 0.6784415584415584, "loss": 0.10935070365667343, "_timestamp": 1648819109, "_runtime": 136, "_step": 599, "_wandb": {"runtime": 136}}