{"train_acc": 1.0, "test_acc": 0.5298969072164949, "val_acc": 0.5336986301369863, "loss": 0.15342068672180176, "_timestamp": 1648861693, "_runtime": 12, "_step": 99, "_wandb": {"runtime": 12}}