{"train_acc": 1.0, "test_acc": 0.6583333333333333, "val_acc": 0.6913513513513514, "loss": 0.6968716979026794, "_timestamp": 1648908491, "_runtime": 18, "_step": 249, "_wandb": {"runtime": 18}}