{"train_acc": 1.0, "test_acc": 0.6910312129593046, "val_acc": 0.6784415584415584, "loss": 0.10885071754455566, "_timestamp": 1648824382, "_runtime": 215, "_step": 599, "_wandb": {"runtime": 215}}