{"train_acc": 1.0, "test_acc": 0.8751218780469512, "val_acc": 0.8756756756756757, "loss": 1.1730564832687378, "_timestamp": 1648722045, "_runtime": 33, "_step": 249, "_wandb": {"runtime": 34}}