{"train_acc": 0.98, "test_acc": 0.6416666666666667, "val_acc": 0.6437837837837838, "loss": 1.0475798845291138, "_timestamp": 1648864885, "_runtime": 28, "_step": 249, "_wandb": {"runtime": 28}}