{"train_acc": 1.0, "test_acc": 0.8670216755418886, "val_acc": 0.8717837837837837, "loss": 1.3039056062698364, "_timestamp": 1648801934, "_runtime": 34, "_step": 249, "_wandb": {"runtime": 35}}