{"train_acc": 1.0, "test_acc": 0.65, "val_acc": 0.6427027027027027, "loss": 1.1672368049621582, "_timestamp": 1648806002, "_runtime": 21, "_step": 249, "_wandb": {"runtime": 22}}