{"train_acc": 1.0, "test_acc": 0.6, "val_acc": 0.6318918918918919, "loss": 1.1177659034729004, "_timestamp": 1648918295, "_runtime": 56, "_step": 249, "_wandb": {"runtime": 57}}