{"train_acc": 1.0, "test_acc": 0.5525773195876289, "val_acc": 0.5435616438356164, "loss": 0.10882806777954102, "_timestamp": 1648807435, "_runtime": 18, "_step": 99, "_wandb": {"runtime": 19}}