{"train_acc": 1.0, "test_acc": 0.5731958762886598, "val_acc": 0.5441095890410959, "loss": 0.14880551397800446, "_timestamp": 1648814985, "_runtime": 61, "_step": 99, "_wandb": {"runtime": 61}}