{"train_acc": 0.9933333333333333, "test_acc": 0.6166666666666667, "val_acc": 0.6389189189189189, "loss": 1.088205099105835, "_timestamp": 1648914724, "_runtime": 34, "_step": 249, "_wandb": {"runtime": 35}}