{"train_acc": 1.0, "test_acc": 0.5876288659793815, "val_acc": 0.5802739726027397, "loss": 0.11427896469831467, "_timestamp": 1648811341, "_runtime": 36, "_step": 99, "_wandb": {"runtime": 36}}