{"train_acc": 1.0, "test_acc": 0.8900472511812796, "val_acc": 0.888, "loss": 1.202258586883545, "_timestamp": 1648818946, "_runtime": 98, "_step": 249, "_wandb": {"runtime": 99}}