{"train_acc": 1.0, "test_acc": 0.6931196026415307, "val_acc": 0.6903896103896104, "loss": 0.08741935342550278, "_timestamp": 1648884493, "_runtime": 294, "_step": 599, "_wandb": {"runtime": 295}}