{"train_acc": 0.3333333333333333, "test_acc": 0.20776655189930576, "val_acc": 0.20623376623376624, "loss": NaN, "_timestamp": 1648832323, "_runtime": 156, "_step": 599, "_wandb": {"runtime": 157}}