{"train_acc": 1.0, "test_acc": 0.5505154639175258, "val_acc": 0.5304109589041096, "loss": 0.10045237094163895, "_timestamp": 1648912892, "_runtime": 15, "_step": 99, "_wandb": {"runtime": 16}}