{"train_acc": 0.9933333333333333, "test_acc": 0.65, "val_acc": 0.6286486486486487, "loss": 1.079829454421997, "_timestamp": 1648718926, "_runtime": 49, "_step": 249, "_wandb": {"runtime": 50}}