{"train_acc": 0.9933333333333333, "test_acc": 0.6, "val_acc": 0.6735135135135135, "loss": 1.0697009563446045, "_timestamp": 1648816726, "_runtime": 71, "_step": 249, "_wandb": {"runtime": 70}}