{"train_acc": 0.9942857142857143, "test_acc": 0.554639175257732, "val_acc": 0.555068493150685, "loss": 0.1512092649936676, "_timestamp": 1648908699, "_runtime": 14, "_step": 99, "_wandb": {"runtime": 15}}