{"train_acc": 0.9866666666666667, "test_acc": 0.6833333333333333, "val_acc": 0.6194594594594595, "loss": 1.1827601194381714, "_timestamp": 1648808557, "_runtime": 23, "_step": 249, "_wandb": {"runtime": 23}}