{"train_acc": 1.0, "test_acc": 0.5670103092783505, "val_acc": 0.5742465753424657, "loss": 0.11040209978818893, "_timestamp": 1648912118, "_runtime": 15, "_step": 99, "_wandb": {"runtime": 16}}