{"train_acc": 1.0, "test_acc": 0.5814432989690722, "val_acc": 0.564931506849315, "loss": 0.1291724294424057, "_timestamp": 1648808223, "_runtime": 20, "_step": 99, "_wandb": {"runtime": 21}}