{"train_acc": 0.9066666666666666, "test_acc": 0.7468533047355647, "val_acc": 0.747012987012987, "loss": 0.9763895869255066, "_timestamp": 1648809784, "_runtime": 54, "_step": 599, "_wandb": {"runtime": 55}}