{"train_acc": 1.0, "test_acc": 0.5443298969072164, "val_acc": 0.5419178082191781, "loss": 0.10978782922029495, "_timestamp": 1648814660, "_runtime": 58, "_step": 99, "_wandb": {"runtime": 59}}