{"train_acc": 0.9933333333333333, "test_acc": 0.625, "val_acc": 0.6237837837837837, "loss": 1.0251041650772095, "_timestamp": 1648868256, "_runtime": 48, "_step": 249, "_wandb": {"runtime": 48}}