{"train_acc": 1.0, "test_acc": 0.6900152396003838, "val_acc": 0.681038961038961, "loss": 0.09680798649787903, "_timestamp": 1648887539, "_runtime": 296, "_step": 599, "_wandb": {"runtime": 297}}