{"train_acc": 1.0, "test_acc": 0.5958762886597938, "val_acc": 0.5923287671232876, "loss": 0.17775873839855194, "_timestamp": 1648912916, "_runtime": 12, "_step": 99, "_wandb": {"runtime": 14}}