{"train_acc": 1.0, "test_acc": 0.6, "val_acc": 0.6248648648648648, "loss": 1.0435216426849365, "_timestamp": 1648910220, "_runtime": 17, "_step": 249, "_wandb": {"runtime": 18}}