{"train_acc": 1.0, "test_acc": 0.7266467234859175, "val_acc": 0.7148051948051948, "loss": 0.14739461243152618, "_timestamp": 1648874342, "_runtime": 138, "_step": 599, "_wandb": {"runtime": 138}}