{"train_acc": 1.0, "test_acc": 0.6123711340206186, "val_acc": 0.6076712328767123, "loss": 0.1289161741733551, "_timestamp": 1648915062, "_runtime": 21, "_step": 99, "_wandb": {"runtime": 22}}