{"train_acc": 1.0, "test_acc": 0.5814432989690722, "val_acc": 0.530958904109589, "loss": 0.14003217220306396, "_timestamp": 1648869480, "_runtime": 30, "_step": 99, "_wandb": {"runtime": 30}}