{"train_acc": 0.9933333333333333, "test_acc": 0.6083333333333333, "val_acc": 0.6102702702702703, "loss": 1.1073356866836548, "_timestamp": 1648860704, "_runtime": 26, "_step": 249, "_wandb": {"runtime": 27}}