{"train_acc": 1.0, "test_acc": 0.7338714229271321, "val_acc": 0.7262337662337662, "loss": 0.07830400764942169, "_timestamp": 1648869392, "_runtime": 54, "_step": 599, "_wandb": {"runtime": 54}}