{"train_acc": 1.0, "test_acc": 0.9012225305632641, "val_acc": 0.9018378378378379, "loss": 1.3108937740325928, "_timestamp": 1648827235, "_runtime": 146, "_step": 249, "_wandb": {"runtime": 147}}