{"train_acc": 1.0, "test_acc": 0.9042976074401861, "val_acc": 0.9104864864864864, "loss": 1.2914445400238037, "_timestamp": 1648807643, "_runtime": 34, "_step": 249, "_wandb": {"runtime": 35}}