{"train_acc": 1.0, "test_acc": 0.6959417508607552, "val_acc": 0.6888311688311688, "loss": 0.09930764138698578, "_timestamp": 1648862420, "_runtime": 34, "_step": 599, "_wandb": {"runtime": 35}}