{"train_acc": 1.0, "test_acc": 0.7139470564994074, "val_acc": 0.6924675324675325, "loss": 0.10386932641267776, "_timestamp": 1648882429, "_runtime": 158, "_step": 599, "_wandb": {"runtime": 159}}