{"train_acc": 1.0, "test_acc": 0.6833333333333333, "val_acc": 0.5875675675675676, "loss": 1.0802879333496094, "_timestamp": 1648920217, "_runtime": 56, "_step": 249, "_wandb": {"runtime": 57}}