{"train_acc": 1.0, "test_acc": 0.716204775074787, "val_acc": 0.7267532467532467, "loss": 0.08531007915735245, "_timestamp": 1648805684, "_runtime": 44, "_step": 599, "_wandb": {"runtime": 44}}