{"train_acc": 0.9933333333333333, "test_acc": 0.6083333333333333, "val_acc": 0.6378378378378379, "loss": 1.0502114295959473, "_timestamp": 1648864460, "_runtime": 23, "_step": 249, "_wandb": {"runtime": 24}}