{"train_acc": 1.0, "test_acc": 0.7486030366314839, "val_acc": 0.7397402597402597, "loss": 0.05785035341978073, "_timestamp": 1648806468, "_runtime": 46, "_step": 599, "_wandb": {"runtime": 46}}