{"train_acc": 1.0, "test_acc": 0.5010309278350515, "val_acc": 0.5545205479452054, "loss": 0.09542573988437653, "_timestamp": 1648914317, "_runtime": 21, "_step": 99, "_wandb": {"runtime": 21}}