{"train_acc": 1.0, "test_acc": 0.7009087317265903, "val_acc": 0.6935064935064935, "loss": 0.12691770493984222, "_timestamp": 1648866284, "_runtime": 54, "_step": 599, "_wandb": {"runtime": 54}}