{"train_acc": 1.0, "test_acc": 0.732234576959982, "val_acc": 0.7412987012987013, "loss": 0.0060761552304029465, "_timestamp": 1648868248, "_runtime": 56, "_step": 599, "_wandb": {"runtime": 57}}