{"train_acc": 1.0, "test_acc": 0.7071739007732686, "val_acc": 0.6997402597402598, "loss": 0.02422482520341873, "_timestamp": 1648810266, "_runtime": 57, "_step": 599, "_wandb": {"runtime": 57}}