{"train_acc": 0.9666666666666667, "test_acc": 0.6583333333333333, "val_acc": 0.6956756756756757, "loss": 0.7277811765670776, "_timestamp": 1648807551, "_runtime": 21, "_step": 249, "_wandb": {"runtime": 22}}