{"train_acc": 1.0, "test_acc": 0.6761867133261839, "val_acc": 0.6602597402597402, "loss": 0.12802140414714813, "_timestamp": 1648869826, "_runtime": 58, "_step": 599, "_wandb": {"runtime": 58}}