{"train_acc": 1.0, "test_acc": 0.5690721649484536, "val_acc": 0.5950684931506849, "loss": 0.11538182199001312, "_timestamp": 1648802970, "_runtime": 15, "_step": 99, "_wandb": {"runtime": 16}}