{"train_acc": 1.0, "test_acc": 0.5628865979381443, "val_acc": 0.5956164383561644, "loss": 0.16211652755737305, "_timestamp": 1648722892, "_runtime": 14, "_step": 99, "_wandb": {"runtime": 16}}