{"train_acc": 1.0, "test_acc": 0.5525773195876289, "val_acc": 0.5468493150684931, "loss": 0.12762916088104248, "_timestamp": 1648861152, "_runtime": 14, "_step": 99, "_wandb": {"runtime": 14}}