{"train_acc": 1.0, "test_acc": 0.6333333333333333, "val_acc": 0.6524324324324324, "loss": 1.116693377494812, "_timestamp": 1648864015, "_runtime": 19, "_step": 249, "_wandb": {"runtime": 21}}