{"train_acc": 0.9933333333333333, "test_acc": 0.6333333333333333, "val_acc": 0.6227027027027027, "loss": 1.119903326034546, "_timestamp": 1648921990, "_runtime": 91, "_step": 249, "_wandb": {"runtime": 92}}