{"train_acc": 1.0, "test_acc": 0.6, "val_acc": 0.6246575342465753, "loss": 0.15098801255226135, "_timestamp": 1648872514, "_runtime": 70, "_step": 99, "_wandb": {"runtime": 70}}