{"train_acc": 1.0, "test_acc": 0.6974657108991364, "val_acc": 0.6851948051948052, "loss": 0.1160857155919075, "_timestamp": 1648868889, "_runtime": 61, "_step": 599, "_wandb": {"runtime": 61}}