{"train_acc": 1.0, "test_acc": 0.6, "val_acc": 0.6178378378378379, "loss": 1.053079605102539, "_timestamp": 1648868697, "_runtime": 41, "_step": 249, "_wandb": {"runtime": 42}}