{"train_acc": 0.9933333333333333, "test_acc": 0.5833333333333334, "val_acc": 0.6108108108108108, "loss": 1.1352161169052124, "_timestamp": 1648720291, "_runtime": 22, "_step": 249, "_wandb": {"runtime": 23}}