{"train_acc": 1.0, "test_acc": 0.5463917525773195, "val_acc": 0.5769863013698631, "loss": 0.13314172625541687, "_timestamp": 1648909266, "_runtime": 15, "_step": 99, "_wandb": {"runtime": 16}}