{"train_acc": 1.0, "test_acc": 0.625, "val_acc": 0.6497297297297298, "loss": 1.133075475692749, "_timestamp": 1648907524, "_runtime": 17, "_step": 249, "_wandb": {"runtime": 18}}