{"train_acc": 1.0, "test_acc": 0.7315572613873681, "val_acc": 0.7142857142857143, "loss": 0.11408483237028122, "_timestamp": 1648817939, "_runtime": 133, "_step": 599, "_wandb": {"runtime": 133}}