{"train_acc": 0.9933333333333333, "test_acc": 0.5833333333333334, "val_acc": 0.6113513513513513, "loss": 1.063928246498108, "_timestamp": 1648864641, "_runtime": 21, "_step": 249, "_wandb": {"runtime": 21}}