{"train_acc": 1.0, "test_acc": 0.5175257731958763, "val_acc": 0.530958904109589, "loss": 0.1393336057662964, "_timestamp": 1648911080, "_runtime": 13, "_step": 99, "_wandb": {"runtime": 14}}