{"train_acc": 1.0, "test_acc": 0.5649484536082474, "val_acc": 0.5386301369863014, "loss": 0.15426068007946014, "_timestamp": 1648863958, "_runtime": 14, "_step": 99, "_wandb": {"runtime": 16}}