{"train_acc": 1.0, "test_acc": 0.6948453608247422, "val_acc": 0.7309589041095891, "loss": 0.05129225179553032, "_timestamp": 1648915391, "_runtime": 22, "_step": 99, "_wandb": {"runtime": 23}}