{"train_acc": 1.0, "test_acc": 0.6583333333333333, "val_acc": 0.64, "loss": 1.0228506326675415, "_timestamp": 1648908999, "_runtime": 17, "_step": 249, "_wandb": {"runtime": 18}}