{"train_acc": 0.9866666666666667, "test_acc": 0.6, "val_acc": 0.6351351351351351, "loss": 1.1034284830093384, "_timestamp": 1648922197, "_runtime": 91, "_step": 249, "_wandb": {"runtime": 92}}