{"train_acc": 0.9626666666666667, "test_acc": 0.8945473636840922, "val_acc": 0.8964324324324324, "loss": 1.525664210319519, "_timestamp": 1648726569, "_runtime": 160, "_step": 249, "_wandb": {"runtime": 161}}