{"train_acc": 1.0, "test_acc": 0.7121973246034882, "val_acc": 0.7215584415584415, "loss": 0.08182615041732788, "_timestamp": 1648842558, "_runtime": 296, "_step": 599, "_wandb": {"runtime": 297}}