{"train_acc": 1.0, "test_acc": 0.88187204680117, "val_acc": 0.8884324324324324, "loss": 1.342061996459961, "_timestamp": 1648809357, "_runtime": 34, "_step": 249, "_wandb": {"runtime": 34}}