{"train_acc": 1.0, "test_acc": 0.7185753795789355, "val_acc": 0.7132467532467532, "loss": 0.0920741930603981, "_timestamp": 1648802139, "_runtime": 42, "_step": 599, "_wandb": {"runtime": 43}}