{"train_acc": 1.0, "test_acc": 0.8885472136803421, "val_acc": 0.8925405405405406, "loss": 1.176919937133789, "_timestamp": 1648873702, "_runtime": 81, "_step": 249, "_wandb": {"runtime": 82}}