{"train_acc": 0.9866666666666667, "test_acc": 0.6416666666666667, "val_acc": 0.6351351351351351, "loss": 1.0684326887130737, "_timestamp": 1648804690, "_runtime": 26, "_step": 249, "_wandb": {"runtime": 27}}