{"train_acc": 1.0, "test_acc": 0.8823970599264982, "val_acc": 0.8895135135135135, "loss": 1.2677762508392334, "_timestamp": 1648809735, "_runtime": 33, "_step": 249, "_wandb": {"runtime": 34}}