{"train_acc": 1.0, "test_acc": 0.8926723168079203, "val_acc": 0.894918918918919, "loss": 1.2887635231018066, "_timestamp": 1648809502, "_runtime": 37, "_step": 249, "_wandb": {"runtime": 37}}