{"train_acc": 1.0, "test_acc": 0.51340206185567, "val_acc": 0.5150684931506849, "loss": 0.1367245465517044, "_timestamp": 1648907255, "_runtime": 13, "_step": 99, "_wandb": {"runtime": 14}}