{"train_acc": 1.0, "test_acc": 0.9156228905722643, "val_acc": 0.9171891891891892, "loss": 1.3612972497940063, "_timestamp": 1648726397, "_runtime": 90, "_step": 249, "_wandb": {"runtime": 90}}