{"train_acc": 1.0, "test_acc": 0.5876288659793815, "val_acc": 0.5638356164383561, "loss": 0.135114386677742, "_timestamp": 1648906932, "_runtime": 13, "_step": 99, "_wandb": {"runtime": 14}}