{"train_acc": 1.0, "test_acc": 0.5835051546391753, "val_acc": 0.5956164383561644, "loss": 0.15097686648368835, "_timestamp": 1648918655, "_runtime": 45, "_step": 99, "_wandb": {"runtime": 46}}