{"train_acc": 1.0, "test_acc": 0.7090929615623413, "val_acc": 0.7184415584415584, "loss": 0.11803875118494034, "_timestamp": 1648871122, "_runtime": 64, "_step": 599, "_wandb": {"runtime": 65}}