{"train_acc": 0.98, "test_acc": 0.5916666666666667, "val_acc": 0.6118918918918919, "loss": 1.1851916313171387, "_timestamp": 1648812235, "_runtime": 45, "_step": 249, "_wandb": {"runtime": 47}}