{"train_acc": 1.0, "test_acc": 0.6583333333333333, "val_acc": 0.6356756756756756, "loss": 1.0395582914352417, "_timestamp": 1648923654, "_runtime": 91, "_step": 249, "_wandb": {"runtime": 92}}