{"train_acc": 1.0, "test_acc": 0.5917525773195876, "val_acc": 0.5632876712328767, "loss": 0.13238036632537842, "_timestamp": 1648867115, "_runtime": 22, "_step": 99, "_wandb": {"runtime": 23}}