{"train_acc": 1.0, "test_acc": 0.8820220505512638, "val_acc": 0.8843243243243243, "loss": 1.3286246061325073, "_timestamp": 1648810559, "_runtime": 34, "_step": 249, "_wandb": {"runtime": 34}}