{"train_acc": 1.0, "test_acc": 0.65, "val_acc": 0.6524324324324324, "loss": 1.0985534191131592, "_timestamp": 1648868925, "_runtime": 37, "_step": 249, "_wandb": {"runtime": 39}}