{"train_acc": 1.0, "test_acc": 0.6822825534797088, "val_acc": 0.6862337662337662, "loss": 0.1226651519536972, "_timestamp": 1648869756, "_runtime": 55, "_step": 599, "_wandb": {"runtime": 56}}