{"train_acc": 0.9733333333333334, "test_acc": 0.6666666666666666, "val_acc": 0.6486486486486487, "loss": 1.1300281286239624, "_timestamp": 1648926104, "_runtime": 89, "_step": 249, "_wandb": {"runtime": 90}}