{"train_acc": 1.0, "test_acc": 0.5876288659793815, "val_acc": 0.5545205479452054, "loss": 0.17162960767745972, "_timestamp": 1648865417, "_runtime": 18, "_step": 99, "_wandb": {"runtime": 19}}