{"train_acc": 1.0, "test_acc": 0.8767719192979825, "val_acc": 0.8854054054054054, "loss": 1.2603950500488281, "_timestamp": 1648808851, "_runtime": 37, "_step": 249, "_wandb": {"runtime": 38}}