{"train_acc": 1.0, "test_acc": 0.6333333333333333, "val_acc": 0.6189189189189189, "loss": 1.131506085395813, "_timestamp": 1648865657, "_runtime": 26, "_step": 249, "_wandb": {"runtime": 26}}