{"train_acc": 1.0, "test_acc": 0.5670103092783505, "val_acc": 0.581917808219178, "loss": 0.14705149829387665, "_timestamp": 1648864197, "_runtime": 12, "_step": 99, "_wandb": {"runtime": 14}}