{"train_acc": 0.9933333333333333, "test_acc": 0.6166666666666667, "val_acc": 0.6308108108108108, "loss": 1.123651146888733, "_timestamp": 1648863166, "_runtime": 23, "_step": 249, "_wandb": {"runtime": 23}}