{"train_acc": 0.9933333333333333, "test_acc": 0.5666666666666667, "val_acc": 0.6270270270270271, "loss": 1.0981462001800537, "_timestamp": 1648865330, "_runtime": 24, "_step": 249, "_wandb": {"runtime": 24}}