{"train_acc": 1.0, "test_acc": 0.7902579443472371, "val_acc": 0.7823376623376623, "loss": 0.04780722036957741, "_timestamp": 1648814595, "_runtime": 72, "_step": 599, "_wandb": {"runtime": 72}}