{"train_acc": 0.9933333333333333, "test_acc": 0.5666666666666667, "val_acc": 0.5956756756756757, "loss": 1.170577883720398, "_timestamp": 1648866199, "_runtime": 28, "_step": 249, "_wandb": {"runtime": 29}}