{"train_acc": 0.9933333333333333, "test_acc": 0.6083333333333333, "val_acc": 0.6243243243243243, "loss": 1.0577213764190674, "_timestamp": 1648821179, "_runtime": 136, "_step": 249, "_wandb": {"runtime": 136}}