{"train_acc": 1.0, "test_acc": 0.7163741039679404, "val_acc": 0.7236363636363636, "loss": 0.11601735651493073, "_timestamp": 1648878707, "_runtime": 184, "_step": 599, "_wandb": {"runtime": 184}}