{"train_acc": 1.0, "test_acc": 0.6556701030927835, "val_acc": 0.6547945205479452, "loss": 0.051926832646131516, "_timestamp": 1648803634, "_runtime": 17, "_step": 99, "_wandb": {"runtime": 18}}