{"train_acc": 1.0, "test_acc": 0.5195876288659794, "val_acc": 0.5287671232876713, "loss": 0.12982897460460663, "_timestamp": 1648912814, "_runtime": 16, "_step": 99, "_wandb": {"runtime": 17}}