{"train_acc": 0.9933333333333333, "test_acc": 0.6833333333333333, "val_acc": 0.6410810810810811, "loss": 1.0909156799316406, "_timestamp": 1648718742, "_runtime": 23, "_step": 249, "_wandb": {"runtime": 23}}