{"train_acc": 1.0, "test_acc": 0.5916666666666667, "val_acc": 0.6302702702702703, "loss": 1.0697380304336548, "_timestamp": 1648863496, "_runtime": 16, "_step": 249, "_wandb": {"runtime": 16}}