{"train_acc": 1.0, "test_acc": 0.6929502737483773, "val_acc": 0.6851948051948052, "loss": 0.09609850496053696, "_timestamp": 1648837028, "_runtime": 292, "_step": 599, "_wandb": {"runtime": 293}}