{"train_acc": 1.0, "test_acc": 0.6953208782525259, "val_acc": 0.694025974025974, "loss": 0.11902604252099991, "_timestamp": 1648819689, "_runtime": 132, "_step": 599, "_wandb": {"runtime": 133}}