{"train_acc": 1.0, "test_acc": 0.7938144329896907, "val_acc": 0.7802739726027397, "loss": 0.0335543118417263, "_timestamp": 1648909890, "_runtime": 14, "_step": 99, "_wandb": {"runtime": 15}}