{"train_acc": 1.0, "test_acc": 0.8851721293032326, "val_acc": 0.892972972972973, "loss": 1.2581126689910889, "_timestamp": 1648861106, "_runtime": 29, "_step": 249, "_wandb": {"runtime": 30}}