{"train_acc": 1.0, "test_acc": 0.5979381443298969, "val_acc": 0.589041095890411, "loss": 0.15196272730827332, "_timestamp": 1648867946, "_runtime": 22, "_step": 99, "_wandb": {"runtime": 24}}