{"train_acc": 1.0, "test_acc": 0.5773195876288659, "val_acc": 0.549041095890411, "loss": 0.11496768146753311, "_timestamp": 1648916003, "_runtime": 29, "_step": 99, "_wandb": {"runtime": 29}}