{"train_acc": 1.0, "test_acc": 0.6979172546142124, "val_acc": 0.6907651715039578, "loss": 0.09992910921573639, "_timestamp": 1648790059, "_runtime": 160, "_step": 599, "_wandb": {"runtime": 160}}