{"train_acc": 1.0, "test_acc": 0.6740983236439578, "val_acc": 0.6966233766233766, "loss": 0.1039719432592392, "_timestamp": 1648888153, "_runtime": 294, "_step": 599, "_wandb": {"runtime": 295}}