{"train_acc": 1.0, "test_acc": 0.5896907216494846, "val_acc": 0.6093150684931506, "loss": 0.12926039099693298, "_timestamp": 1648809587, "_runtime": 25, "_step": 99, "_wandb": {"runtime": 26}}