{"train_acc": 1.0, "test_acc": 0.5092783505154639, "val_acc": 0.5402739726027397, "loss": 0.15047262609004974, "_timestamp": 1648805629, "_runtime": 17, "_step": 99, "_wandb": {"runtime": 18}}