{"train_acc": 1.0, "test_acc": 0.6333333333333333, "val_acc": 0.6502702702702703, "loss": 1.0513451099395752, "_timestamp": 1648910456, "_runtime": 17, "_step": 249, "_wandb": {"runtime": 18}}