{"train_acc": 1.0, "test_acc": 0.6833333333333333, "val_acc": 0.6043243243243244, "loss": 1.1903177499771118, "_timestamp": 1648819870, "_runtime": 127, "_step": 249, "_wandb": {"runtime": 128}}