{"train_acc": 0.9933333333333333, "test_acc": 0.6083333333333333, "val_acc": 0.6383783783783784, "loss": 1.05859375, "_timestamp": 1648914136, "_runtime": 22, "_step": 249, "_wandb": {"runtime": 22}}