{"train_acc": 0.9866666666666667, "test_acc": 0.6333333333333333, "val_acc": 0.6297297297297297, "loss": 1.1139620542526245, "_timestamp": 1648865222, "_runtime": 21, "_step": 249, "_wandb": {"runtime": 22}}