{"train_acc": 0.9866666666666667, "test_acc": 0.65, "val_acc": 0.6837837837837838, "loss": 1.0852757692337036, "_timestamp": 1648909964, "_runtime": 19, "_step": 249, "_wandb": {"runtime": 20}}