{"train_acc": 1.0, "test_acc": 0.8881722043051077, "val_acc": 0.8871351351351351, "loss": 1.403069019317627, "_timestamp": 1648874059, "_runtime": 82, "_step": 249, "_wandb": {"runtime": 82}}