{"train_acc": 0.6533333333333333, "test_acc": 0.6927809448552238, "val_acc": 0.7090909090909091, "loss": 1.093834638595581, "_timestamp": 1648843786, "_runtime": 294, "_step": 599, "_wandb": {"runtime": 294}}