{"train_acc": 1.0, "test_acc": 0.8737718442961074, "val_acc": 0.8771891891891892, "loss": 1.2705122232437134, "_timestamp": 1648877385, "_runtime": 127, "_step": 249, "_wandb": {"runtime": 128}}