{"train_acc": 1.0, "test_acc": 0.887347183679592, "val_acc": 0.8910270270270271, "loss": 1.3047481775283813, "_timestamp": 1648825762, "_runtime": 126, "_step": 249, "_wandb": {"runtime": 126}}