{"train_acc": 1.0, "test_acc": 0.688659793814433, "val_acc": 0.7172602739726027, "loss": 0.07248984277248383, "_timestamp": 1648918879, "_runtime": 46, "_step": 99, "_wandb": {"runtime": 46}}