{"train_acc": 1.0, "test_acc": 0.6548512727888469, "val_acc": 0.652987012987013, "loss": 0.08856544643640518, "_timestamp": 1648880255, "_runtime": 173, "_step": 599, "_wandb": {"runtime": 174}}