{"train_acc": 1.0, "test_acc": 0.7049726251622735, "val_acc": 0.7153246753246754, "loss": 0.129069522023201, "_timestamp": 1648801624, "_runtime": 39, "_step": 599, "_wandb": {"runtime": 39}}