{"train_acc": 1.0, "test_acc": 0.6, "val_acc": 0.614054054054054, "loss": 1.1111409664154053, "_timestamp": 1648807445, "_runtime": 25, "_step": 249, "_wandb": {"runtime": 26}}