{"train_acc": 1.0, "test_acc": 0.625, "val_acc": 0.6037837837837838, "loss": 1.0884510278701782, "_timestamp": 1648874320, "_runtime": 128, "_step": 249, "_wandb": {"runtime": 129}}