{"train_acc": 0.9933333333333333, "test_acc": 0.6166666666666667, "val_acc": 0.6437837837837838, "loss": 1.1211223602294922, "_timestamp": 1648720258, "_runtime": 19, "_step": 249, "_wandb": {"runtime": 21}}