{"train_acc": 1.0, "test_acc": 0.890347258681467, "val_acc": 0.8927567567567568, "loss": 1.288619875907898, "_timestamp": 1648812093, "_runtime": 39, "_step": 249, "_wandb": {"runtime": 40}}