{"train_acc": 0.9933333333333333, "test_acc": 0.6583333333333333, "val_acc": 0.6643243243243243, "loss": 1.0245412588119507, "_timestamp": 1648802326, "_runtime": 19, "_step": 249, "_wandb": {"runtime": 20}}