{"train_acc": 1.0, "test_acc": 0.6701473161370435, "val_acc": 0.655064935064935, "loss": 0.13753947615623474, "_timestamp": 1648830610, "_runtime": 160, "_step": 599, "_wandb": {"runtime": 161}}