{"train_acc": 1.0, "test_acc": 0.8874971874296858, "val_acc": 0.8897297297297297, "loss": 1.3176600933074951, "_timestamp": 1648723567, "_runtime": 98, "_step": 249, "_wandb": {"runtime": 99}}