{"train_acc": 0.9714285714285714, "test_acc": 0.7463917525773196, "val_acc": 0.7057534246575342, "loss": 0.9768765568733215, "_timestamp": 1648812514, "_runtime": 40, "_step": 99, "_wandb": {"runtime": 40}}