{"train_acc": 1.0, "test_acc": 0.8727218180454511, "val_acc": 0.881945945945946, "loss": 1.2300485372543335, "_timestamp": 1648721193, "_runtime": 113, "_step": 249, "_wandb": {"runtime": 114}}