{"train_acc": 1.0, "test_acc": 0.7684145171304397, "val_acc": 0.7558441558441559, "loss": 0.03580459952354431, "_timestamp": 1648837333, "_runtime": 292, "_step": 599, "_wandb": {"runtime": 292}}