{"train_acc": 1.0, "test_acc": 0.6144329896907217, "val_acc": 0.5956164383561644, "loss": 0.15359242260456085, "_timestamp": 1648802013, "_runtime": 14, "_step": 99, "_wandb": {"runtime": 14}}