{"train_acc": 0.9933333333333333, "test_acc": 0.55, "val_acc": 0.654054054054054, "loss": 1.116517424583435, "_timestamp": 1648722161, "_runtime": 93, "_step": 249, "_wandb": {"runtime": 94}}