{"train_acc": 1.0, "test_acc": 0.5608247422680412, "val_acc": 0.5161643835616438, "loss": 0.1439361423254013, "_timestamp": 1648872137, "_runtime": 58, "_step": 99, "_wandb": {"runtime": 59}}