{"train_acc": 1.0, "test_acc": 0.8693467336683417, "val_acc": 0.8793513513513513, "loss": 1.2627488374710083, "_timestamp": 1648818427, "_runtime": 81, "_step": 249, "_wandb": {"runtime": 81}}