{"train_acc": 1.0, "test_acc": 0.5237113402061856, "val_acc": 0.5293150684931507, "loss": 0.0998389795422554, "_timestamp": 1648867633, "_runtime": 24, "_step": 99, "_wandb": {"runtime": 25}}