{"train_acc": 1.0, "test_acc": 0.6882090647400801, "val_acc": 0.6891820580474934, "loss": 0.14864963293075562, "_timestamp": 1648785361, "_runtime": 51, "_step": 599, "_wandb": {"runtime": 50}}