{"train_acc": 1.0, "test_acc": 0.7161483321104024, "val_acc": 0.7075324675324676, "loss": 0.08338618278503418, "_timestamp": 1648867442, "_runtime": 53, "_step": 599, "_wandb": {"runtime": 53}}