{"train_acc": 1.0, "test_acc": 0.5793814432989691, "val_acc": 0.5704109589041096, "loss": 0.12274333089590073, "_timestamp": 1648722557, "_runtime": 17, "_step": 99, "_wandb": {"runtime": 18}}