{"train_acc": 1.0, "test_acc": 0.6083333333333333, "val_acc": 0.6227027027027027, "loss": 1.056630253791809, "_timestamp": 1648862876, "_runtime": 18, "_step": 249, "_wandb": {"runtime": 19}}