{"train_acc": 1.0, "test_acc": 0.5670103092783505, "val_acc": 0.5424657534246575, "loss": 0.14429321885108948, "_timestamp": 1648722223, "_runtime": 15, "_step": 99, "_wandb": {"runtime": 16}}