{"train_acc": 1.0, "test_acc": 0.6, "val_acc": 0.6205405405405405, "loss": 1.063330888748169, "_timestamp": 1648721446, "_runtime": 29, "_step": 249, "_wandb": {"runtime": 30}}