{"train_acc": 1.0, "test_acc": 0.8979224480612016, "val_acc": 0.8998918918918919, "loss": 1.3590182065963745, "_timestamp": 1648876108, "_runtime": 93, "_step": 249, "_wandb": {"runtime": 93}}