{"train_acc": 1.0, "test_acc": 0.6888299373483096, "val_acc": 0.6846753246753247, "loss": 0.10997436195611954, "_timestamp": 1648889827, "_runtime": 294, "_step": 599, "_wandb": {"runtime": 295}}