{"train_acc": 1.0, "test_acc": 0.8666466661666542, "val_acc": 0.870054054054054, "loss": 1.3202687501907349, "_timestamp": 1648867964, "_runtime": 33, "_step": 249, "_wandb": {"runtime": 34}}