{"train_acc": 1.0, "test_acc": 0.5402061855670103, "val_acc": 0.536986301369863, "loss": 0.13967826962471008, "_timestamp": 1648803299, "_runtime": 21, "_step": 99, "_wandb": {"runtime": 22}}