{"train_acc": 1.0, "test_acc": 0.7277755827736073, "val_acc": 0.7142857142857143, "loss": 0.07526978105306625, "_timestamp": 1648811329, "_runtime": 59, "_step": 599, "_wandb": {"runtime": 59}}