{"train_acc": 1.0, "test_acc": 0.8837470936773419, "val_acc": 0.8871351351351351, "loss": 1.256244421005249, "_timestamp": 1648806477, "_runtime": 32, "_step": 249, "_wandb": {"runtime": 32}}