{"train_acc": 1.0, "test_acc": 0.5833333333333334, "val_acc": 0.6427027027027027, "loss": 1.062697410583496, "_timestamp": 1648913266, "_runtime": 22, "_step": 249, "_wandb": {"runtime": 22}}