{"train_acc": 0.8742857142857143, "test_acc": 0.5938144329896907, "val_acc": 0.6279452054794521, "loss": 1.3476933240890503, "_timestamp": 1648915881, "_runtime": 28, "_step": 99, "_wandb": {"runtime": 28}}