{"train_acc": 1.0, "test_acc": 0.7119151097815657, "val_acc": 0.7116883116883117, "loss": 0.09333109855651855, "_timestamp": 1648820572, "_runtime": 136, "_step": 599, "_wandb": {"runtime": 136}}