{"train_acc": 1.0, "test_acc": 0.8775969399234981, "val_acc": 0.8797837837837837, "loss": 1.352256417274475, "_timestamp": 1648719353, "_runtime": 101, "_step": 149}