{"train_acc": 1.0, "test_acc": 0.643298969072165, "val_acc": 0.6312328767123287, "loss": 0.12834814190864563, "_timestamp": 1648811980, "_runtime": 34, "_step": 99, "_wandb": {"runtime": 35}}