{"train_acc": 1.0, "test_acc": 0.6333333333333333, "val_acc": 0.6486486486486487, "loss": 1.103531837463379, "_timestamp": 1648862255, "_runtime": 28, "_step": 249, "_wandb": {"runtime": 28}}