{"train_acc": 0.9733333333333334, "test_acc": 0.5833333333333334, "val_acc": 0.5951351351351352, "loss": 1.1190125942230225, "_timestamp": 1648814333, "_runtime": 70, "_step": 249, "_wandb": {"runtime": 70}}