{"train_acc": 1.0, "test_acc": 0.8712967824195604, "val_acc": 0.8730810810810811, "loss": 1.2795499563217163, "_timestamp": 1648805617, "_runtime": 37, "_step": 249, "_wandb": {"runtime": 38}}