{"train_acc": 1.0, "test_acc": 0.5649484536082474, "val_acc": 0.5353424657534247, "loss": 0.14409524202346802, "_timestamp": 1648802395, "_runtime": 19, "_step": 99, "_wandb": {"runtime": 20}}