{"train_acc": 1.0, "test_acc": 0.7188011514364735, "val_acc": 0.7182058047493404, "loss": 0.08663815259933472, "_timestamp": 1648791459, "_runtime": 150, "_step": 599, "_wandb": {"runtime": 151}}