{"train_acc": 1.0, "test_acc": 0.675, "val_acc": 0.607027027027027, "loss": 1.0740089416503906, "_timestamp": 1648822215, "_runtime": 138, "_step": 249, "_wandb": {"runtime": 138}}