{"train_acc": 1.0, "test_acc": 0.5525773195876289, "val_acc": 0.5336986301369863, "loss": 0.1271803379058838, "_timestamp": 1648863766, "_runtime": 14, "_step": 99, "_wandb": {"runtime": 15}}