{"train_acc": 1.0, "test_acc": 0.8769219230480763, "val_acc": 0.8802162162162163, "loss": 1.2817951440811157, "_timestamp": 1648867060, "_runtime": 32, "_step": 249, "_wandb": {"runtime": 33}}