{"train_acc": 1.0, "test_acc": 0.8795469886747169, "val_acc": 0.8858378378378379, "loss": 1.29787015914917, "_timestamp": 1648805050, "_runtime": 40, "_step": 249, "_wandb": {"runtime": 42}}