{"train_acc": 1.0, "test_acc": 0.8841221030525763, "val_acc": 0.8882162162162163, "loss": 1.3308870792388916, "_timestamp": 1648866355, "_runtime": 28, "_step": 249, "_wandb": {"runtime": 28}}