{"train_acc": 0.9933333333333333, "test_acc": 0.625, "val_acc": 0.6248648648648648, "loss": 1.0236334800720215, "_timestamp": 1648911162, "_runtime": 21, "_step": 249, "_wandb": {"runtime": 22}}