{"train_acc": 1.0, "test_acc": 0.680702150476943, "val_acc": 0.6742857142857143, "loss": 0.09264947474002838, "_timestamp": 1648881431, "_runtime": 158, "_step": 599, "_wandb": {"runtime": 159}}