{"train_acc": 1.0, "test_acc": 0.5670103092783505, "val_acc": 0.5780821917808219, "loss": 0.1457068920135498, "_timestamp": 1648867149, "_runtime": 21, "_step": 99, "_wandb": {"runtime": 23}}