{"train_acc": 0.16666666666666666, "test_acc": 0.05, "val_acc": 0.05081081081081081, "loss": NaN, "_timestamp": 1648811469, "_runtime": 50, "_step": 249, "_wandb": {"runtime": 50}}