{"train_acc": 0.3333333333333333, "test_acc": 0.20850031043630413, "val_acc": 0.19948051948051948, "loss": NaN, "_timestamp": 1648849903, "_runtime": 289, "_step": 599, "_wandb": {"runtime": 290}}