{"train_acc": 1.0, "test_acc": 0.9026475661891548, "val_acc": 0.9031351351351351, "loss": 1.2864372730255127, "_timestamp": 1648827077, "_runtime": 125, "_step": 249, "_wandb": {"runtime": 126}}