{"train_acc": 1.0, "test_acc": 0.8798469961749044, "val_acc": 0.8823783783783784, "loss": 1.2372074127197266, "_timestamp": 1648871737, "_runtime": 59, "_step": 249, "_wandb": {"runtime": 59}}