{"train_acc": 1.0, "test_acc": 0.55, "val_acc": 0.5945945945945946, "loss": 1.0863548517227173, "_timestamp": 1648720882, "_runtime": 31, "_step": 249, "_wandb": {"runtime": 31}}