{"train_acc": 1.0, "test_acc": 0.5814432989690722, "val_acc": 0.56, "loss": 0.15468230843544006, "_timestamp": 1648808947, "_runtime": 25, "_step": 99, "_wandb": {"runtime": 25}}