{"train_acc": 0.9786666666666667, "test_acc": 0.9137478436960924, "val_acc": 0.908972972972973, "loss": 1.6406267881393433, "_timestamp": 1648726954, "_runtime": 90, "_step": 249, "_wandb": {"runtime": 91}}