{"train_acc": 1.0, "test_acc": 0.7277191398092228, "val_acc": 0.7111688311688311, "loss": 0.0009464015602134168, "_timestamp": 1648818814, "_runtime": 136, "_step": 599, "_wandb": {"runtime": 135}}