{"train_acc": 1.0, "test_acc": 0.8727218180454511, "val_acc": 0.8793513513513513, "loss": 1.3202588558197021, "_timestamp": 1648808907, "_runtime": 44, "_step": 249, "_wandb": {"runtime": 46}}