{"train_acc": 1.0, "test_acc": 0.6333333333333333, "val_acc": 0.6324324324324324, "loss": 1.0578879117965698, "_timestamp": 1648868140, "_runtime": 41, "_step": 249, "_wandb": {"runtime": 42}}