{"train_acc": 1.0, "test_acc": 0.7198735677597787, "val_acc": 0.7023376623376624, "loss": 0.004161866847425699, "_timestamp": 1648808114, "_runtime": 49, "_step": 599, "_wandb": {"runtime": 50}}