{"train_acc": 1.0, "test_acc": 0.5690721649484536, "val_acc": 0.5802739726027397, "loss": 0.10409627854824066, "_timestamp": 1648805809, "_runtime": 18, "_step": 99, "_wandb": {"runtime": 16}}