{"train_acc": 0.9866666666666667, "test_acc": 0.6916666666666667, "val_acc": 0.6151351351351352, "loss": 1.179093360900879, "_timestamp": 1648913810, "_runtime": 22, "_step": 249, "_wandb": {"runtime": 20}}