{"train_acc": 1.0, "test_acc": 0.6020618556701031, "val_acc": 0.6323287671232877, "loss": 0.1263650357723236, "_timestamp": 1648723285, "_runtime": 18, "_step": 99, "_wandb": {"runtime": 18}}