{"train_acc": 1.0, "test_acc": 0.5938144329896907, "val_acc": 0.6065753424657534, "loss": 0.086062952876091, "_timestamp": 1648916967, "_runtime": 27, "_step": 99, "_wandb": {"runtime": 27}}