{"train_acc": 1.0, "test_acc": 0.7786871366484168, "val_acc": 0.7875324675324675, "loss": 0.06749875098466873, "_timestamp": 1648840098, "_runtime": 294, "_step": 599, "_wandb": {"runtime": 294}}