{"train_acc": 0.9866666666666667, "test_acc": 0.6, "val_acc": 0.6162162162162163, "loss": 1.1787619590759277, "_timestamp": 1648803134, "_runtime": 22, "_step": 249, "_wandb": {"runtime": 23}}