{"train_acc": 1.0, "test_acc": 0.700062087260823, "val_acc": 0.6976623376623377, "loss": 0.13714906573295593, "_timestamp": 1648872116, "_runtime": 128, "_step": 599, "_wandb": {"runtime": 129}}