{"train_acc": 1.0, "test_acc": 0.525, "val_acc": 0.6443243243243243, "loss": 1.1629388332366943, "_timestamp": 1648723633, "_runtime": 32, "_step": 249, "_wandb": {"runtime": 34}}