{"train_acc": 1.0, "test_acc": 0.6333333333333333, "val_acc": 0.6362162162162163, "loss": 1.0619739294052124, "_timestamp": 1648723267, "_runtime": 90, "_step": 249, "_wandb": {"runtime": 91}}