{"train_acc": 1.0, "test_acc": 0.5835051546391753, "val_acc": 0.5671232876712329, "loss": 0.09854000806808472, "_timestamp": 1648869570, "_runtime": 31, "_step": 99, "_wandb": {"runtime": 32}}