{"train_acc": 1.0, "test_acc": 0.6061855670103092, "val_acc": 0.5928767123287672, "loss": 0.10646959394216537, "_timestamp": 1648723021, "_runtime": 29, "_step": 99, "_wandb": {"runtime": 30}}