{"train_acc": 0.14285714285714285, "test_acc": 0.15670103092783505, "val_acc": 0.13315068493150686, "loss": NaN, "_timestamp": 1648917451, "_runtime": 28, "_step": 99, "_wandb": {"runtime": 29}}