{"train_acc": 1.0, "test_acc": 0.8780469511737794, "val_acc": 0.8817297297297297, "loss": 1.2819669246673584, "_timestamp": 1648811463, "_runtime": 43, "_step": 249, "_wandb": {"runtime": 44}}