{"train_acc": 1.0, "test_acc": 0.5237113402061856, "val_acc": 0.5128767123287671, "loss": 0.15405681729316711, "_timestamp": 1648918152, "_runtime": 44, "_step": 99, "_wandb": {"runtime": 44}}