{"train_acc": 0.9533333333333334, "test_acc": 0.7416666666666667, "val_acc": 0.687027027027027, "loss": 0.6525574326515198, "_timestamp": 1648914297, "_runtime": 22, "_step": 249, "_wandb": {"runtime": 22}}