{"train_acc": 1.0, "test_acc": 0.705029068126658, "val_acc": 0.6935064935064935, "loss": 0.09587251394987106, "_timestamp": 1648810066, "_runtime": 70, "_step": 599, "_wandb": {"runtime": 71}}