{"train_acc": 1.0, "test_acc": 0.6712197324603488, "val_acc": 0.6597402597402597, "loss": 0.10222245752811432, "_timestamp": 1648806755, "_runtime": 43, "_step": 599, "_wandb": {"runtime": 44}}