{"train_acc": 1.0, "test_acc": 0.5833333333333334, "val_acc": 0.6437837837837838, "loss": 1.1485724449157715, "_timestamp": 1648873152, "_runtime": 102, "_step": 249, "_wandb": {"runtime": 102}}