{"train_acc": 1.0, "test_acc": 0.5835051546391753, "val_acc": 0.5517808219178082, "loss": 0.12988336384296417, "_timestamp": 1648805838, "_runtime": 18, "_step": 99, "_wandb": {"runtime": 19}}