{"train_acc": 0.9942857142857143, "test_acc": 0.5711340206185567, "val_acc": 0.5463013698630137, "loss": 0.11164281517267227, "_timestamp": 1648912192, "_runtime": 12, "_step": 99, "_wandb": {"runtime": 14}}