{"train_acc": 1.0, "test_acc": 0.5608247422680412, "val_acc": 0.5747945205479452, "loss": 0.13012903928756714, "_timestamp": 1648864064, "_runtime": 14, "_step": 99, "_wandb": {"runtime": 15}}