{"train_acc": 1.0, "test_acc": 0.5587628865979382, "val_acc": 0.5786301369863014, "loss": 0.1459406465291977, "_timestamp": 1648910215, "_runtime": 12, "_step": 99, "_wandb": {"runtime": 13}}