{"train_acc": 1.0, "test_acc": 0.6268041237113402, "val_acc": 0.5589041095890411, "loss": 0.14169053733348846, "_timestamp": 1648815380, "_runtime": 61, "_step": 99, "_wandb": {"runtime": 61}}