{"train_acc": 1.0, "test_acc": 0.5670103092783505, "val_acc": 0.5495890410958905, "loss": 0.13502289354801178, "_timestamp": 1648721557, "_runtime": 16, "_step": 99, "_wandb": {"runtime": 17}}