{"train_acc": 1.0, "test_acc": 0.643298969072165, "val_acc": 0.6202739726027398, "loss": 0.1189127266407013, "_timestamp": 1648723595, "_runtime": 15, "_step": 99, "_wandb": {"runtime": 16}}