{"train_acc": 1.0, "test_acc": 0.5484536082474227, "val_acc": 0.5610958904109589, "loss": 0.128305584192276, "_timestamp": 1648718252, "_runtime": 18, "_step": 99, "_wandb": {"runtime": 18}}