{"train_acc": 1.0, "test_acc": 0.8868971724293108, "val_acc": 0.8841081081081081, "loss": 1.298778772354126, "_timestamp": 1648724157, "_runtime": 101, "_step": 249, "_wandb": {"runtime": 101}}