{"train_acc": 1.0, "test_acc": 0.8889222230555764, "val_acc": 0.8869189189189189, "loss": 1.3034802675247192, "_timestamp": 1648809311, "_runtime": 39, "_step": 249, "_wandb": {"runtime": 39}}