{"train_acc": 0.9866666666666667, "test_acc": 0.6083333333333333, "val_acc": 0.6135135135135135, "loss": 1.1089205741882324, "_timestamp": 1648910078, "_runtime": 17, "_step": 249, "_wandb": {"runtime": 18}}