{"train_acc": 0.9933333333333333, "test_acc": 0.5916666666666667, "val_acc": 0.6135135135135135, "loss": 1.1162309646606445, "_timestamp": 1648872849, "_runtime": 105, "_step": 249, "_wandb": {"runtime": 107}}