{"train_acc": 1.0, "test_acc": 0.5608247422680412, "val_acc": 0.5391780821917809, "loss": 0.14812007546424866, "_timestamp": 1648815305, "_runtime": 53, "_step": 99, "_wandb": {"runtime": 53}}