{"train_acc": 1.0, "test_acc": 0.6911440988880736, "val_acc": 0.6805194805194805, "loss": 0.12746654450893402, "_timestamp": 1648831811, "_runtime": 159, "_step": 599, "_wandb": {"runtime": 160}}