{"train_acc": 1.0, "test_acc": 0.6083333333333333, "val_acc": 0.5956756756756757, "loss": 1.1781235933303833, "_timestamp": 1648907728, "_runtime": 16, "_step": 249, "_wandb": {"runtime": 17}}