{"train_acc": 0.14285714285714285, "test_acc": 0.16907216494845362, "val_acc": 0.12986301369863013, "loss": NaN, "_timestamp": 1648817112, "_runtime": 52, "_step": 99, "_wandb": {"runtime": 53}}