{"train_acc": 1.0, "test_acc": 0.5298969072164949, "val_acc": 0.5901369863013699, "loss": 0.10920213907957077, "_timestamp": 1648863477, "_runtime": 11, "_step": 99, "_wandb": {"runtime": 13}}