{"train_acc": 1.0, "test_acc": 0.5916666666666667, "val_acc": 0.6378378378378379, "loss": 1.1199053525924683, "_timestamp": 1648862079, "_runtime": 16, "_step": 249, "_wandb": {"runtime": 17}}