{"train_acc": 1.0, "test_acc": 0.6123711340206186, "val_acc": 0.6136986301369863, "loss": 0.1527821123600006, "_timestamp": 1648809804, "_runtime": 22, "_step": 99, "_wandb": {"runtime": 23}}