{"train_acc": 0.9933333333333333, "test_acc": 0.6083333333333333, "val_acc": 0.6578378378378379, "loss": 1.164896011352539, "_timestamp": 1648869029, "_runtime": 38, "_step": 249, "_wandb": {"runtime": 39}}