{"train_acc": 1.0, "test_acc": 0.6825083253372467, "val_acc": 0.6763636363636364, "loss": 0.11914768069982529, "_timestamp": 1648841630, "_runtime": 295, "_step": 599, "_wandb": {"runtime": 295}}