{"train_acc": 1.0, "test_acc": 0.5876288659793815, "val_acc": 0.5715068493150685, "loss": 0.14444777369499207, "_timestamp": 1648862680, "_runtime": 12, "_step": 99, "_wandb": {"runtime": 13}}