{"train_acc": 1.0, "test_acc": 0.8837470936773419, "val_acc": 0.886054054054054, "loss": 1.338442087173462, "_timestamp": 1648861848, "_runtime": 26, "_step": 249, "_wandb": {"runtime": 27}}