{"train_acc": 0.2866666666666667, "test_acc": 0.225, "val_acc": 0.2172972972972973, "loss": 99201256.0, "_timestamp": 1648908827, "_runtime": 17, "_step": 249, "_wandb": {"runtime": 19}}