{"train_acc": 0.9933333333333333, "test_acc": 0.675, "val_acc": 0.6518918918918919, "loss": 1.019769310951233, "_timestamp": 1648910487, "_runtime": 19, "_step": 249, "_wandb": {"runtime": 20}}