{"train_acc": 1.0, "test_acc": 0.7391770615792741, "val_acc": 0.7355844155844156, "loss": 0.06998421996831894, "_timestamp": 1648806260, "_runtime": 50, "_step": 599, "_wandb": {"runtime": 50}}