{"train_acc": 1.0, "test_acc": 0.6144329896907217, "val_acc": 0.5802739726027397, "loss": 0.09704970568418503, "_timestamp": 1648907602, "_runtime": 14, "_step": 99, "_wandb": {"runtime": 15}}