{"train_acc": 1.0, "test_acc": 0.8696467411685292, "val_acc": 0.8743783783783784, "loss": 1.2082383632659912, "_timestamp": 1648809786, "_runtime": 39, "_step": 249, "_wandb": {"runtime": 40}}