{"train_acc": 1.0, "test_acc": 0.7632782073714511, "val_acc": 0.7657142857142857, "loss": 0.0038889420684427023, "_timestamp": 1648868317, "_runtime": 57, "_step": 599, "_wandb": {"runtime": 58}}