{"train_acc": 1.0, "test_acc": 0.6416666666666667, "val_acc": 0.6486486486486487, "loss": 1.1594337224960327, "_timestamp": 1648917833, "_runtime": 55, "_step": 249, "_wandb": {"runtime": 55}}