{"train_acc": 1.0, "test_acc": 0.8930473261831546, "val_acc": 0.894918918918919, "loss": 1.3425242900848389, "_timestamp": 1648820775, "_runtime": 77, "_step": 249, "_wandb": {"runtime": 78}}