{"train_acc": 1.0, "test_acc": 0.5402061855670103, "val_acc": 0.5583561643835616, "loss": 0.12324691563844681, "_timestamp": 1648812409, "_runtime": 33, "_step": 99, "_wandb": {"runtime": 34}}