{"train_acc": 1.0, "test_acc": 0.7272675960941468, "val_acc": 0.7231168831168832, "loss": 0.024713749065995216, "_timestamp": 1648810949, "_runtime": 56, "_step": 599, "_wandb": {"runtime": 57}}