{"train_acc": 1.0, "test_acc": 0.5876288659793815, "val_acc": 0.5364383561643835, "loss": 0.1430005580186844, "_timestamp": 1648910792, "_runtime": 15, "_step": 99, "_wandb": {"runtime": 16}}