{"train_acc": 1.0, "test_acc": 0.5608247422680412, "val_acc": 0.5347945205479452, "loss": 0.13082174956798553, "_timestamp": 1648912687, "_runtime": 15, "_step": 99, "_wandb": {"runtime": 16}}