{"train_acc": 1.0, "test_acc": 0.6166666666666667, "val_acc": 0.614054054054054, "loss": 1.1314868927001953, "_timestamp": 1648807773, "_runtime": 26, "_step": 249, "_wandb": {"runtime": 27}}