{"train_acc": 0.3333333333333333, "test_acc": 0.20624259186092453, "val_acc": 0.22025974025974027, "loss": NaN, "_timestamp": 1648840708, "_runtime": 291, "_step": 599, "_wandb": {"runtime": 291}}