{"train_acc": 1.0, "test_acc": 0.5360824742268041, "val_acc": 0.5594520547945205, "loss": 0.129855677485466, "_timestamp": 1648914417, "_runtime": 22, "_step": 99, "_wandb": {"runtime": 22}}