{"train_acc": 0.14285714285714285, "test_acc": 0.10721649484536082, "val_acc": 0.1463013698630137, "loss": NaN, "_timestamp": 1648911958, "_runtime": 13, "_step": 99, "_wandb": {"runtime": 14}}