{"train_acc": 0.9866666666666667, "test_acc": 0.725, "val_acc": 0.7432432432432432, "loss": 0.8664352297782898, "_timestamp": 1648725924, "_runtime": 91, "_step": 249, "_wandb": {"runtime": 92}}