{"train_acc": 1.0, "test_acc": 0.7045775244115821, "val_acc": 0.7012987012987013, "loss": 0.13224628567695618, "_timestamp": 1648807930, "_runtime": 45, "_step": 599, "_wandb": {"runtime": 46}}