{"train_acc": 0.9933333333333333, "test_acc": 0.5416666666666666, "val_acc": 0.5983783783783784, "loss": 1.0503026247024536, "_timestamp": 1648873679, "_runtime": 129, "_step": 249, "_wandb": {"runtime": 130}}