{"train_acc": 1.0, "test_acc": 0.5402061855670103, "val_acc": 0.5512328767123288, "loss": 0.1708076149225235, "_timestamp": 1648864785, "_runtime": 15, "_step": 99, "_wandb": {"runtime": 16}}