{"train_acc": 0.9933333333333333, "test_acc": 0.675, "val_acc": 0.6221621621621621, "loss": 1.1427087783813477, "_timestamp": 1648808148, "_runtime": 25, "_step": 249, "_wandb": {"runtime": 26}}