{"train_acc": 1.0, "test_acc": 0.5752577319587628, "val_acc": 0.5534246575342465, "loss": 0.16111737489700317, "_timestamp": 1648865996, "_runtime": 17, "_step": 99, "_wandb": {"runtime": 18}}