{"train_acc": 1.0, "test_acc": 0.8670216755418886, "val_acc": 0.8674594594594595, "loss": 1.2272869348526, "_timestamp": 1648861026, "_runtime": 24, "_step": 249, "_wandb": {"runtime": 25}}