{"train_acc": 1.0, "test_acc": 0.51340206185567, "val_acc": 0.5726027397260274, "loss": 0.12273216247558594, "_timestamp": 1648909213, "_runtime": 14, "_step": 99, "_wandb": {"runtime": 15}}