{"train_acc": 1.0, "test_acc": 0.5814432989690722, "val_acc": 0.5841095890410959, "loss": 0.1394064724445343, "_timestamp": 1648909737, "_runtime": 15, "_step": 99, "_wandb": {"runtime": 15}}