{"train_acc": 0.16666666666666666, "test_acc": 0.08333333333333333, "val_acc": 0.04864864864864865, "loss": NaN, "_timestamp": 1648926515, "_runtime": 90, "_step": 249, "_wandb": {"runtime": 91}}