{"train_acc": 1.0, "test_acc": 0.5505154639175258, "val_acc": 0.5780821917808219, "loss": 0.11808512359857559, "_timestamp": 1648863037, "_runtime": 14, "_step": 99, "_wandb": {"runtime": 14}}