{"train_acc": 1.0, "test_acc": 0.898297457436436, "val_acc": 0.8996756756756756, "loss": 1.2619680166244507, "_timestamp": 1648726132, "_runtime": 29, "_step": 249, "_wandb": {"runtime": 30}}