{"train_acc": 0.14285714285714285, "test_acc": 0.16494845360824742, "val_acc": 0.13095890410958905, "loss": NaN, "_timestamp": 1648913861, "_runtime": 21, "_step": 99, "_wandb": {"runtime": 22}}