{"train_acc": 0.3333333333333333, "test_acc": 0.2075407800417678, "val_acc": 0.2083116883116883, "loss": NaN, "_timestamp": 1648811186, "_runtime": 55, "_step": 599, "_wandb": {"runtime": 56}}