{"train_acc": 1.0, "test_acc": 0.9157728943223581, "val_acc": 0.9156756756756756, "loss": 1.339891791343689, "_timestamp": 1648826359, "_runtime": 147, "_step": 249, "_wandb": {"runtime": 148}}