{"train_acc": 1.0, "test_acc": 0.622680412371134, "val_acc": 0.656986301369863, "loss": 0.10887609422206879, "_timestamp": 1648813496, "_runtime": 40, "_step": 99, "_wandb": {"runtime": 41}}