{"train_acc": 0.9933333333333333, "test_acc": 0.6083333333333333, "val_acc": 0.5837837837837838, "loss": 1.0608397722244263, "_timestamp": 1648868087, "_runtime": 38, "_step": 249, "_wandb": {"runtime": 38}}