{"train_acc": 1.0, "test_acc": 0.5319587628865979, "val_acc": 0.5452054794520548, "loss": 0.13930436968803406, "_timestamp": 1648811433, "_runtime": 30, "_step": 99, "_wandb": {"runtime": 31}}