{"train_acc": 0.9933333333333333, "test_acc": 0.5666666666666667, "val_acc": 0.5897297297297297, "loss": 1.1052296161651611, "_timestamp": 1648808479, "_runtime": 24, "_step": 249, "_wandb": {"runtime": 25}}