{"train_acc": 1.0, "test_acc": 0.6905796692442288, "val_acc": 0.704935064935065, "loss": 0.0029470548033714294, "_timestamp": 1648882601, "_runtime": 159, "_step": 599, "_wandb": {"runtime": 160}}