{"train_acc": 0.8666666666666667, "test_acc": 0.7543602189987018, "val_acc": 0.7594805194805195, "loss": 0.33960801362991333, "_timestamp": 1648806699, "_runtime": 49, "_step": 599, "_wandb": {"runtime": 50}}