{"train_acc": 1.0, "test_acc": 0.625, "val_acc": 0.6416216216216216, "loss": 1.0873271226882935, "_timestamp": 1648803802, "_runtime": 27, "_step": 249, "_wandb": {"runtime": 28}}