{"train_acc": 1.0, "test_acc": 0.6082474226804123, "val_acc": 0.5846575342465753, "loss": 0.13161492347717285, "_timestamp": 1648867408, "_runtime": 24, "_step": 99, "_wandb": {"runtime": 25}}