{"train_acc": 1.0, "test_acc": 0.7551504205000846, "val_acc": 0.7501298701298701, "loss": 0.012658249586820602, "_timestamp": 1648845935, "_runtime": 291, "_step": 599, "_wandb": {"runtime": 292}}