{"train_acc": 0.9933333333333333, "test_acc": 0.625, "val_acc": 0.632972972972973, "loss": 1.06669282913208, "_timestamp": 1648802887, "_runtime": 21, "_step": 249, "_wandb": {"runtime": 22}}