{"train_acc": 1.0, "test_acc": 0.7222441722639273, "val_acc": 0.7220779220779221, "loss": 0.1165287047624588, "_timestamp": 1648818373, "_runtime": 131, "_step": 599, "_wandb": {"runtime": 131}}