{"train_acc": 1.0, "test_acc": 0.7320088051024439, "val_acc": 0.7408970976253298, "loss": 0.07796096801757812, "_timestamp": 1648793949, "_runtime": 57, "_step": 599, "_wandb": {"runtime": 58}}