{"train_acc": 0.18666666666666668, "test_acc": 0.15, "val_acc": 0.1264864864864865, "loss": 288239091712.0, "_timestamp": 1648907980, "_runtime": 15, "_step": 249, "_wandb": {"runtime": 16}}