{"train_acc": 1.0, "test_acc": 0.7, "val_acc": 0.6772972972972973, "loss": 1.1254338026046753, "_timestamp": 1648876787, "_runtime": 121, "_step": 249, "_wandb": {"runtime": 122}}