{"train_acc": 1.0, "test_acc": 0.7539651182480104, "val_acc": 0.7594805194805195, "loss": 0.03991733863949776, "_timestamp": 1648825275, "_runtime": 215, "_step": 599, "_wandb": {"runtime": 216}}