{"train_acc": 0.06666666666666667, "test_acc": 0.03817595439885997, "val_acc": 0.03762162162162162, "loss": NaN, "_timestamp": 1648809454, "_runtime": 42, "_step": 249, "_wandb": {"runtime": 42}}