{"train_acc": 0.9933333333333333, "test_acc": 0.6166666666666667, "val_acc": 0.62, "loss": 1.0842891931533813, "_timestamp": 1648720803, "_runtime": 27, "_step": 249, "_wandb": {"runtime": 29}}