{"train_acc": 1.0, "test_acc": 0.8819470486762169, "val_acc": 0.8871351351351351, "loss": 1.2356621026992798, "_timestamp": 1648720892, "_runtime": 34, "_step": 249, "_wandb": {"runtime": 34}}