{"train_acc": 1.0, "test_acc": 0.71586611728848, "val_acc": 0.7101298701298702, "loss": 0.11299236118793488, "_timestamp": 1648875044, "_runtime": 132, "_step": 599, "_wandb": {"runtime": 133}}