{"train_acc": 0.9933333333333333, "test_acc": 0.575, "val_acc": 0.6378378378378379, "loss": 1.0900357961654663, "_timestamp": 1648802915, "_runtime": 16, "_step": 249, "_wandb": {"runtime": 17}}