{"train_acc": 1.0, "test_acc": 0.6583333333333333, "val_acc": 0.6345945945945946, "loss": 0.9903470873832703, "_timestamp": 1648802295, "_runtime": 20, "_step": 249, "_wandb": {"runtime": 21}}