{"train_acc": 1.0, "test_acc": 0.5505154639175258, "val_acc": 0.5610958904109589, "loss": 0.16495876014232635, "_timestamp": 1648718222, "_runtime": 17, "_step": 99, "_wandb": {"runtime": 18}}