{"train_acc": 0.3333333333333333, "test_acc": 0.20759722300615227, "val_acc": 0.2077922077922078, "loss": NaN, "_timestamp": 1648815459, "_runtime": 74, "_step": 599, "_wandb": {"runtime": 74}}