{"train_acc": 1.0, "test_acc": 0.8886222155553889, "val_acc": 0.8912432432432432, "loss": 1.3581531047821045, "_timestamp": 1648808424, "_runtime": 30, "_step": 249, "_wandb": {"runtime": 31}}