{"train_acc": 1.0, "test_acc": 0.716204775074787, "val_acc": 0.7236363636363636, "loss": 0.11308364570140839, "_timestamp": 1648824830, "_runtime": 214, "_step": 599, "_wandb": {"runtime": 216}}