{"train_acc": 1.0, "test_acc": 0.8768469211730293, "val_acc": 0.8845405405405405, "loss": 1.2900197505950928, "_timestamp": 1648865862, "_runtime": 50, "_step": 249, "_wandb": {"runtime": 52}}