{"train_acc": 0.22857142857142856, "test_acc": 0.18969072164948453, "val_acc": 0.16547945205479453, "loss": 1.9188233613967896, "_timestamp": 1648908850, "_runtime": 13, "_step": 99, "_wandb": {"runtime": 15}}