{"train_acc": 0.9866666666666667, "test_acc": 0.625, "val_acc": 0.6162162162162163, "loss": 1.1868895292282104, "_timestamp": 1648810771, "_runtime": 41, "_step": 249, "_wandb": {"runtime": 41}}