{"train_acc": 1.0, "test_acc": 0.625, "val_acc": 0.6135135135135135, "loss": 1.1439383029937744, "_timestamp": 1648818149, "_runtime": 124, "_step": 249, "_wandb": {"runtime": 125}}