{"train_acc": 0.9866666666666667, "test_acc": 0.575, "val_acc": 0.62, "loss": 1.0746054649353027, "_timestamp": 1648864392, "_runtime": 20, "_step": 249, "_wandb": {"runtime": 21}}