{"train_acc": 1.0, "test_acc": 0.5195876288659794, "val_acc": 0.5452054794520548, "loss": 0.13528043031692505, "_timestamp": 1648803104, "_runtime": 15, "_step": 99, "_wandb": {"runtime": 16}}