{"train_acc": 1.0, "test_acc": 0.8819470486762169, "val_acc": 0.8823783783783784, "loss": 1.2443263530731201, "_timestamp": 1648868821, "_runtime": 36, "_step": 249, "_wandb": {"runtime": 37}}