{"train_acc": 0.3333333333333333, "test_acc": 0.20951628379522494, "val_acc": 0.19012987012987012, "loss": NaN, "_timestamp": 1648849601, "_runtime": 289, "_step": 599, "_wandb": {"runtime": 290}}