{"train_acc": 0.9933333333333333, "test_acc": 0.6333333333333333, "val_acc": 0.6264864864864865, "loss": 1.0975425243377686, "_timestamp": 1648813029, "_runtime": 49, "_step": 249, "_wandb": {"runtime": 50}}