{"train_acc": 1.0, "test_acc": 0.5525773195876289, "val_acc": 0.5408219178082192, "loss": 0.1197371706366539, "_timestamp": 1648720681, "_runtime": 37, "_step": 99, "_wandb": {"runtime": 38}}