{"train_acc": 1.0, "test_acc": 0.8689717242931073, "val_acc": 0.873945945945946, "loss": 1.331093192100525, "_timestamp": 1648721792, "_runtime": 104, "_step": 249, "_wandb": {"runtime": 105}}