{"train_acc": 0.9933333333333333, "test_acc": 0.5833333333333334, "val_acc": 0.634054054054054, "loss": 1.1401113271713257, "_timestamp": 1648808259, "_runtime": 22, "_step": 249, "_wandb": {"runtime": 23}}