{"train_acc": 1.0, "test_acc": 0.7651972681605238, "val_acc": 0.7574025974025974, "loss": 0.0029559219256043434, "_timestamp": 1648833527, "_runtime": 156, "_step": 599, "_wandb": {"runtime": 157}}