{"train_acc": 1.0, "test_acc": 0.7924027769938478, "val_acc": 0.785974025974026, "loss": 0.002030391711741686, "_timestamp": 1648803494, "_runtime": 38, "_step": 599, "_wandb": {"runtime": 38}}