{"train_acc": 1.0, "test_acc": 0.8749718742968574, "val_acc": 0.8832432432432432, "loss": 1.2754212617874146, "_timestamp": 1648722970, "_runtime": 90, "_step": 249, "_wandb": {"runtime": 91}}