{"train_acc": 0.35333333333333333, "test_acc": 0.23333333333333334, "val_acc": 0.22486486486486487, "loss": 4598504448.0, "_timestamp": 1648909084, "_runtime": 17, "_step": 249, "_wandb": {"runtime": 18}}