{"train_acc": 1.0, "test_acc": 0.5711340206185567, "val_acc": 0.5512328767123288, "loss": 0.125763937830925, "_timestamp": 1648808826, "_runtime": 21, "_step": 99, "_wandb": {"runtime": 22}}