{"train_acc": 1.0, "test_acc": 0.9064726618165454, "val_acc": 0.9035675675675676, "loss": 1.279578447341919, "_timestamp": 1648726694, "_runtime": 27, "_step": 249, "_wandb": {"runtime": 28}}