{"train_acc": 1.0, "test_acc": 0.8756468911722793, "val_acc": 0.8804324324324324, "loss": 1.274828314781189, "_timestamp": 1648811940, "_runtime": 41, "_step": 249, "_wandb": {"runtime": 42}}