{"train_acc": 1.0, "test_acc": 0.7539651182480104, "val_acc": 0.7522077922077922, "loss": 0.005637769587337971, "_timestamp": 1648812180, "_runtime": 58, "_step": 599, "_wandb": {"runtime": 59}}