{"train_acc": 0.9933333333333333, "test_acc": 0.5166666666666667, "val_acc": 0.601081081081081, "loss": 1.1465785503387451, "_timestamp": 1648720953, "_runtime": 55, "_step": 249, "_wandb": {"runtime": 56}}