{"train_acc": 1.0, "test_acc": 0.6, "val_acc": 0.5940540540540541, "loss": 1.0882630348205566, "_timestamp": 1648802854, "_runtime": 19, "_step": 249, "_wandb": {"runtime": 20}}