{"train_acc": 1.0, "test_acc": 0.675, "val_acc": 0.605945945945946, "loss": 1.0831366777420044, "_timestamp": 1648802794, "_runtime": 21, "_step": 249, "_wandb": {"runtime": 22}}