{"train_acc": 1.0, "test_acc": 0.5416666666666666, "val_acc": 0.6086486486486486, "loss": 1.142517328262329, "_timestamp": 1648805489, "_runtime": 19, "_step": 249, "_wandb": {"runtime": 20}}