{"train_acc": 1.0, "test_acc": 0.7205508833323926, "val_acc": 0.7241558441558441, "loss": 0.10100337862968445, "_timestamp": 1648818231, "_runtime": 134, "_step": 599, "_wandb": {"runtime": 135}}