{"train_acc": 1.0, "test_acc": 0.625, "val_acc": 0.634054054054054, "loss": 1.1108425855636597, "_timestamp": 1648864361, "_runtime": 25, "_step": 249, "_wandb": {"runtime": 26}}