{"train_acc": 1.0, "test_acc": 0.7448778009821075, "val_acc": 0.7662269129287599, "loss": 0.10171941667795181, "_timestamp": 1648790950, "_runtime": 568, "_step": 599, "_wandb": {"runtime": 568}}