{"train_acc": 1.0, "test_acc": 0.7117457808884122, "val_acc": 0.7184415584415584, "loss": 0.08336370438337326, "_timestamp": 1648876650, "_runtime": 190, "_step": 599, "_wandb": {"runtime": 191}}