{"train_acc": 0.9933333333333333, "test_acc": 0.6333333333333333, "val_acc": 0.6513513513513514, "loss": 1.1381163597106934, "_timestamp": 1648815543, "_runtime": 71, "_step": 249, "_wandb": {"runtime": 72}}