{"train_acc": 0.14285714285714285, "test_acc": 0.17525773195876287, "val_acc": 0.12821917808219177, "loss": NaN, "_timestamp": 1648870571, "_runtime": 28, "_step": 99, "_wandb": {"runtime": 30}}