{"train_acc": 1.0, "test_acc": 0.8901222530563264, "val_acc": 0.8923243243243243, "loss": 1.2824723720550537, "_timestamp": 1648724489, "_runtime": 31, "_step": 249, "_wandb": {"runtime": 31}}