{"train_acc": 1.0, "test_acc": 0.8847971199279983, "val_acc": 0.8890810810810811, "loss": 1.2691600322723389, "_timestamp": 1648809002, "_runtime": 32, "_step": 249, "_wandb": {"runtime": 33}}