{"train_acc": 1.0, "test_acc": 0.5505154639175258, "val_acc": 0.549041095890411, "loss": 0.14538758993148804, "_timestamp": 1648721200, "_runtime": 16, "_step": 99, "_wandb": {"runtime": 16}}