{"train_acc": 1.0, "test_acc": 0.5731958762886598, "val_acc": 0.5704109589041096, "loss": 0.12744344770908356, "_timestamp": 1648720889, "_runtime": 17, "_step": 99, "_wandb": {"runtime": 18}}