{"train_acc": 1.0, "test_acc": 0.554639175257732, "val_acc": 0.5808219178082191, "loss": 0.1431686133146286, "_timestamp": 1648864222, "_runtime": 13, "_step": 99, "_wandb": {"runtime": 14}}