{"train_acc": 1.0, "test_acc": 0.5814432989690722, "val_acc": 0.5572602739726027, "loss": 0.14564651250839233, "_timestamp": 1648916044, "_runtime": 30, "_step": 99, "_wandb": {"runtime": 31}}