{"train_acc": 1.0, "test_acc": 0.7002314161539764, "val_acc": 0.7148051948051948, "loss": 0.08316633105278015, "_timestamp": 1648864096, "_runtime": 43, "_step": 599, "_wandb": {"runtime": 42}}