{"train_acc": 1.0, "test_acc": 0.8740718517962949, "val_acc": 0.8795675675675676, "loss": 1.3010057210922241, "_timestamp": 1648868773, "_runtime": 32, "_step": 249, "_wandb": {"runtime": 33}}