{"train_acc": 0.14285714285714285, "test_acc": 0.13402061855670103, "val_acc": 0.13917808219178082, "loss": NaN, "_timestamp": 1648796281, "_runtime": 16, "_step": 55, "_wandb": {"runtime": 17}}