{"train_acc": 0.96, "test_acc": 0.7416666666666667, "val_acc": 0.7145945945945946, "loss": 0.854054868221283, "_timestamp": 1648927231, "_runtime": 87, "_step": 249, "_wandb": {"runtime": 88}}