{"train_acc": 0.9866666666666667, "test_acc": 0.6333333333333333, "val_acc": 0.6281081081081081, "loss": 1.084122896194458, "_timestamp": 1648802461, "_runtime": 22, "_step": 249, "_wandb": {"runtime": 22}}