{"train_acc": 1.0, "test_acc": 0.8760219005475137, "val_acc": 0.8862702702702703, "loss": 1.2953261137008667, "_timestamp": 1648722868, "_runtime": 61, "_step": 249, "_wandb": {"runtime": 61}}