{"train_acc": 1.0, "test_acc": 0.5711340206185567, "val_acc": 0.5895890410958904, "loss": 0.1457756757736206, "_timestamp": 1648717545, "_runtime": 16, "_step": 99, "_wandb": {"runtime": 16}}