{"train_acc": 1.0, "test_acc": 0.5666666666666667, "val_acc": 0.6227027027027027, "loss": 1.0943070650100708, "_timestamp": 1648821325, "_runtime": 134, "_step": 249, "_wandb": {"runtime": 135}}