{"train_acc": 1.0, "test_acc": 0.8739218480462011, "val_acc": 0.8836756756756756, "loss": 1.3471386432647705, "_timestamp": 1648808042, "_runtime": 39, "_step": 249, "_wandb": {"runtime": 40}}