{"train_acc": 1.0, "test_acc": 0.5381443298969072, "val_acc": 0.5715068493150685, "loss": 0.1506037414073944, "_timestamp": 1648809325, "_runtime": 27, "_step": 99, "_wandb": {"runtime": 27}}