{"train_acc": 1.0, "test_acc": 0.7331376643901337, "val_acc": 0.7298701298701299, "loss": 0.08664876222610474, "_timestamp": 1648839172, "_runtime": 292, "_step": 599, "_wandb": {"runtime": 293}}