{"train_acc": 1.0, "test_acc": 0.8939473486837171, "val_acc": 0.8979459459459459, "loss": 1.3053781986236572, "_timestamp": 1648879000, "_runtime": 142, "_step": 249, "_wandb": {"runtime": 143}}