{"train_acc": 1.0, "test_acc": 0.5773195876288659, "val_acc": 0.5808219178082191, "loss": 0.12768486142158508, "_timestamp": 1648721505, "_runtime": 75, "_step": 99, "_wandb": {"runtime": 76}}