{"train_acc": 0.9933333333333333, "test_acc": 0.6666666666666666, "val_acc": 0.6243243243243243, "loss": 0.9914335012435913, "_timestamp": 1648804418, "_runtime": 23, "_step": 249, "_wandb": {"runtime": 24}}