{"train_acc": 1.0, "test_acc": 0.8796969924248106, "val_acc": 0.8825945945945946, "loss": 1.3054537773132324, "_timestamp": 1648804558, "_runtime": 35, "_step": 249, "_wandb": {"runtime": 36}}