{"train_acc": 1.0, "test_acc": 0.6333333333333333, "val_acc": 0.64, "loss": 1.0893807411193848, "_timestamp": 1648923239, "_runtime": 90, "_step": 249, "_wandb": {"runtime": 91}}