{"train_acc": 1.0, "test_acc": 0.6333333333333333, "val_acc": 0.6389189189189189, "loss": 1.0951237678527832, "_timestamp": 1648802420, "_runtime": 18, "_step": 249, "_wandb": {"runtime": 19}}