{"train_acc": 0.9866666666666667, "test_acc": 0.6166666666666667, "val_acc": 0.6172972972972973, "loss": 1.064121127128601, "_timestamp": 1648813497, "_runtime": 48, "_step": 249, "_wandb": {"runtime": 49}}