{"train_acc": 1.0, "test_acc": 0.8775219380484512, "val_acc": 0.881945945945946, "loss": 1.2116036415100098, "_timestamp": 1648808288, "_runtime": 41, "_step": 249, "_wandb": {"runtime": 41}}