{"train_acc": 1.0, "test_acc": 0.7541908901055483, "val_acc": 0.7562005277044855, "loss": 0.10324490815401077, "_timestamp": 1648791070, "_runtime": 48, "_step": 599, "_wandb": {"runtime": 48}}