{"train_acc": 1.0, "test_acc": 0.5381443298969072, "val_acc": 0.553972602739726, "loss": 0.12621963024139404, "_timestamp": 1648916807, "_runtime": 29, "_step": 99, "_wandb": {"runtime": 30}}