{"train_acc": 0.9866666666666667, "test_acc": 0.5416666666666666, "val_acc": 0.6270270270270271, "loss": 1.1111756563186646, "_timestamp": 1648911130, "_runtime": 21, "_step": 249, "_wandb": {"runtime": 22}}