{"train_acc": 1.0, "test_acc": 0.8950723768094202, "val_acc": 0.894918918918919, "loss": 1.3245937824249268, "_timestamp": 1648808102, "_runtime": 40, "_step": 249, "_wandb": {"runtime": 40}}