{"train_acc": 0.9933333333333333, "test_acc": 0.6416666666666667, "val_acc": 0.614054054054054, "loss": 1.1001979112625122, "_timestamp": 1648908149, "_runtime": 16, "_step": 249, "_wandb": {"runtime": 16}}