{"train_acc": 1.0, "test_acc": 0.5402061855670103, "val_acc": 0.5391780821917809, "loss": 0.15266811847686768, "_timestamp": 1648802587, "_runtime": 14, "_step": 99, "_wandb": {"runtime": 15}}