{"train_acc": 1.0, "test_acc": 0.5360824742268041, "val_acc": 0.570958904109589, "loss": 0.14647643268108368, "_timestamp": 1648914252, "_runtime": 20, "_step": 99, "_wandb": {"runtime": 21}}