{"train_acc": 0.9666666666666667, "test_acc": 0.6666666666666666, "val_acc": 0.6189189189189189, "loss": 1.108920931816101, "_timestamp": 1648861788, "_runtime": 16, "_step": 249, "_wandb": {"runtime": 16}}