{"train_acc": 1.0, "test_acc": 0.5916666666666667, "val_acc": 0.6021621621621621, "loss": 1.1074000597000122, "_timestamp": 1648861965, "_runtime": 21, "_step": 249, "_wandb": {"runtime": 22}}