{"train_acc": 1.0, "test_acc": 0.6666666666666666, "val_acc": 0.625945945945946, "loss": 1.1852707862854004, "_timestamp": 1648809028, "_runtime": 26, "_step": 249, "_wandb": {"runtime": 27}}