{"train_acc": 0.9666666666666667, "test_acc": 0.7166666666666667, "val_acc": 0.7172972972972973, "loss": 0.565321683883667, "_timestamp": 1648909421, "_runtime": 18, "_step": 249, "_wandb": {"runtime": 19}}