{"train_acc": 1.0, "test_acc": 0.7166666666666667, "val_acc": 0.6718918918918919, "loss": 1.114019751548767, "_timestamp": 1648917126, "_runtime": 36, "_step": 249, "_wandb": {"runtime": 38}}