{"train_acc": 1.0, "test_acc": 0.8725718142953574, "val_acc": 0.8758918918918919, "loss": 1.2777034044265747, "_timestamp": 1648815458, "_runtime": 66, "_step": 249, "_wandb": {"runtime": 67}}