{"train_acc": 1.0, "test_acc": 0.7204944403680081, "val_acc": 0.7293506493506493, "loss": 0.007751049939543009, "_timestamp": 1648802988, "_runtime": 42, "_step": 599, "_wandb": {"runtime": 42}}