{"train_acc": 1.0, "test_acc": 0.8859221480537014, "val_acc": 0.8951351351351351, "loss": 1.1489633321762085, "_timestamp": 1648804601, "_runtime": 32, "_step": 249, "_wandb": {"runtime": 32}}