{"train_acc": 1.0, "test_acc": 0.6659793814432989, "val_acc": 0.6361643835616438, "loss": 0.10226112604141235, "_timestamp": 1648808671, "_runtime": 17, "_step": 99, "_wandb": {"runtime": 18}}