{"train_acc": 1.0, "test_acc": 0.5711340206185567, "val_acc": 0.5676712328767123, "loss": 0.14790835976600647, "_timestamp": 1648803522, "_runtime": 12, "_step": 99, "_wandb": {"runtime": 13}}