{"train_acc": 1.0, "test_acc": 0.6350515463917525, "val_acc": 0.606027397260274, "loss": 0.19039757549762726, "_timestamp": 1648913384, "_runtime": 14, "_step": 99, "_wandb": {"runtime": 15}}