{"train_acc": 0.9933333333333333, "test_acc": 0.6583333333333333, "val_acc": 0.6362162162162163, "loss": 1.138370156288147, "_timestamp": 1648865545, "_runtime": 21, "_step": 249, "_wandb": {"runtime": 22}}