{"train_acc": 1.0, "test_acc": 0.6333333333333333, "val_acc": 0.632972972972973, "loss": 1.136991262435913, "_timestamp": 1648912610, "_runtime": 19, "_step": 249, "_wandb": {"runtime": 19}}