{"train_acc": 1.0, "test_acc": 0.5855670103092784, "val_acc": 0.5589041095890411, "loss": 0.11756671220064163, "_timestamp": 1648868941, "_runtime": 29, "_step": 99, "_wandb": {"runtime": 30}}