{"train_acc": 0.9933333333333333, "test_acc": 0.5833333333333334, "val_acc": 0.6394594594594595, "loss": 0.9915800094604492, "_timestamp": 1648806395, "_runtime": 26, "_step": 249, "_wandb": {"runtime": 27}}