{"train_acc": 0.992, "test_acc": 0.8686717167929198, "val_acc": 0.8769729729729729, "loss": 1.3069459199905396, "_timestamp": 1648861770, "_runtime": 29, "_step": 249, "_wandb": {"runtime": 30}}