{"train_acc": 1.0, "test_acc": 0.9029475736893422, "val_acc": 0.9027027027027027, "loss": 1.2768592834472656, "_timestamp": 1648724323, "_runtime": 154, "_step": 249, "_wandb": {"runtime": 155}}