{"train_acc": 1.0, "test_acc": 0.5505154639175258, "val_acc": 0.5375342465753424, "loss": 0.1371282935142517, "_timestamp": 1648807405, "_runtime": 17, "_step": 99, "_wandb": {"runtime": 18}}