{"train_acc": 1.0, "test_acc": 0.5443298969072164, "val_acc": 0.5813698630136986, "loss": 0.14924973249435425, "_timestamp": 1648805659, "_runtime": 16, "_step": 99, "_wandb": {"runtime": 17}}