{"train_acc": 1.0, "test_acc": 0.5, "val_acc": 0.6124324324324324, "loss": 1.1971399784088135, "_timestamp": 1648802234, "_runtime": 23, "_step": 249, "_wandb": {"runtime": 23}}