{"train_acc": 0.9866666666666667, "test_acc": 0.7, "val_acc": 0.6427027027027027, "loss": 1.0682870149612427, "_timestamp": 1648873038, "_runtime": 114, "_step": 249, "_wandb": {"runtime": 115}}