{"train_acc": 1.0, "test_acc": 0.8061855670103093, "val_acc": 0.8208219178082192, "loss": 0.004142393358051777, "_timestamp": 1648801935, "_runtime": 18, "_step": 99, "_wandb": {"runtime": 19}}