{"train_acc": 1.0, "test_acc": 0.6474226804123712, "val_acc": 0.6180821917808219, "loss": 0.13457368314266205, "_timestamp": 1648908800, "_runtime": 14, "_step": 99, "_wandb": {"runtime": 15}}