{"train_acc": 0.9933333333333333, "test_acc": 0.6333333333333333, "val_acc": 0.6318918918918919, "loss": 1.113761067390442, "_timestamp": 1648721369, "_runtime": 26, "_step": 249, "_wandb": {"runtime": 27}}