{"train_acc": 1.0, "test_acc": 0.7315008184229835, "val_acc": 0.7335064935064936, "loss": 0.018794629722833633, "_timestamp": 1648813279, "_runtime": 65, "_step": 599, "_wandb": {"runtime": 66}}