{"train_acc": 1.0, "test_acc": 0.8789469736743418, "val_acc": 0.8832432432432432, "loss": 1.2826257944107056, "_timestamp": 1648861486, "_runtime": 27, "_step": 249, "_wandb": {"runtime": 28}}