{"train_acc": 1.0, "test_acc": 0.5711340206185567, "val_acc": 0.5665753424657535, "loss": 0.11068681627511978, "_timestamp": 1648721586, "_runtime": 18, "_step": 99, "_wandb": {"runtime": 19}}