{"train_acc": 0.9533333333333334, "test_acc": 0.6666666666666666, "val_acc": 0.7135135135135136, "loss": 0.6230348348617554, "_timestamp": 1648807194, "_runtime": 21, "_step": 249, "_wandb": {"runtime": 21}}