{"train_acc": 1.0, "test_acc": 0.5649484536082474, "val_acc": 0.5484931506849315, "loss": 0.11111977696418762, "_timestamp": 1648909788, "_runtime": 13, "_step": 99, "_wandb": {"runtime": 14}}