{"train_acc": 0.9866666666666667, "test_acc": 0.6416666666666667, "val_acc": 0.62, "loss": 1.0675649642944336, "_timestamp": 1648914458, "_runtime": 20, "_step": 249, "_wandb": {"runtime": 21}}