{"train_acc": 0.3333333333333333, "test_acc": 0.20708923632669188, "val_acc": 0.21246753246753247, "loss": NaN, "_timestamp": 1648848386, "_runtime": 289, "_step": 599, "_wandb": {"runtime": 290}}