{"train_acc": 1.0, "test_acc": 0.5333333333333333, "val_acc": 0.6135135135135135, "loss": 1.086832880973816, "_timestamp": 1648865981, "_runtime": 24, "_step": 249, "_wandb": {"runtime": 25}}