{"train_acc": 1.0, "test_acc": 0.8928973224330609, "val_acc": 0.8925405405405406, "loss": 1.178457260131836, "_timestamp": 1648717708, "_runtime": 31, "_step": 249, "_wandb": {"runtime": 32}}