{"train_acc": 1.0, "test_acc": 0.554639175257732, "val_acc": 0.5764383561643835, "loss": 0.11890013515949249, "_timestamp": 1648915801, "_runtime": 27, "_step": 99, "_wandb": {"runtime": 29}}