{"train_acc": 0.9933333333333333, "test_acc": 0.5833333333333334, "val_acc": 0.674054054054054, "loss": 1.2014857530593872, "_timestamp": 1648926823, "_runtime": 89, "_step": 249, "_wandb": {"runtime": 89}}