{"train_acc": 0.9942857142857143, "test_acc": 0.49896907216494846, "val_acc": 0.4958904109589041, "loss": 0.1378871202468872, "_timestamp": 1648864249, "_runtime": 14, "_step": 99, "_wandb": {"runtime": 15}}