{"train_acc": 1.0, "test_acc": 0.8857721443036076, "val_acc": 0.8838918918918919, "loss": 1.2269096374511719, "_timestamp": 1648806956, "_runtime": 29, "_step": 249, "_wandb": {"runtime": 30}}