{"train_acc": 0.9866666666666667, "test_acc": 0.6166666666666667, "val_acc": 0.6275675675675676, "loss": 1.0876374244689941, "_timestamp": 1648810433, "_runtime": 39, "_step": 249, "_wandb": {"runtime": 40}}