{"train_acc": 1.0, "test_acc": 0.8880222005550139, "val_acc": 0.8936216216216216, "loss": 1.247415542602539, "_timestamp": 1648874473, "_runtime": 100, "_step": 249, "_wandb": {"runtime": 101}}