{"train_acc": 0.8133333333333334, "test_acc": 0.707907659310267, "val_acc": 0.7038961038961039, "loss": 0.9816189408302307, "_timestamp": 1648831127, "_runtime": 157, "_step": 599, "_wandb": {"runtime": 158}}