{"train_acc": 1.0, "test_acc": 0.7329683354969803, "val_acc": 0.7335064935064936, "loss": 0.12290482968091965, "_timestamp": 1648872790, "_runtime": 111, "_step": 599, "_wandb": {"runtime": 112}}