{"train_acc": 1.0, "test_acc": 0.675, "val_acc": 0.6610810810810811, "loss": 1.167754888534546, "_timestamp": 1648912486, "_runtime": 17, "_step": 249, "_wandb": {"runtime": 18}}