{"train_acc": 1.0, "test_acc": 0.8762469061726543, "val_acc": 0.8817297297297297, "loss": 1.2874372005462646, "_timestamp": 1648718352, "_runtime": 32, "_step": 249, "_wandb": {"runtime": 33}}