{"train_acc": 1.0, "test_acc": 0.7851216345882486, "val_acc": 0.7799472295514512, "loss": 0.06794517487287521, "_timestamp": 1648795049, "_runtime": 539, "_step": 599, "_wandb": {"runtime": 539}}