{"train_acc": 0.16666666666666666, "test_acc": 0.041666666666666664, "val_acc": 0.051351351351351354, "loss": NaN, "_timestamp": 1648911841, "_runtime": 20, "_step": 249, "_wandb": {"runtime": 21}}