{"train_acc": 1.0, "test_acc": 0.6583333333333333, "val_acc": 0.62, "loss": 1.1559826135635376, "_timestamp": 1648820741, "_runtime": 132, "_step": 249, "_wandb": {"runtime": 133}}