{"train_acc": 1.0, "test_acc": 0.4948453608247423, "val_acc": 0.5364383561643835, "loss": 0.17580845952033997, "_timestamp": 1648869276, "_runtime": 29, "_step": 99, "_wandb": {"runtime": 30}}