{"train_acc": 1.0, "test_acc": 0.5835051546391753, "val_acc": 0.564931506849315, "loss": 0.1651076227426529, "_timestamp": 1648866222, "_runtime": 19, "_step": 99, "_wandb": {"runtime": 19}}