{"train_acc": 1.0, "test_acc": 0.7666666666666667, "val_acc": 0.6291891891891892, "loss": 1.0770114660263062, "_timestamp": 1648910191, "_runtime": 15, "_step": 249, "_wandb": {"runtime": 16}}