{"train_acc": 1.0, "test_acc": 0.5793814432989691, "val_acc": 0.5813698630136986, "loss": 0.1143651232123375, "_timestamp": 1648909083, "_runtime": 15, "_step": 99, "_wandb": {"runtime": 16}}