{"train_acc": 0.9828571428571429, "test_acc": 0.5484536082474227, "val_acc": 0.5654794520547946, "loss": 0.24381840229034424, "_timestamp": 1648809733, "_runtime": 23, "_step": 99, "_wandb": {"runtime": 24}}