{"train_acc": 1.0, "test_acc": 0.5814432989690722, "val_acc": 0.5742465753424657, "loss": 0.12303296476602554, "_timestamp": 1648807053, "_runtime": 22, "_step": 99, "_wandb": {"runtime": 23}}