{"train_acc": 1.0, "test_acc": 0.8895222380559514, "val_acc": 0.8936216216216216, "loss": 1.3122069835662842, "_timestamp": 1648879604, "_runtime": 132, "_step": 249, "_wandb": {"runtime": 133}}