{"train_acc": 1.0, "test_acc": 0.6333333333333333, "val_acc": 0.6167567567567568, "loss": 1.0906577110290527, "_timestamp": 1648915717, "_runtime": 36, "_step": 249, "_wandb": {"runtime": 36}}