{"train_acc": 1.0, "test_acc": 0.6663656375232827, "val_acc": 0.6742857142857143, "loss": 0.09329666197299957, "_timestamp": 1648809387, "_runtime": 53, "_step": 599, "_wandb": {"runtime": 53}}