{"train_acc": 1.0, "test_acc": 0.5793814432989691, "val_acc": 0.5769863013698631, "loss": 0.12483509629964828, "_timestamp": 1648912217, "_runtime": 13, "_step": 99, "_wandb": {"runtime": 13}}