{"train_acc": 0.9933333333333333, "test_acc": 0.625, "val_acc": 0.6470270270270271, "loss": 1.1158117055892944, "_timestamp": 1648811633, "_runtime": 44, "_step": 249, "_wandb": {"runtime": 44}}