{"train_acc": 1.0, "test_acc": 0.8880222005550139, "val_acc": 0.8936216216216216, "loss": 1.239863634109497, "_timestamp": 1648864657, "_runtime": 30, "_step": 249, "_wandb": {"runtime": 30}}