{"train_acc": 1.0, "test_acc": 0.6666666666666666, "val_acc": 0.6097297297297297, "loss": 1.0501354932785034, "_timestamp": 1648865513, "_runtime": 18, "_step": 249, "_wandb": {"runtime": 19}}