{"train_acc": 1.0, "test_acc": 0.65, "val_acc": 0.6405405405405405, "loss": 1.128178358078003, "_timestamp": 1648804495, "_runtime": 21, "_step": 249, "_wandb": {"runtime": 22}}