{"train_acc": 0.9933333333333333, "test_acc": 0.6, "val_acc": 0.6524324324324324, "loss": 1.0695617198944092, "_timestamp": 1648860909, "_runtime": 17, "_step": 249, "_wandb": {"runtime": 18}}