{"train_acc": 1.0, "test_acc": 0.5628865979381443, "val_acc": 0.5583561643835616, "loss": 0.17167341709136963, "_timestamp": 1648721983, "_runtime": 19, "_step": 99, "_wandb": {"runtime": 21}}