{"train_acc": 1.0, "test_acc": 0.713326183891178, "val_acc": 0.7298701298701299, "loss": 0.08800731599330902, "_timestamp": 1648828886, "_runtime": 159, "_step": 599, "_wandb": {"runtime": 160}}