{"train_acc": 1.0, "test_acc": 0.6850482587345488, "val_acc": 0.6748051948051949, "loss": 0.08799818903207779, "_timestamp": 1648866859, "_runtime": 51, "_step": 599, "_wandb": {"runtime": 51}}