{"train_acc": 1.0, "test_acc": 0.705254839984196, "val_acc": 0.6992207792207792, "loss": 0.10662513971328735, "_timestamp": 1648826821, "_runtime": 200, "_step": 599, "_wandb": {"runtime": 201}}