{"train_acc": 1.0, "test_acc": 0.7239939041598464, "val_acc": 0.7213720316622692, "loss": 0.1421659290790558, "_timestamp": 1648783927, "_runtime": 184, "_step": 599, "_wandb": {"runtime": 185}}