{"train_acc": 1.0, "test_acc": 0.5731958762886598, "val_acc": 0.5912328767123287, "loss": 0.152037113904953, "_timestamp": 1648866421, "_runtime": 14, "_step": 99, "_wandb": {"runtime": 15}}