{"train_acc": 0.9866666666666667, "test_acc": 0.5833333333333334, "val_acc": 0.6491891891891892, "loss": 1.0806829929351807, "_timestamp": 1648810607, "_runtime": 49, "_step": 249, "_wandb": {"runtime": 49}}