{"train_acc": 1.0, "test_acc": 0.7203251114748547, "val_acc": 0.7085714285714285, "loss": 0.1315659135580063, "_timestamp": 1648838867, "_runtime": 294, "_step": 599, "_wandb": {"runtime": 294}}