{"train_acc": 0.9933333333333333, "test_acc": 0.675, "val_acc": 0.6427027027027027, "loss": 1.1236318349838257, "_timestamp": 1648801919, "_runtime": 19, "_step": 249, "_wandb": {"runtime": 19}}