{"train_acc": 1.0, "test_acc": 0.6833333333333333, "val_acc": 0.6497297297297298, "loss": 1.1419124603271484, "_timestamp": 1648802142, "_runtime": 22, "_step": 249, "_wandb": {"runtime": 22}}