{"train_acc": 1.0, "test_acc": 0.6309278350515464, "val_acc": 0.663013698630137, "loss": 0.08325918763875961, "_timestamp": 1648920500, "_runtime": 45, "_step": 99, "_wandb": {"runtime": 46}}