{"train_acc": 1.0, "test_acc": 0.7297510865270644, "val_acc": 0.7509234828496042, "loss": 0.13199588656425476, "_timestamp": 1648791007, "_runtime": 44, "_step": 599, "_wandb": {"runtime": 45}}