{"train_acc": 1.0, "test_acc": 0.6722921487836541, "val_acc": 0.6794805194805195, "loss": 0.10324733704328537, "_timestamp": 1648886479, "_runtime": 294, "_step": 599, "_wandb": {"runtime": 295}}