{"train_acc": 0.9933333333333333, "test_acc": 0.6416666666666667, "val_acc": 0.6275675675675676, "loss": 1.0953258275985718, "_timestamp": 1648866127, "_runtime": 21, "_step": 249, "_wandb": {"runtime": 22}}