{"train_acc": 1.0, "test_acc": 0.6041237113402061, "val_acc": 0.6098630136986302, "loss": 0.09074583649635315, "_timestamp": 1648866780, "_runtime": 20, "_step": 99, "_wandb": {"runtime": 21}}