{"train_acc": 1.0, "test_acc": 0.6978608116498278, "val_acc": 0.6987012987012987, "loss": 0.08944804221391678, "_timestamp": 1648811259, "_runtime": 60, "_step": 599, "_wandb": {"runtime": 61}}