{"train_acc": 0.9933333333333333, "test_acc": 0.6333333333333333, "val_acc": 0.6475675675675676, "loss": 1.0061841011047363, "_timestamp": 1648871039, "_runtime": 61, "_step": 249, "_wandb": {"runtime": 62}}