{"train_acc": 1.0, "test_acc": 0.6123711340206186, "val_acc": 0.589041095890411, "loss": 0.13342052698135376, "_timestamp": 1648863284, "_runtime": 16, "_step": 99, "_wandb": {"runtime": 17}}