{"train_acc": 1.0, "test_acc": 0.6993283287238246, "val_acc": 0.7137662337662337, "loss": 0.0835912674665451, "_timestamp": 1648861436, "_runtime": 38, "_step": 599, "_wandb": {"runtime": 38}}