{"train_acc": 1.0, "test_acc": 0.7785178077552634, "val_acc": 0.788051948051948, "loss": 0.0004612401535268873, "_timestamp": 1648804028, "_runtime": 37, "_step": 599, "_wandb": {"runtime": 38}}