{"train_acc": 1.0, "test_acc": 0.8848721218030451, "val_acc": 0.8942702702702703, "loss": 1.2689828872680664, "_timestamp": 1648818836, "_runtime": 86, "_step": 249, "_wandb": {"runtime": 86}}