{"train_acc": 0.9285714285714286, "test_acc": 0.8083333333333333, "val_acc": 0.7480446927374301, "loss": 1.326587200164795, "_timestamp": 1648786206, "_runtime": 461, "_step": 249, "_wandb": {"runtime": 461}}