{"train_acc": 1.0, "test_acc": 0.5175257731958763, "val_acc": 0.5430136986301369, "loss": 0.1389869600534439, "_timestamp": 1648912168, "_runtime": 14, "_step": 99, "_wandb": {"runtime": 15}}