{"train_acc": 1.0, "test_acc": 0.65, "val_acc": 0.6297297297297297, "loss": 1.0278483629226685, "_timestamp": 1648912333, "_runtime": 18, "_step": 249, "_wandb": {"runtime": 18}}