{"train_acc": 1.0, "test_acc": 0.5567010309278351, "val_acc": 0.5320547945205479, "loss": 0.1580425202846527, "_timestamp": 1648803164, "_runtime": 14, "_step": 99, "_wandb": {"runtime": 15}}