{"train_acc": 0.9933333333333333, "test_acc": 0.6333333333333333, "val_acc": 0.6091891891891892, "loss": 1.1827518939971924, "_timestamp": 1648908601, "_runtime": 18, "_step": 249, "_wandb": {"runtime": 19}}