{"train_acc": 1.0, "test_acc": 0.715527459502173, "val_acc": 0.6997361477572559, "loss": 0.12846145033836365, "_timestamp": 1648789594, "_runtime": 46, "_step": 599, "_wandb": {"runtime": 47}}