{"train_acc": 0.9933333333333333, "test_acc": 0.6083333333333333, "val_acc": 0.6043243243243244, "loss": 1.071238398551941, "_timestamp": 1648875085, "_runtime": 128, "_step": 249, "_wandb": {"runtime": 128}}