{"train_acc": 1.0, "test_acc": 0.5257731958762887, "val_acc": 0.570958904109589, "loss": 0.13307322561740875, "_timestamp": 1648915603, "_runtime": 27, "_step": 99, "_wandb": {"runtime": 27}}