{"train_acc": 1.0, "test_acc": 0.65, "val_acc": 0.6048648648648649, "loss": 1.12559974193573, "_timestamp": 1648873538, "_runtime": 126, "_step": 249, "_wandb": {"runtime": 127}}