{"train_acc": 0.98, "test_acc": 0.5083333333333333, "val_acc": 0.6005405405405405, "loss": 1.1103336811065674, "_timestamp": 1648912787, "_runtime": 20, "_step": 249, "_wandb": {"runtime": 21}}