{"train_acc": 1.0, "test_acc": 0.5731958762886598, "val_acc": 0.5583561643835616, "loss": 0.11544399708509445, "_timestamp": 1648719054, "_runtime": 43, "_step": 99, "_wandb": {"runtime": 44}}