{"train_acc": 1.0, "test_acc": 0.8922973074326859, "val_acc": 0.8957837837837838, "loss": 1.3177534341812134, "_timestamp": 1648804003, "_runtime": 29, "_step": 249, "_wandb": {"runtime": 30}}