{"train_acc": 0.9942857142857143, "test_acc": 0.6597938144329897, "val_acc": 0.6876712328767123, "loss": 0.19312474131584167, "_timestamp": 1648812032, "_runtime": 39, "_step": 99, "_wandb": {"runtime": 40}}