{"train_acc": 0.9933333333333333, "test_acc": 0.5833333333333334, "val_acc": 0.6124324324324324, "loss": 1.0440117120742798, "_timestamp": 1648870751, "_runtime": 64, "_step": 249, "_wandb": {"runtime": 65}}