{"train_acc": 1.0, "test_acc": 0.5649484536082474, "val_acc": 0.5473972602739726, "loss": 0.12685686349868774, "_timestamp": 1648865880, "_runtime": 19, "_step": 99, "_wandb": {"runtime": 19}}