{"train_acc": 1.0, "test_acc": 0.7896907216494845, "val_acc": 0.7720547945205479, "loss": 0.03071502596139908, "_timestamp": 1648802200, "_runtime": 14, "_step": 99, "_wandb": {"runtime": 15}}