{"train_acc": 1.0, "test_acc": 0.6061855670103092, "val_acc": 0.6345205479452055, "loss": 0.12757420539855957, "_timestamp": 1648868275, "_runtime": 20, "_step": 99, "_wandb": {"runtime": 21}}