{"train_acc": 1.0, "test_acc": 0.6416666666666667, "val_acc": 0.6248648648648648, "loss": 1.1061214208602905, "_timestamp": 1648916190, "_runtime": 32, "_step": 249, "_wandb": {"runtime": 33}}