{"train_acc": 1.0, "test_acc": 0.7190833662583959, "val_acc": 0.7174025974025974, "loss": 0.1008898913860321, "_timestamp": 1648864407, "_runtime": 39, "_step": 599, "_wandb": {"runtime": 39}}