{"train_acc": 1.0, "test_acc": 0.5402061855670103, "val_acc": 0.5413698630136986, "loss": 0.11201366037130356, "_timestamp": 1648911132, "_runtime": 15, "_step": 99, "_wandb": {"runtime": 16}}