{"train_acc": 1.0, "test_acc": 0.5938144329896907, "val_acc": 0.5764383561643835, "loss": 0.16313506662845612, "_timestamp": 1648919715, "_runtime": 45, "_step": 99, "_wandb": {"runtime": 46}}