{"train_acc": 1.0, "test_acc": 0.49072164948453606, "val_acc": 0.5616438356164384, "loss": 0.11001045256853104, "_timestamp": 1648867597, "_runtime": 23, "_step": 99, "_wandb": {"runtime": 24}}