{"train_acc": 1.0, "test_acc": 0.5814432989690722, "val_acc": 0.5786301369863014, "loss": 0.1566789299249649, "_timestamp": 1648720972, "_runtime": 16, "_step": 99, "_wandb": {"runtime": 17}}