{"train_acc": 0.9942857142857143, "test_acc": 0.6, "val_acc": 0.6443835616438356, "loss": 0.12429609894752502, "_timestamp": 1648863529, "_runtime": 16, "_step": 99, "_wandb": {"runtime": 18}}