{"train_acc": 1.0, "test_acc": 0.6309278350515464, "val_acc": 0.5726027397260274, "loss": 0.1444922685623169, "_timestamp": 1648802043, "_runtime": 16, "_step": 99, "_wandb": {"runtime": 16}}