{"train_acc": 0.952, "test_acc": 0.8602715067876697, "val_acc": 0.8544864864864865, "loss": 1.4240254163742065, "_timestamp": 1648807138, "_runtime": 29, "_step": 249, "_wandb": {"runtime": 30}}