{"train_acc": 1.0, "test_acc": 0.5896907216494846, "val_acc": 0.5802739726027397, "loss": 0.11487431079149246, "_timestamp": 1648803578, "_runtime": 15, "_step": 99, "_wandb": {"runtime": 16}}