{"train_acc": 1.0, "test_acc": 0.8901972549313732, "val_acc": 0.8962162162162162, "loss": 1.2009055614471436, "_timestamp": 1648869964, "_runtime": 54, "_step": 249, "_wandb": {"runtime": 55}}