{"train_acc": 1.0, "test_acc": 0.7075125585595755, "val_acc": 0.6976623376623377, "loss": 0.07694769650697708, "_timestamp": 1648814441, "_runtime": 56, "_step": 599, "_wandb": {"runtime": 56}}