{"train_acc": 1.0, "test_acc": 0.5154639175257731, "val_acc": 0.5484931506849315, "loss": 0.1245976984500885, "_timestamp": 1648908980, "_runtime": 14, "_step": 99, "_wandb": {"runtime": 15}}