{"train_acc": 1.0, "test_acc": 0.5876288659793815, "val_acc": 0.5512328767123288, "loss": 0.11332997679710388, "_timestamp": 1648720833, "_runtime": 76, "_step": 99, "_wandb": {"runtime": 77}}