{"train_acc": 1.0, "test_acc": 0.7307106169216008, "val_acc": 0.7231168831168832, "loss": 0.13347165286540985, "_timestamp": 1648890579, "_runtime": 293, "_step": 599, "_wandb": {"runtime": 294}}