{"train_acc": 0.5257142857142857, "test_acc": 0.177319587628866, "val_acc": 0.16, "loss": 752.1871337890625, "_timestamp": 1648802484, "_runtime": 16, "_step": 99, "_wandb": {"runtime": 17}}