{"train_acc": 1.0, "test_acc": 0.8790969774244356, "val_acc": 0.8823783783783784, "loss": 1.2844651937484741, "_timestamp": 1648815787, "_runtime": 58, "_step": 249, "_wandb": {"runtime": 59}}