{"train_acc": 1.0, "test_acc": 0.8820970524263106, "val_acc": 0.8854054054054054, "loss": 1.3090351819992065, "_timestamp": 1648869583, "_runtime": 37, "_step": 249, "_wandb": {"runtime": 38}}