{"train_acc": 1.0, "test_acc": 0.5833333333333334, "val_acc": 0.6535135135135135, "loss": 1.117651104927063, "_timestamp": 1648724251, "_runtime": 61, "_step": 249, "_wandb": {"runtime": 62}}