{"train_acc": 1.0, "test_acc": 0.6, "val_acc": 0.6367567567567568, "loss": 1.1255290508270264, "_timestamp": 1648915052, "_runtime": 35, "_step": 249, "_wandb": {"runtime": 35}}