{"train_acc": 1.0, "test_acc": 0.7100427510687767, "val_acc": 0.7048648648648649, "loss": 1.8249064683914185, "_timestamp": 1648805292, "_runtime": 38, "_step": 249, "_wandb": {"runtime": 39}}