{"train_acc": 1.0, "test_acc": 0.5670103092783505, "val_acc": 0.5791780821917808, "loss": 0.1403050571680069, "_timestamp": 1648907977, "_runtime": 12, "_step": 99, "_wandb": {"runtime": 14}}