{"train_acc": 0.3333333333333333, "test_acc": 0.20917762600891798, "val_acc": 0.19324675324675325, "loss": NaN, "_timestamp": 1648833183, "_runtime": 156, "_step": 599, "_wandb": {"runtime": 156}}