{"train_acc": 1.0, "test_acc": 0.8822470561764044, "val_acc": 0.8908108108108108, "loss": 1.228000521659851, "_timestamp": 1648863543, "_runtime": 27, "_step": 249, "_wandb": {"runtime": 28}}