{"train_acc": 1.0, "test_acc": 0.8817970449261232, "val_acc": 0.888, "loss": 1.3304316997528076, "_timestamp": 1648801544, "_runtime": 28, "_step": 249, "_wandb": {"runtime": 29}}