{"train_acc": 1.0, "test_acc": 0.7246147767680758, "val_acc": 0.7433766233766234, "loss": 0.024482017382979393, "_timestamp": 1648804402, "_runtime": 42, "_step": 599, "_wandb": {"runtime": 43}}