{"train_acc": 1.0, "test_acc": 0.88187204680117, "val_acc": 0.8823783783783784, "loss": 1.2477253675460815, "_timestamp": 1648808340, "_runtime": 39, "_step": 249, "_wandb": {"runtime": 40}}