{"train_acc": 0.9933333333333333, "test_acc": 0.7166666666666667, "val_acc": 0.6108108108108108, "loss": 1.0667182207107544, "_timestamp": 1648801889, "_runtime": 23, "_step": 249, "_wandb": {"runtime": 23}}