{"train_acc": 1.0, "test_acc": 0.6840322853756279, "val_acc": 0.6758441558441558, "loss": 0.09851744771003723, "_timestamp": 1648802596, "_runtime": 35, "_step": 599, "_wandb": {"runtime": 35}}