{"train_acc": 0.9866666666666667, "test_acc": 0.7083333333333334, "val_acc": 0.6664864864864865, "loss": 1.019489049911499, "_timestamp": 1648725222, "_runtime": 30, "_step": 249, "_wandb": {"runtime": 30}}