{"train_acc": 1.0, "test_acc": 0.5628865979381443, "val_acc": 0.5495890410958905, "loss": 0.16133347153663635, "_timestamp": 1648909576, "_runtime": 15, "_step": 99, "_wandb": {"runtime": 15}}