{"train_acc": 1.0, "test_acc": 0.7958762886597938, "val_acc": 0.7895890410958905, "loss": 0.03862455487251282, "_timestamp": 1648801689, "_runtime": 14, "_step": 99, "_wandb": {"runtime": 15}}