{"train_acc": 1.0, "test_acc": 0.6995541005813626, "val_acc": 0.691948051948052, "loss": 0.1375894695520401, "_timestamp": 1648885557, "_runtime": 292, "_step": 599, "_wandb": {"runtime": 294}}