{"train_acc": 1.0, "test_acc": 0.5402061855670103, "val_acc": 0.5353424657534247, "loss": 0.11029038578271866, "_timestamp": 1648860720, "_runtime": 17, "_step": 99, "_wandb": {"runtime": 17}}