{"train_acc": 1.0, "test_acc": 0.5896907216494846, "val_acc": 0.5802739726027397, "loss": 0.13342688977718353, "_timestamp": 1648805600, "_runtime": 14, "_step": 99, "_wandb": {"runtime": 15}}