{"train_acc": 1.0, "test_acc": 0.5587628865979382, "val_acc": 0.5506849315068493, "loss": 0.14253149926662445, "_timestamp": 1648804265, "_runtime": 20, "_step": 99, "_wandb": {"runtime": 21}}