{"train_acc": 1.0, "test_acc": 0.872796819920498, "val_acc": 0.8791351351351351, "loss": 1.310168743133545, "_timestamp": 1648720570, "_runtime": 96, "_step": 249, "_wandb": {"runtime": 96}}