{"train_acc": 0.9866666666666667, "test_acc": 0.625, "val_acc": 0.6172972972972973, "loss": 1.0843149423599243, "_timestamp": 1648802495, "_runtime": 21, "_step": 249, "_wandb": {"runtime": 22}}