{"train_acc": 0.9828571428571429, "test_acc": 0.5896907216494846, "val_acc": 0.5824657534246576, "loss": 0.3200555443763733, "_timestamp": 1648806502, "_runtime": 16, "_step": 99, "_wandb": {"runtime": 17}}