{"train_acc": 1.0, "test_acc": 0.5298969072164949, "val_acc": 0.5627397260273973, "loss": 0.1700572967529297, "_timestamp": 1648722197, "_runtime": 16, "_step": 99, "_wandb": {"runtime": 16}}