{"train_acc": 0.9866666666666667, "test_acc": 0.65, "val_acc": 0.6286486486486487, "loss": 1.1247570514678955, "_timestamp": 1648913582, "_runtime": 21, "_step": 249, "_wandb": {"runtime": 22}}