{"train_acc": 1.0, "test_acc": 0.8760219005475137, "val_acc": 0.8784864864864865, "loss": 1.2687830924987793, "_timestamp": 1648868321, "_runtime": 43, "_step": 249, "_wandb": {"runtime": 43}}