{"train_acc": 1.0, "test_acc": 0.51340206185567, "val_acc": 0.5534246575342465, "loss": 0.15053783357143402, "_timestamp": 1648906907, "_runtime": 13, "_step": 99, "_wandb": {"runtime": 14}}