{"train_acc": 1.0, "test_acc": 0.5298969072164949, "val_acc": 0.5205479452054794, "loss": 0.2078491896390915, "_timestamp": 1648865966, "_runtime": 16, "_step": 99, "_wandb": {"runtime": 17}}