{"train_acc": 1.0, "test_acc": 0.5567010309278351, "val_acc": 0.5424657534246575, "loss": 0.13067683577537537, "_timestamp": 1648811679, "_runtime": 42, "_step": 99, "_wandb": {"runtime": 43}}