{"train_acc": 1.0, "test_acc": 0.5835051546391753, "val_acc": 0.6235616438356164, "loss": 0.11336279660463333, "_timestamp": 1648807233, "_runtime": 22, "_step": 99, "_wandb": {"runtime": 22}}