{"train_acc": 1.0, "test_acc": 0.6333333333333333, "val_acc": 0.6054054054054054, "loss": 1.2025905847549438, "_timestamp": 1648915907, "_runtime": 36, "_step": 249, "_wandb": {"runtime": 37}}