{"train_acc": 1.0, "test_acc": 0.6618556701030928, "val_acc": 0.673972602739726, "loss": 0.08705019950866699, "_timestamp": 1648911905, "_runtime": 16, "_step": 99, "_wandb": {"runtime": 17}}