{"train_acc": 1.0, "test_acc": 0.6927245018908393, "val_acc": 0.695064935064935, "loss": 0.11750312894582748, "_timestamp": 1648870699, "_runtime": 58, "_step": 599, "_wandb": {"runtime": 59}}