{"train_acc": 1.0, "test_acc": 0.8868221705542638, "val_acc": 0.8916756756756756, "loss": 1.2011903524398804, "_timestamp": 1648811312, "_runtime": 41, "_step": 249, "_wandb": {"runtime": 41}}