{"train_acc": 1.0, "test_acc": 0.7215668566913134, "val_acc": 0.7293506493506493, "loss": 0.10102328658103943, "_timestamp": 1648868180, "_runtime": 47, "_step": 599, "_wandb": {"runtime": 48}}