{"train_acc": 1.0, "test_acc": 0.6728001354631146, "val_acc": 0.6732467532467532, "loss": 0.10329250246286392, "_timestamp": 1648816105, "_runtime": 60, "_step": 599, "_wandb": {"runtime": 61}}