{"train_acc": 1.0, "test_acc": 0.5876288659793815, "val_acc": 0.5884931506849315, "loss": 0.09599612653255463, "_timestamp": 1648810545, "_runtime": 25, "_step": 99, "_wandb": {"runtime": 27}}