{"train_acc": 1.0, "test_acc": 0.901297532438311, "val_acc": 0.8994594594594595, "loss": 1.3618181943893433, "_timestamp": 1648811156, "_runtime": 39, "_step": 249, "_wandb": {"runtime": 40}}