{"train_acc": 1.0, "test_acc": 0.8737718442961074, "val_acc": 0.8793513513513513, "loss": 1.2452268600463867, "_timestamp": 1648722263, "_runtime": 61, "_step": 249, "_wandb": {"runtime": 62}}