{"train_acc": 0.9933333333333333, "test_acc": 0.6416666666666667, "val_acc": 0.6394594594594595, "loss": 1.031659722328186, "_timestamp": 1648862023, "_runtime": 17, "_step": 249, "_wandb": {"runtime": 18}}