{"train_acc": 1.0, "test_acc": 0.898897472436811, "val_acc": 0.8957837837837838, "loss": 1.3123961687088013, "_timestamp": 1648819969, "_runtime": 99, "_step": 249, "_wandb": {"runtime": 99}}