{"train_acc": 1.0, "test_acc": 0.8697967449186229, "val_acc": 0.8741621621621621, "loss": 1.2783827781677246, "_timestamp": 1648819755, "_runtime": 78, "_step": 249, "_wandb": {"runtime": 80}}