{"train_acc": 1.0, "test_acc": 0.5666666666666667, "val_acc": 0.6427027027027027, "loss": 1.062471866607666, "_timestamp": 1648911722, "_runtime": 20, "_step": 249, "_wandb": {"runtime": 21}}