{"train_acc": 1.0, "test_acc": 0.625, "val_acc": 0.6432432432432432, "loss": 1.0571078062057495, "_timestamp": 1648914264, "_runtime": 21, "_step": 249, "_wandb": {"runtime": 22}}