{"train_acc": 1.0, "test_acc": 0.6970141671840605, "val_acc": 0.6898701298701299, "loss": 0.10047077387571335, "_timestamp": 1648814262, "_runtime": 71, "_step": 599, "_wandb": {"runtime": 72}}