{"train_acc": 1.0, "test_acc": 0.5752577319587628, "val_acc": 0.6071232876712329, "loss": 0.10764303058385849, "_timestamp": 1648868530, "_runtime": 22, "_step": 99, "_wandb": {"runtime": 23}}