{"train_acc": 1.0, "test_acc": 0.8817220430510763, "val_acc": 0.8812972972972973, "loss": 1.2898465394973755, "_timestamp": 1648724973, "_runtime": 31, "_step": 249, "_wandb": {"runtime": 31}}