{"train_acc": 1.0, "test_acc": 0.718857594400858, "val_acc": 0.7288311688311688, "loss": 0.10542665421962738, "_timestamp": 1648815069, "_runtime": 63, "_step": 599, "_wandb": {"runtime": 64}}