{"train_acc": 0.9933333333333333, "test_acc": 0.6, "val_acc": 0.6291891891891892, "loss": 0.9971275925636292, "_timestamp": 1648808597, "_runtime": 28, "_step": 249, "_wandb": {"runtime": 28}}