{"train_acc": 0.49333333333333335, "test_acc": 0.36648416774849013, "val_acc": 0.37402597402597404, "loss": 1.060418725013733, "_timestamp": 1648803599, "_runtime": 42, "_step": 599, "_wandb": {"runtime": 43}}