{"train_acc": 1.0, "test_acc": 0.6, "val_acc": 0.6243243243243243, "loss": 1.147093653678894, "_timestamp": 1648803637, "_runtime": 23, "_step": 249, "_wandb": {"runtime": 24}}