{"train_acc": 1.0, "test_acc": 0.675, "val_acc": 0.6281081081081081, "loss": 1.1015011072158813, "_timestamp": 1648861286, "_runtime": 17, "_step": 249, "_wandb": {"runtime": 18}}