{"train_acc": 0.9933333333333333, "test_acc": 0.6416666666666667, "val_acc": 0.6356756756756756, "loss": 1.1518962383270264, "_timestamp": 1648912059, "_runtime": 20, "_step": 249, "_wandb": {"runtime": 21}}