{"train_acc": 1.0, "test_acc": 0.625, "val_acc": 0.605945945945946, "loss": 1.0947761535644531, "_timestamp": 1648721607, "_runtime": 86, "_step": 249, "_wandb": {"runtime": 87}}