{"train_acc": 1.0, "test_acc": 0.6, "val_acc": 0.5902702702702702, "loss": 1.1819674968719482, "_timestamp": 1648919625, "_runtime": 51, "_step": 249, "_wandb": {"runtime": 53}}