{"train_acc": 0.9866666666666667, "test_acc": 0.675, "val_acc": 0.6518918918918919, "loss": 1.1456727981567383, "_timestamp": 1648817275, "_runtime": 70, "_step": 249, "_wandb": {"runtime": 71}}