{"train_acc": 1.0, "test_acc": 0.8844971124278107, "val_acc": 0.8903783783783784, "loss": 1.3156545162200928, "_timestamp": 1648861571, "_runtime": 30, "_step": 249, "_wandb": {"runtime": 31}}