{"train_acc": 1.0, "test_acc": 0.7510300841000169, "val_acc": 0.7496103896103896, "loss": 0.16062140464782715, "_timestamp": 1648837641, "_runtime": 295, "_step": 599, "_wandb": {"runtime": 296}}