{"train_acc": 1.0, "test_acc": 0.6907216494845361, "val_acc": 0.7024657534246576, "loss": 0.05845307931303978, "_timestamp": 1648916605, "_runtime": 31, "_step": 99, "_wandb": {"runtime": 31}}