{"train_acc": 1.0, "test_acc": 0.883147078676967, "val_acc": 0.8936216216216216, "loss": 1.2737168073654175, "_timestamp": 1648861926, "_runtime": 26, "_step": 249, "_wandb": {"runtime": 27}}