{"train_acc": 0.9828571428571429, "test_acc": 0.7690721649484537, "val_acc": 0.7517808219178083, "loss": 0.18065105378627777, "_timestamp": 1648914479, "_runtime": 21, "_step": 99, "_wandb": {"runtime": 22}}