{"train_acc": 1.0, "test_acc": 0.675, "val_acc": 0.6324324324324324, "loss": 1.0947611331939697, "_timestamp": 1648864670, "_runtime": 18, "_step": 249, "_wandb": {"runtime": 19}}