{"train_acc": 1.0, "test_acc": 0.5731958762886598, "val_acc": 0.5698630136986301, "loss": 0.18308360874652863, "_timestamp": 1648911546, "_runtime": 13, "_step": 99, "_wandb": {"runtime": 14}}