{"train_acc": 0.14285714285714285, "test_acc": 0.12577319587628866, "val_acc": 0.14136986301369864, "loss": NaN, "_timestamp": 1648808762, "_runtime": 17, "_step": 99, "_wandb": {"runtime": 18}}