{"train_acc": 0.98, "test_acc": 0.6666666666666666, "val_acc": 0.6459459459459459, "loss": 1.1300780773162842, "_timestamp": 1648823120, "_runtime": 119, "_step": 249, "_wandb": {"runtime": 119}}