{"train_acc": 1.0, "test_acc": 0.5896907216494846, "val_acc": 0.6147945205479453, "loss": 0.12186121195554733, "_timestamp": 1648718663, "_runtime": 30, "_step": 99, "_wandb": {"runtime": 31}}