{"train_acc": 1.0, "test_acc": 0.5505154639175258, "val_acc": 0.5386301369863014, "loss": 0.1372506022453308, "_timestamp": 1648807376, "_runtime": 15, "_step": 99, "_wandb": {"runtime": 16}}