{"train_acc": 0.3333333333333333, "test_acc": 0.2074278941129988, "val_acc": 0.20935064935064934, "loss": NaN, "_timestamp": 1648821761, "_runtime": 137, "_step": 599, "_wandb": {"runtime": 137}}