{"train_acc": 1.0, "test_acc": 0.6416666666666667, "val_acc": 0.6437837837837838, "loss": 1.0758477449417114, "_timestamp": 1648718668, "_runtime": 176, "_step": 249, "_wandb": {"runtime": 177}}