{"train_acc": 0.38, "test_acc": 0.30833333333333335, "val_acc": 0.2454054054054054, "loss": 1086.6119384765625, "_timestamp": 1648910851, "_runtime": 20, "_step": 249, "_wandb": {"runtime": 20}}