{"train_acc": 1.0, "test_acc": 0.901822545563639, "val_acc": 0.9139459459459459, "loss": 1.340212345123291, "_timestamp": 1648726224, "_runtime": 36, "_step": 249, "_wandb": {"runtime": 37}}