{"train_acc": 0.3333333333333333, "test_acc": 0.20675057854038495, "val_acc": 0.21558441558441557, "loss": NaN, "_timestamp": 1648822988, "_runtime": 113, "_step": 599, "_wandb": {"runtime": 113}}