{"train_acc": 1.0, "test_acc": 0.8878721968049201, "val_acc": 0.8862702702702703, "loss": 1.2885421514511108, "_timestamp": 1648814867, "_runtime": 52, "_step": 249, "_wandb": {"runtime": 53}}