{"train_acc": 1.0, "test_acc": 0.5711340206185567, "val_acc": 0.5693150684931507, "loss": 0.09265846014022827, "_timestamp": 1648802254, "_runtime": 14, "_step": 99, "_wandb": {"runtime": 15}}