{"train_acc": 0.9866666666666667, "test_acc": 0.6, "val_acc": 0.6248648648648648, "loss": 1.0746371746063232, "_timestamp": 1648860667, "_runtime": 18, "_step": 249, "_wandb": {"runtime": 19}}