{"train_acc": 0.9933333333333333, "test_acc": 0.55, "val_acc": 0.6194594594594595, "loss": 1.0361484289169312, "_timestamp": 1648865814, "_runtime": 25, "_step": 249, "_wandb": {"runtime": 26}}