{"train_acc": 1.0, "test_acc": 0.5402061855670103, "val_acc": 0.5260273972602739, "loss": 0.11712677776813507, "_timestamp": 1648862705, "_runtime": 14, "_step": 99, "_wandb": {"runtime": 15}}