{"train_acc": 0.9933333333333333, "test_acc": 0.6083333333333333, "val_acc": 0.6221621621621621, "loss": 1.074381709098816, "_timestamp": 1648867390, "_runtime": 23, "_step": 249, "_wandb": {"runtime": 24}}