{"train_acc": 1.0, "test_acc": 0.7309363887791387, "val_acc": 0.7350923482849604, "loss": 0.11128183454275131, "_timestamp": 1648794496, "_runtime": 280, "_step": 599, "_wandb": {"runtime": 281}}