{"train_acc": 0.9933333333333333, "test_acc": 0.7166666666666667, "val_acc": 0.6237837837837837, "loss": 1.041132926940918, "_timestamp": 1648925693, "_runtime": 89, "_step": 249, "_wandb": {"runtime": 89}}