{"train_acc": 1.0, "test_acc": 0.6333333333333333, "val_acc": 0.5659459459459459, "loss": 1.0587862730026245, "_timestamp": 1648870339, "_runtime": 67, "_step": 249, "_wandb": {"runtime": 68}}