{"train_acc": 0.9933333333333333, "test_acc": 0.6583333333333333, "val_acc": 0.6335135135135135, "loss": 1.1048165559768677, "_timestamp": 1648918495, "_runtime": 54, "_step": 249, "_wandb": {"runtime": 55}}