{"train_acc": 1.0, "test_acc": 0.575, "val_acc": 0.6281081081081081, "loss": 1.0813051462173462, "_timestamp": 1648919030, "_runtime": 56, "_step": 249, "_wandb": {"runtime": 56}}