{"train_acc": 1.0, "test_acc": 0.7256307501269966, "val_acc": 0.7355844155844156, "loss": 0.08700580149888992, "_timestamp": 1648873221, "_runtime": 102, "_step": 599, "_wandb": {"runtime": 102}}