{"train_acc": 1.0, "test_acc": 0.7379917593271998, "val_acc": 0.7454545454545455, "loss": 0.08840727806091309, "_timestamp": 1648803278, "_runtime": 75, "_step": 599, "_wandb": {"runtime": 76}}