{"train_acc": 1.0, "test_acc": 0.6583333333333333, "val_acc": 0.632972972972973, "loss": 1.0156580209732056, "_timestamp": 1648909843, "_runtime": 17, "_step": 249, "_wandb": {"runtime": 18}}