{"train_acc": 0.16666666666666666, "test_acc": 0.075, "val_acc": 0.049189189189189186, "loss": NaN, "_timestamp": 1648923549, "_runtime": 91, "_step": 249, "_wandb": {"runtime": 92}}