{"train_acc": 1.0, "test_acc": 0.5793814432989691, "val_acc": 0.5654794520547946, "loss": 0.11174040287733078, "_timestamp": 1648869235, "_runtime": 37, "_step": 99, "_wandb": {"runtime": 39}}