{"train_acc": 1.0, "test_acc": 0.554639175257732, "val_acc": 0.5824657534246576, "loss": 0.13646535575389862, "_timestamp": 1648909006, "_runtime": 14, "_step": 99, "_wandb": {"runtime": 16}}