{"train_acc": 0.9866666666666667, "test_acc": 0.625, "val_acc": 0.6372972972972973, "loss": 1.0524003505706787, "_timestamp": 1648717702, "_runtime": 24, "_step": 249, "_wandb": {"runtime": 25}}