{"train_acc": 1.0, "test_acc": 0.5855670103092784, "val_acc": 0.5501369863013699, "loss": 0.13470149040222168, "_timestamp": 1648802614, "_runtime": 15, "_step": 99, "_wandb": {"runtime": 16}}