{"train_acc": 1.0, "test_acc": 0.8790219755493888, "val_acc": 0.8836756756756756, "loss": 1.2353119850158691, "_timestamp": 1648718529, "_runtime": 62, "_step": 249, "_wandb": {"runtime": 62}}