{"train_acc": 1.0, "test_acc": 0.8895222380559514, "val_acc": 0.8962162162162162, "loss": 1.2865451574325562, "_timestamp": 1648723921, "_runtime": 31, "_step": 249, "_wandb": {"runtime": 32}}