{"train_acc": 1.0, "test_acc": 0.5278350515463918, "val_acc": 0.5638356164383561, "loss": 0.15250225365161896, "_timestamp": 1648865387, "_runtime": 15, "_step": 99, "_wandb": {"runtime": 17}}