{"train_acc": 1.0, "test_acc": 0.913372834320858, "val_acc": 0.9139459459459459, "loss": 1.3117836713790894, "_timestamp": 1648812138, "_runtime": 33, "_step": 249, "_wandb": {"runtime": 34}}