{"train_acc": 1.0, "test_acc": 0.8890722268056701, "val_acc": 0.8908108108108108, "loss": 1.2727761268615723, "_timestamp": 1648724044, "_runtime": 61, "_step": 249, "_wandb": {"runtime": 62}}