{"train_acc": 1.0, "test_acc": 0.7198171247953943, "val_acc": 0.734025974025974, "loss": 0.07364145666360855, "_timestamp": 1648861919, "_runtime": 36, "_step": 599, "_wandb": {"runtime": 36}}