{"train_acc": 1.0, "test_acc": 0.8783469586739668, "val_acc": 0.8841081081081081, "loss": 1.25390625, "_timestamp": 1648877987, "_runtime": 135, "_step": 249, "_wandb": {"runtime": 136}}