{"train_acc": 1.0, "test_acc": 0.6740983236439578, "val_acc": 0.6716883116883117, "loss": 0.09725505858659744, "_timestamp": 1648870224, "_runtime": 63, "_step": 599, "_wandb": {"runtime": 63}}