{"train_acc": 1.0, "test_acc": 0.6952079923237569, "val_acc": 0.6846753246753247, "loss": 0.08872129023075104, "_timestamp": 1648813842, "_runtime": 62, "_step": 599, "_wandb": {"runtime": 63}}