{"train_acc": 1.0, "test_acc": 0.7731958762886598, "val_acc": 0.776986301369863, "loss": 0.013332339935004711, "_timestamp": 1648803383, "_runtime": 19, "_step": 99, "_wandb": {"runtime": 19}}