{"train_acc": 1.0, "test_acc": 0.5237113402061856, "val_acc": 0.5676712328767123, "loss": 0.11748236417770386, "_timestamp": 1648860912, "_runtime": 13, "_step": 99, "_wandb": {"runtime": 14}}