{"train_acc": 1.0, "test_acc": 0.5752577319587628, "val_acc": 0.5605479452054795, "loss": 0.1414513885974884, "_timestamp": 1648806177, "_runtime": 16, "_step": 99, "_wandb": {"runtime": 17}}