{"train_acc": 0.98, "test_acc": 0.725, "val_acc": 0.7048648648648649, "loss": 0.6592411994934082, "_timestamp": 1648912668, "_runtime": 16, "_step": 249, "_wandb": {"runtime": 17}}