{"train_acc": 1.0, "test_acc": 0.7601738443303042, "val_acc": 0.7553246753246753, "loss": 0.09306838363409042, "_timestamp": 1648805355, "_runtime": 45, "_step": 599, "_wandb": {"runtime": 45}}