{"train_acc": 1.0, "test_acc": 0.886147153678842, "val_acc": 0.8877837837837838, "loss": 1.285550832748413, "_timestamp": 1648869131, "_runtime": 33, "_step": 249, "_wandb": {"runtime": 34}}