{"train_acc": 1.0, "test_acc": 0.8668716717917948, "val_acc": 0.8745945945945945, "loss": 1.2238116264343262, "_timestamp": 1648807511, "_runtime": 38, "_step": 249, "_wandb": {"runtime": 39}}