{"train_acc": 1.0, "test_acc": 0.7116328949596433, "val_acc": 0.7090909090909091, "loss": 0.00961238145828247, "_timestamp": 1648809650, "_runtime": 56, "_step": 599, "_wandb": {"runtime": 57}}