{"train_acc": 0.9933333333333333, "test_acc": 0.7166666666666667, "val_acc": 0.6924324324324325, "loss": 1.0460892915725708, "_timestamp": 1648809789, "_runtime": 30, "_step": 249, "_wandb": {"runtime": 31}}