{"train_acc": 1.0, "test_acc": 0.734020618556701, "val_acc": 0.7616438356164383, "loss": 0.13012175261974335, "_timestamp": 1648916244, "_runtime": 30, "_step": 99, "_wandb": {"runtime": 31}}