{"train_acc": 1.0, "test_acc": 0.7808884122594119, "val_acc": 0.7932467532467532, "loss": 0.01184337679296732, "_timestamp": 1648834209, "_runtime": 157, "_step": 599, "_wandb": {"runtime": 158}}