{"train_acc": 1.0, "test_acc": 0.880072001800045, "val_acc": 0.8782702702702703, "loss": 1.4208018779754639, "_timestamp": 1648820577, "_runtime": 97, "_step": 249, "_wandb": {"runtime": 98}}