{"train_acc": 1.0, "test_acc": 0.7215104137269289, "val_acc": 0.7246753246753247, "loss": 0.11779029667377472, "_timestamp": 1648864510, "_runtime": 40, "_step": 599, "_wandb": {"runtime": 40}}