{"train_acc": 1.0, "test_acc": 0.7161483321104024, "val_acc": 0.7158441558441558, "loss": 0.10652410984039307, "_timestamp": 1648883877, "_runtime": 294, "_step": 599, "_wandb": {"runtime": 295}}