{"train_acc": 1.0, "test_acc": 0.5628865979381443, "val_acc": 0.5764383561643835, "loss": 0.13765908777713776, "_timestamp": 1648812770, "_runtime": 36, "_step": 99, "_wandb": {"runtime": 36}}