{"train_acc": 0.9933333333333333, "test_acc": 0.6583333333333333, "val_acc": 0.6308108108108108, "loss": 1.184023141860962, "_timestamp": 1648720692, "_runtime": 170, "_step": 249, "_wandb": {"runtime": 170}}