{"train_acc": 0.9485714285714286, "test_acc": 0.7443298969072165, "val_acc": 0.7534246575342466, "loss": 0.5173178315162659, "_timestamp": 1648813543, "_runtime": 36, "_step": 99, "_wandb": {"runtime": 36}}