{"train_acc": 1.0, "test_acc": 0.7, "val_acc": 0.6437837837837838, "loss": 1.0119990110397339, "_timestamp": 1648871560, "_runtime": 57, "_step": 249, "_wandb": {"runtime": 58}}