{"train_acc": 1.0, "test_acc": 0.6350515463917525, "val_acc": 0.6065753424657534, "loss": 0.16165979206562042, "_timestamp": 1648805379, "_runtime": 15, "_step": 99, "_wandb": {"runtime": 17}}