{"train_acc": 1.0, "test_acc": 0.5917525773195876, "val_acc": 0.5736986301369863, "loss": 0.16070936620235443, "_timestamp": 1648912660, "_runtime": 13, "_step": 99, "_wandb": {"runtime": 14}}