{"train_acc": 1.0, "test_acc": 0.7546391752577319, "val_acc": 0.68, "loss": 0.14309300482273102, "_timestamp": 1648912244, "_runtime": 16, "_step": 99, "_wandb": {"runtime": 17}}