{"train_acc": 0.3333333333333333, "test_acc": 0.20974205565276288, "val_acc": 0.18805194805194805, "loss": NaN, "_timestamp": 1648831468, "_runtime": 155, "_step": 599, "_wandb": {"runtime": 156}}