{"train_acc": 1.0, "test_acc": 0.5649484536082474, "val_acc": 0.5704109589041096, "loss": 0.12253181636333466, "_timestamp": 1648860963, "_runtime": 13, "_step": 99, "_wandb": {"runtime": 14}}