{"train_acc": 1.0, "test_acc": 0.6577319587628866, "val_acc": 0.684931506849315, "loss": 0.06634706258773804, "_timestamp": 1648802174, "_runtime": 15, "_step": 99, "_wandb": {"runtime": 16}}