{"train_acc": 1.0, "test_acc": 0.7407574645820398, "val_acc": 0.741424802110818, "loss": 0.12276055663824081, "_timestamp": 1648791206, "_runtime": 57, "_step": 599, "_wandb": {"runtime": 58}}