{"train_acc": 0.9933333333333333, "test_acc": 0.6166666666666667, "val_acc": 0.6454054054054054, "loss": 1.1241774559020996, "_timestamp": 1648807478, "_runtime": 21, "_step": 249, "_wandb": {"runtime": 21}}