{"train_acc": 1.0, "test_acc": 0.8851721293032326, "val_acc": 0.8832432432432432, "loss": 1.2671122550964355, "_timestamp": 1648802397, "_runtime": 36, "_step": 249, "_wandb": {"runtime": 36}}