{"train_acc": 1.0, "test_acc": 0.885547138678467, "val_acc": 0.8901621621621622, "loss": 1.280275583267212, "_timestamp": 1648869035, "_runtime": 33, "_step": 249, "_wandb": {"runtime": 33}}