{"train_acc": 1.0, "test_acc": 0.8908722718067952, "val_acc": 0.8975135135135135, "loss": 1.2537007331848145, "_timestamp": 1648873798, "_runtime": 84, "_step": 249, "_wandb": {"runtime": 85}}