{"train_acc": 1.0, "test_acc": 0.5525773195876289, "val_acc": 0.5736986301369863, "loss": 0.16825547814369202, "_timestamp": 1648913358, "_runtime": 15, "_step": 99, "_wandb": {"runtime": 15}}