{"train_acc": 1.0, "test_acc": 0.8262206555163879, "val_acc": 0.8278918918918919, "loss": 1.6039193868637085, "_timestamp": 1648818116, "_runtime": 80, "_step": 249, "_wandb": {"runtime": 80}}