{"train_acc": 1.0, "test_acc": 0.8781969549238731, "val_acc": 0.8841081081081081, "loss": 1.3785860538482666, "_timestamp": 1648871375, "_runtime": 52, "_step": 249, "_wandb": {"runtime": 53}}