{"train_acc": 1.0, "test_acc": 0.7455551165547215, "val_acc": 0.7277922077922078, "loss": 0.09927188605070114, "_timestamp": 1648802645, "_runtime": 39, "_step": 599, "_wandb": {"runtime": 39}}