{"train_acc": 1.0, "test_acc": 0.8604965124128103, "val_acc": 0.8672432432432432, "loss": 1.2861881256103516, "_timestamp": 1648819449, "_runtime": 79, "_step": 249, "_wandb": {"runtime": 80}}