{"train_acc": 1.0, "test_acc": 0.5443298969072164, "val_acc": 0.5791780821917808, "loss": 0.13263198733329773, "_timestamp": 1648807918, "_runtime": 20, "_step": 99, "_wandb": {"runtime": 21}}