{"train_acc": 1.0, "test_acc": 0.6083333333333333, "val_acc": 0.6302702702702703, "loss": 1.0915848016738892, "_timestamp": 1648801533, "_runtime": 18, "_step": 249, "_wandb": {"runtime": 19}}