{"train_acc": 1.0, "test_acc": 0.5463917525773195, "val_acc": 0.5243835616438356, "loss": 0.10714193433523178, "_timestamp": 1648915962, "_runtime": 29, "_step": 99, "_wandb": {"runtime": 30}}