{"train_acc": 1.0, "test_acc": 0.656601004684766, "val_acc": 0.6290909090909091, "loss": 0.11207479983568192, "_timestamp": 1648868121, "_runtime": 49, "_step": 599, "_wandb": {"runtime": 49}}