{"train_acc": 1.0, "test_acc": 0.6083333333333333, "val_acc": 0.6275675675675676, "loss": 1.0668460130691528, "_timestamp": 1648721332, "_runtime": 26, "_step": 249, "_wandb": {"runtime": 26}}