{"train_acc": 1.0, "test_acc": 0.906697667441686, "val_acc": 0.9057297297297298, "loss": 1.3005931377410889, "_timestamp": 1648726784, "_runtime": 34, "_step": 249, "_wandb": {"runtime": 35}}