{"train_acc": 1.0, "test_acc": 0.8790969774244356, "val_acc": 0.8758918918918919, "loss": 1.258124828338623, "_timestamp": 1648717665, "_runtime": 30, "_step": 249, "_wandb": {"runtime": 31}}