{"train_acc": 1.0, "test_acc": 0.5484536082474227, "val_acc": 0.564931506849315, "loss": 0.11693830043077469, "_timestamp": 1648804573, "_runtime": 12, "_step": 99, "_wandb": {"runtime": 14}}