{"train_acc": 0.9933333333333333, "test_acc": 0.6, "val_acc": 0.6297297297297297, "loss": 1.1014800071716309, "_timestamp": 1648911965, "_runtime": 17, "_step": 249, "_wandb": {"runtime": 18}}