{"train_acc": 0.9866666666666667, "test_acc": 0.6416666666666667, "val_acc": 0.6762162162162162, "loss": 1.0927743911743164, "_timestamp": 1648724877, "_runtime": 93, "_step": 249, "_wandb": {"runtime": 94}}