{"train_acc": 0.9933333333333333, "test_acc": 0.7166666666666667, "val_acc": 0.6318918918918919, "loss": 1.1490850448608398, "_timestamp": 1648724179, "_runtime": 31, "_step": 249, "_wandb": {"runtime": 32}}