{"train_acc": 1.0, "test_acc": 0.5278350515463918, "val_acc": 0.5413698630136986, "loss": 0.13994328677654266, "_timestamp": 1648806728, "_runtime": 15, "_step": 99, "_wandb": {"runtime": 16}}