{"train_acc": 0.9866666666666667, "test_acc": 0.5833333333333334, "val_acc": 0.6091891891891892, "loss": 1.0842275619506836, "_timestamp": 1648871632, "_runtime": 60, "_step": 249, "_wandb": {"runtime": 61}}