{"train_acc": 1.0, "test_acc": 0.5583333333333333, "val_acc": 0.6513513513513514, "loss": 1.0772227048873901, "_timestamp": 1648907440, "_runtime": 18, "_step": 249, "_wandb": {"runtime": 18}}