{"train_acc": 0.9933333333333333, "test_acc": 0.6, "val_acc": 0.6421621621621622, "loss": 1.0821151733398438, "_timestamp": 1648916284, "_runtime": 35, "_step": 249, "_wandb": {"runtime": 36}}