{"train_acc": 1.0, "test_acc": 0.5670103092783505, "val_acc": 0.5375342465753424, "loss": 0.163618803024292, "_timestamp": 1648805866, "_runtime": 16, "_step": 99, "_wandb": {"runtime": 17}}