{"train_acc": 0.9933333333333333, "test_acc": 0.625, "val_acc": 0.6378378378378379, "loss": 1.1579833030700684, "_timestamp": 1648914549, "_runtime": 19, "_step": 249, "_wandb": {"runtime": 20}}