{"train_acc": 1.0, "test_acc": 0.6333333333333333, "val_acc": 0.6313513513513513, "loss": 1.1076582670211792, "_timestamp": 1648921785, "_runtime": 88, "_step": 249, "_wandb": {"runtime": 89}}