{"train_acc": 1.0, "test_acc": 0.8900472511812796, "val_acc": 0.8931891891891892, "loss": 1.2325187921524048, "_timestamp": 1648809841, "_runtime": 42, "_step": 249, "_wandb": {"runtime": 43}}