{"train_acc": 1.0, "test_acc": 0.5567010309278351, "val_acc": 0.5632876712328767, "loss": 0.1316012740135193, "_timestamp": 1648909472, "_runtime": 15, "_step": 99, "_wandb": {"runtime": 16}}