{"train_acc": 1.0, "test_acc": 0.8694217355433885, "val_acc": 0.8789189189189189, "loss": 1.3085541725158691, "_timestamp": 1648863392, "_runtime": 27, "_step": 249, "_wandb": {"runtime": 28}}