{"train_acc": 1.0, "test_acc": 0.5670103092783505, "val_acc": 0.5517808219178082, "loss": 0.14283563196659088, "_timestamp": 1648909967, "_runtime": 15, "_step": 99, "_wandb": {"runtime": 16}}