{"train_acc": 0.9933333333333333, "test_acc": 0.6416666666666667, "val_acc": 0.6789189189189189, "loss": 1.0926543474197388, "_timestamp": 1648725673, "_runtime": 20, "_step": 249, "_wandb": {"runtime": 21}}