{"train_acc": 0.3333333333333333, "test_acc": 0.20562171925269515, "val_acc": 0.22597402597402597, "loss": NaN, "_timestamp": 1648816001, "_runtime": 66, "_step": 599, "_wandb": {"runtime": 67}}