{"train_acc": 1.0, "test_acc": 0.6416666666666667, "val_acc": 0.6286486486486487, "loss": 1.1476659774780273, "_timestamp": 1648867430, "_runtime": 29, "_step": 249, "_wandb": {"runtime": 29}}