{"train_acc": 1.0, "test_acc": 0.6583333333333333, "val_acc": 0.64, "loss": 1.0862904787063599, "_timestamp": 1648719025, "_runtime": 87, "_step": 249, "_wandb": {"runtime": 88}}