{"train_acc": 1.0, "test_acc": 0.8811220280507013, "val_acc": 0.8845405405405405, "loss": 1.2866277694702148, "_timestamp": 1648723793, "_runtime": 32, "_step": 249, "_wandb": {"runtime": 33}}