{"train_acc": 1.0, "test_acc": 0.7046339673759666, "val_acc": 0.7153246753246754, "loss": 0.0732351616024971, "_timestamp": 1648863935, "_runtime": 40, "_step": 599, "_wandb": {"runtime": 41}}