{"train_acc": 0.9933333333333333, "test_acc": 0.65, "val_acc": 0.6437837837837838, "loss": 1.138728380203247, "_timestamp": 1648806428, "_runtime": 22, "_step": 249, "_wandb": {"runtime": 22}}