{"train_acc": 1.0, "test_acc": 0.8842721068026701, "val_acc": 0.8908108108108108, "loss": 1.303039312362671, "_timestamp": 1648868223, "_runtime": 36, "_step": 249, "_wandb": {"runtime": 37}}