{"train_acc": 1.0, "test_acc": 0.6083333333333333, "val_acc": 0.6632432432432432, "loss": 1.1430644989013672, "_timestamp": 1648924880, "_runtime": 89, "_step": 249, "_wandb": {"runtime": 90}}