{"train_acc": 1.0, "test_acc": 0.7154145735734041, "val_acc": 0.7122077922077922, "loss": 0.07793675363063812, "_timestamp": 1648871192, "_runtime": 58, "_step": 599, "_wandb": {"runtime": 59}}