{"train_acc": 1.0, "test_acc": 0.6333333333333333, "val_acc": 0.6248648648648648, "loss": 1.078312873840332, "_timestamp": 1648911780, "_runtime": 17, "_step": 249, "_wandb": {"runtime": 18}}