{"train_acc": 1.0, "test_acc": 0.5505154639175258, "val_acc": 0.5402739726027397, "loss": 0.15336541831493378, "_timestamp": 1648872067, "_runtime": 64, "_step": 99, "_wandb": {"runtime": 65}}