{"train_acc": 1.0, "test_acc": 0.6938533611785291, "val_acc": 0.691948051948052, "loss": 0.1297556757926941, "_timestamp": 1648809520, "_runtime": 53, "_step": 599, "_wandb": {"runtime": 54}}