{"train_acc": 1.0, "test_acc": 0.8971724293107328, "val_acc": 0.9046486486486487, "loss": 1.2931572198867798, "_timestamp": 1648724608, "_runtime": 58, "_step": 249, "_wandb": {"runtime": 59}}