{"train_acc": 1.0, "test_acc": 0.756701030927835, "val_acc": 0.7457534246575342, "loss": 0.05324617773294449, "_timestamp": 1648911185, "_runtime": 15, "_step": 99, "_wandb": {"runtime": 16}}