{"train_acc": 1.0, "test_acc": 0.5175257731958763, "val_acc": 0.4893150684931507, "loss": 0.12864965200424194, "_timestamp": 1648909991, "_runtime": 12, "_step": 99, "_wandb": {"runtime": 14}}