{"train_acc": 1.0, "test_acc": 0.5916666666666667, "val_acc": 0.6367567567567568, "loss": 1.1981979608535767, "_timestamp": 1648875734, "_runtime": 133, "_step": 249, "_wandb": {"runtime": 133}}