{"train_acc": 1.0, "test_acc": 0.7321216910312129, "val_acc": 0.7298701298701299, "loss": 0.083282470703125, "_timestamp": 1648863344, "_runtime": 44, "_step": 599, "_wandb": {"runtime": 45}}