{"train_acc": 0.9733333333333334, "test_acc": 0.6916666666666667, "val_acc": 0.66, "loss": 1.0954607725143433, "_timestamp": 1648863195, "_runtime": 18, "_step": 249, "_wandb": {"runtime": 19}}