{"train_acc": 1.0, "test_acc": 0.7360162555737427, "val_acc": 0.7158441558441558, "loss": 0.008514725603163242, "_timestamp": 1648806528, "_runtime": 49, "_step": 599, "_wandb": {"runtime": 49}}