{"train_acc": 1.0, "test_acc": 0.622680412371134, "val_acc": 0.5934246575342466, "loss": 0.09505568444728851, "_timestamp": 1648910660, "_runtime": 15, "_step": 99, "_wandb": {"runtime": 15}}