{"train_acc": 1.0, "test_acc": 0.8780469511737794, "val_acc": 0.8810810810810811, "loss": 1.282089352607727, "_timestamp": 1648805978, "_runtime": 32, "_step": 249, "_wandb": {"runtime": 34}}