{"train_acc": 1.0, "test_acc": 0.7422680412371134, "val_acc": 0.7583561643835617, "loss": 0.07268910855054855, "_timestamp": 1648913228, "_runtime": 14, "_step": 99, "_wandb": {"runtime": 15}}