{"train_acc": 1.0, "test_acc": 0.7121408816391037, "val_acc": 0.7129287598944591, "loss": 0.12606561183929443, "_timestamp": 1648784369, "_runtime": 52, "_step": 599, "_wandb": {"runtime": 53}}