{"train_acc": 0.9733333333333334, "test_acc": 0.7333333333333333, "val_acc": 0.6897297297297297, "loss": 0.9809882640838623, "_timestamp": 1648909992, "_runtime": 16, "_step": 249, "_wandb": {"runtime": 18}}