{"train_acc": 1.0, "test_acc": 0.7624880058700683, "val_acc": 0.76, "loss": 0.018282338976860046, "_timestamp": 1648827487, "_runtime": 215, "_step": 599, "_wandb": {"runtime": 215}}