{"train_acc": 1.0, "test_acc": 0.6416666666666667, "val_acc": 0.6302702702702703, "loss": 1.0821346044540405, "_timestamp": 1648911038, "_runtime": 18, "_step": 249, "_wandb": {"runtime": 20}}