{"train_acc": 1.0, "test_acc": 0.696844838290907, "val_acc": 0.6935064935064935, "loss": 0.08490532636642456, "_timestamp": 1648821314, "_runtime": 136, "_step": 599, "_wandb": {"runtime": 137}}