{"train_acc": 1.0, "test_acc": 0.5690721649484536, "val_acc": 0.5605479452054795, "loss": 0.14685021340847015, "_timestamp": 1648911105, "_runtime": 13, "_step": 99, "_wandb": {"runtime": 14}}