{"train_acc": 1.0, "test_acc": 0.5752577319587628, "val_acc": 0.5583561643835616, "loss": 0.12393057346343994, "_timestamp": 1648862094, "_runtime": 11, "_step": 99, "_wandb": {"runtime": 13}}