{"train_acc": 0.9933333333333333, "test_acc": 0.6, "val_acc": 0.6167567567567568, "loss": 1.1474443674087524, "_timestamp": 1648870078, "_runtime": 58, "_step": 249, "_wandb": {"runtime": 59}}