{"train_acc": 1.0, "test_acc": 0.7280013546311452, "val_acc": 0.7218997361477573, "loss": 0.1300000250339508, "_timestamp": 1648793816, "_runtime": 46, "_step": 599, "_wandb": {"runtime": 46}}