{"train_acc": 1.0, "test_acc": 0.7049726251622735, "val_acc": 0.6935064935064935, "loss": 0.10296059399843216, "_timestamp": 1648817245, "_runtime": 137, "_step": 599, "_wandb": {"runtime": 137}}