{"train_acc": 1.0, "test_acc": 0.5525773195876289, "val_acc": 0.549041095890411, "loss": 0.25337958335876465, "_timestamp": 1648806206, "_runtime": 17, "_step": 99, "_wandb": {"runtime": 18}}