{"train_acc": 0.98, "test_acc": 0.6083333333333333, "val_acc": 0.6178378378378379, "loss": 1.104329228401184, "_timestamp": 1648907266, "_runtime": 17, "_step": 249, "_wandb": {"runtime": 17}}