{"train_acc": 1.0, "test_acc": 0.6453608247422681, "val_acc": 0.5934246575342466, "loss": 0.10505149513483047, "_timestamp": 1648810355, "_runtime": 22, "_step": 99, "_wandb": {"runtime": 23}}