{"train_acc": 0.14285714285714285, "test_acc": 0.11958762886597939, "val_acc": 0.143013698630137, "loss": NaN, "_timestamp": 1648910066, "_runtime": 13, "_step": 99, "_wandb": {"runtime": 14}}