{"train_acc": 1.0, "test_acc": 0.8804470111752793, "val_acc": 0.8828108108108108, "loss": 1.28438138961792, "_timestamp": 1648723457, "_runtime": 64, "_step": 249, "_wandb": {"runtime": 65}}