{"train_acc": 0.9866666666666667, "test_acc": 0.625, "val_acc": 0.6113513513513513, "loss": 1.1573559045791626, "_timestamp": 1648908065, "_runtime": 15, "_step": 249, "_wandb": {"runtime": 15}}