{"train_acc": 1.0, "test_acc": 0.7224135011570808, "val_acc": 0.7220779220779221, "loss": 0.08216004818677902, "_timestamp": 1648864149, "_runtime": 42, "_step": 599, "_wandb": {"runtime": 44}}