{"train_acc": 1.0, "test_acc": 0.5237113402061856, "val_acc": 0.5221917808219179, "loss": 0.13640062510967255, "_timestamp": 1648865651, "_runtime": 20, "_step": 99, "_wandb": {"runtime": 21}}