{"train_acc": 1.0, "test_acc": 0.8694967374184355, "val_acc": 0.8758918918918919, "loss": 1.2656656503677368, "_timestamp": 1648801504, "_runtime": 27, "_step": 249, "_wandb": {"runtime": 29}}