{"train_acc": 1.0, "test_acc": 0.6, "val_acc": 0.6232432432432432, "loss": 1.1258710622787476, "_timestamp": 1648865576, "_runtime": 20, "_step": 249, "_wandb": {"runtime": 26}}