{"train_acc": 1.0, "test_acc": 0.6762886597938145, "val_acc": 0.6629032258064517, "loss": 0.02419724315404892, "_timestamp": 1648533344, "_runtime": 355, "_step": 299, "_wandb": {"runtime": 351}}