{"train_acc": 1.0, "test_acc": 0.8041237113402062, "val_acc": 0.795068493150685, "loss": 0.04613480716943741, "_timestamp": 1648809138, "_runtime": 21, "_step": 99, "_wandb": {"runtime": 22}}