{"train_acc": 1.0, "test_acc": 0.9001725043126079, "val_acc": 0.9022702702702703, "loss": 1.2928258180618286, "_timestamp": 1648725275, "_runtime": 87, "_step": 249, "_wandb": {"runtime": 87}}