{"train_acc": 1.0, "test_acc": 0.5916666666666667, "val_acc": 0.614054054054054, "loss": 1.1710779666900635, "_timestamp": 1648912549, "_runtime": 19, "_step": 249, "_wandb": {"runtime": 20}}