{"train_acc": 0.9933333333333333, "test_acc": 0.6083333333333333, "val_acc": 0.6227027027027027, "loss": 1.1436976194381714, "_timestamp": 1648807814, "_runtime": 28, "_step": 249, "_wandb": {"runtime": 30}}