{"train_acc": 1.0, "test_acc": 0.5463917525773195, "val_acc": 0.5534246575342465, "loss": 0.15261375904083252, "_timestamp": 1648907752, "_runtime": 14, "_step": 99, "_wandb": {"runtime": 15}}