{"train_acc": 1.0, "test_acc": 0.8798469961749044, "val_acc": 0.8845405405405405, "loss": 1.333304524421692, "_timestamp": 1648803922, "_runtime": 34, "_step": 249, "_wandb": {"runtime": 33}}