{"train_acc": 1.0, "test_acc": 0.7168820906474008, "val_acc": 0.7205194805194806, "loss": 0.09158789366483688, "_timestamp": 1648836417, "_runtime": 294, "_step": 599, "_wandb": {"runtime": 294}}