{"train_acc": 0.9933333333333333, "test_acc": 0.65, "val_acc": 0.587027027027027, "loss": 1.2282133102416992, "_timestamp": 1648909934, "_runtime": 19, "_step": 249, "_wandb": {"runtime": 20}}