{"train_acc": 1.0, "test_acc": 0.895822395559889, "val_acc": 0.8962162162162162, "loss": 1.3282802104949951, "_timestamp": 1648805241, "_runtime": 33, "_step": 249, "_wandb": {"runtime": 34}}