{"train_acc": 0.9942857142857143, "test_acc": 0.8041237113402062, "val_acc": 0.7961643835616439, "loss": 0.07369180768728256, "_timestamp": 1648910713, "_runtime": 16, "_step": 99, "_wandb": {"runtime": 16}}