{"train_acc": 1.0, "test_acc": 0.6833333333333333, "val_acc": 0.6194594594594595, "loss": 1.0663199424743652, "_timestamp": 1648723034, "_runtime": 30, "_step": 249, "_wandb": {"runtime": 31}}