{"train_acc": 1.0, "test_acc": 0.8828470711767794, "val_acc": 0.8867027027027027, "loss": 1.2456251382827759, "_timestamp": 1648718399, "_runtime": 35, "_step": 249, "_wandb": {"runtime": 36}}