{"train_acc": 1.0, "test_acc": 0.7, "val_acc": 0.6470270270270271, "loss": 1.0143307447433472, "_timestamp": 1648876147, "_runtime": 131, "_step": 249, "_wandb": {"runtime": 131}}