{"train_acc": 1.0, "test_acc": 0.7267596094146864, "val_acc": 0.7272727272727273, "loss": 0.1128854975104332, "_timestamp": 1648823919, "_runtime": 203, "_step": 599, "_wandb": {"runtime": 204}}