{"train_acc": 0.9653333333333334, "test_acc": 0.8913972849321233, "val_acc": 0.8927567567567568, "loss": 1.4600354433059692, "_timestamp": 1648827816, "_runtime": 130, "_step": 249, "_wandb": {"runtime": 131}}