{"train_acc": 1.0, "test_acc": 0.55, "val_acc": 0.6129729729729729, "loss": 1.1365714073181152, "_timestamp": 1648805897, "_runtime": 26, "_step": 249, "_wandb": {"runtime": 27}}