{"train_acc": 1.0, "test_acc": 0.5381443298969072, "val_acc": 0.5665753424657535, "loss": 0.15185444056987762, "_timestamp": 1648809990, "_runtime": 25, "_step": 99, "_wandb": {"runtime": 27}}