{"train_acc": 1.0, "test_acc": 0.726364508663995, "val_acc": 0.7137662337662337, "loss": 0.13135945796966553, "_timestamp": 1648831982, "_runtime": 158, "_step": 599, "_wandb": {"runtime": 158}}