{"train_acc": 1.0, "test_acc": 0.5628865979381443, "val_acc": 0.5413698630136986, "loss": 0.12001848220825195, "_timestamp": 1648721257, "_runtime": 20, "_step": 99, "_wandb": {"runtime": 21}}