{"train_acc": 1.0, "test_acc": 0.5587628865979382, "val_acc": 0.5808219178082191, "loss": 0.08720096200704575, "_timestamp": 1648805029, "_runtime": 16, "_step": 99, "_wandb": {"runtime": 16}}