{"train_acc": 0.98, "test_acc": 0.625, "val_acc": 0.6281081081081081, "loss": 1.1198318004608154, "_timestamp": 1648806075, "_runtime": 27, "_step": 249, "_wandb": {"runtime": 28}}