{"train_acc": 1.0, "test_acc": 0.7670103092783506, "val_acc": 0.7742465753424658, "loss": 0.01960407942533493, "_timestamp": 1648806905, "_runtime": 17, "_step": 99, "_wandb": {"runtime": 17}}