{"train_acc": 1.0, "test_acc": 0.625, "val_acc": 0.6054054054054054, "loss": 1.1128555536270142, "_timestamp": 1648814821, "_runtime": 66, "_step": 249, "_wandb": {"runtime": 66}}