{"train_acc": 0.072, "test_acc": 0.05542638565964149, "val_acc": 0.06378378378378378, "loss": 90049847296.0, "_timestamp": 1648803675, "_runtime": 28, "_step": 249, "_wandb": {"runtime": 29}}