{"train_acc": 1.0, "test_acc": 0.7210024270474685, "val_acc": 0.7277922077922078, "loss": 0.08244073390960693, "_timestamp": 1648802550, "_runtime": 36, "_step": 599, "_wandb": {"runtime": 36}}