{"train_acc": 1.0, "test_acc": 0.8844971124278107, "val_acc": 0.8918918918918919, "loss": 1.2743362188339233, "_timestamp": 1648873397, "_runtime": 77, "_step": 249, "_wandb": {"runtime": 78}}