{"train_acc": 0.9933333333333333, "test_acc": 0.65, "val_acc": 0.6129729729729729, "loss": 1.0639443397521973, "_timestamp": 1648910699, "_runtime": 19, "_step": 249, "_wandb": {"runtime": 20}}