{"train_acc": 1.0, "test_acc": 0.5587628865979382, "val_acc": 0.5846575342465753, "loss": 0.10149987041950226, "_timestamp": 1648807115, "_runtime": 19, "_step": 99, "_wandb": {"runtime": 20}}