{"train_acc": 1.0, "test_acc": 0.7147372580007902, "val_acc": 0.721038961038961, "loss": 0.1117120236158371, "_timestamp": 1648803139, "_runtime": 40, "_step": 599, "_wandb": {"runtime": 40}}