{"train_acc": 1.0, "test_acc": 0.5896907216494846, "val_acc": 0.5736986301369863, "loss": 0.09042353928089142, "_timestamp": 1648912091, "_runtime": 13, "_step": 99, "_wandb": {"runtime": 15}}