{"train_acc": 1.0, "test_acc": 0.5298969072164949, "val_acc": 0.530958904109589, "loss": 0.13423104584217072, "_timestamp": 1648717896, "_runtime": 19, "_step": 99, "_wandb": {"runtime": 19}}