{"train_acc": 1.0, "test_acc": 0.7306541739572162, "val_acc": 0.7142857142857143, "loss": 0.10905414819717407, "_timestamp": 1648868674, "_runtime": 62, "_step": 599, "_wandb": {"runtime": 62}}