{"train_acc": 1.0, "test_acc": 0.721058870011853, "val_acc": 0.7012987012987013, "loss": 0.07791745662689209, "_timestamp": 1648873485, "_runtime": 135, "_step": 599, "_wandb": {"runtime": 136}}