{"train_acc": 0.9542857142857143, "test_acc": 0.7793814432989691, "val_acc": 0.7791780821917809, "loss": 0.25159984827041626, "_timestamp": 1648912762, "_runtime": 15, "_step": 99, "_wandb": {"runtime": 16}}