{"train_acc": 1.0, "test_acc": 0.5666666666666667, "val_acc": 0.6221621621621621, "loss": 1.1124391555786133, "_timestamp": 1648808523, "_runtime": 32, "_step": 249, "_wandb": {"runtime": 32}}