{"train_acc": 1.0, "test_acc": 0.5402061855670103, "val_acc": 0.5463013698630137, "loss": 0.14353638887405396, "_timestamp": 1648907701, "_runtime": 13, "_step": 99, "_wandb": {"runtime": 13}}