{"train_acc": 1.0, "test_acc": 0.5628865979381443, "val_acc": 0.5868493150684931, "loss": 0.12234503775835037, "_timestamp": 1648869137, "_runtime": 28, "_step": 99, "_wandb": {"runtime": 28}}