{"train_acc": 1.0, "test_acc": 0.6979172546142124, "val_acc": 0.6935064935064935, "loss": 0.1005198135972023, "_timestamp": 1648803649, "_runtime": 39, "_step": 599, "_wandb": {"runtime": 40}}