{"train_acc": 1.0, "test_acc": 0.8784969624240606, "val_acc": 0.8812972972972973, "loss": 1.2535676956176758, "_timestamp": 1648864110, "_runtime": 26, "_step": 249, "_wandb": {"runtime": 26}}