{"train_acc": 1.0, "test_acc": 0.7251792064119208, "val_acc": 0.7246753246753247, "loss": 0.11603271216154099, "_timestamp": 1648879921, "_runtime": 209, "_step": 599, "_wandb": {"runtime": 209}}