{"train_acc": 1.0, "test_acc": 0.6916666666666667, "val_acc": 0.6437837837837838, "loss": 1.0461701154708862, "_timestamp": 1648916146, "_runtime": 36, "_step": 249, "_wandb": {"runtime": 37}}