{"train_acc": 1.0, "test_acc": 0.51340206185567, "val_acc": 0.5863013698630137, "loss": 0.11973416060209274, "_timestamp": 1648813301, "_runtime": 29, "_step": 99, "_wandb": {"runtime": 30}}