{"train_acc": 1.0, "test_acc": 0.5917525773195876, "val_acc": 0.5638356164383561, "loss": 0.10339987277984619, "_timestamp": 1648718587, "_runtime": 21, "_step": 99, "_wandb": {"runtime": 22}}