{"train_acc": 1.0, "test_acc": 0.6847096009482418, "val_acc": 0.6664935064935065, "loss": 0.07071657478809357, "_timestamp": 1648828542, "_runtime": 161, "_step": 599, "_wandb": {"runtime": 162}}