{"train_acc": 1.0, "test_acc": 0.8878721968049201, "val_acc": 0.8877837837837838, "loss": 1.2071837186813354, "_timestamp": 1648723327, "_runtime": 34, "_step": 249, "_wandb": {"runtime": 35}}