{"train_acc": 1.0, "test_acc": 0.6309278350515464, "val_acc": 0.650958904109589, "loss": 0.07012224197387695, "_timestamp": 1648912969, "_runtime": 15, "_step": 99, "_wandb": {"runtime": 16}}