{"train_acc": 1.0, "test_acc": 0.6726872495343456, "val_acc": 0.6742857142857143, "loss": 0.08368034660816193, "_timestamp": 1648863127, "_runtime": 44, "_step": 599, "_wandb": {"runtime": 44}}