{"train_acc": 1.0, "test_acc": 0.7773944348608716, "val_acc": 0.7755675675675676, "loss": 1.5274803638458252, "_timestamp": 1648807693, "_runtime": 39, "_step": 249, "_wandb": {"runtime": 39}}