{"train_acc": 1.0, "test_acc": 0.8790969774244356, "val_acc": 0.8862702702702703, "loss": 1.2994076013565063, "_timestamp": 1648802093, "_runtime": 25, "_step": 249, "_wandb": {"runtime": 26}}