{"train_acc": 0.16666666666666666, "test_acc": 0.06666666666666667, "val_acc": 0.04972972972972973, "loss": NaN, "_timestamp": 1648921476, "_runtime": 52, "_step": 249, "_wandb": {"runtime": 53}}