{"train_acc": 1.0, "test_acc": 0.575, "val_acc": 0.6275675675675676, "loss": 1.043695330619812, "_timestamp": 1648909237, "_runtime": 20, "_step": 249, "_wandb": {"runtime": 21}}