{"train_acc": 1.0, "test_acc": 0.5649484536082474, "val_acc": 0.5917808219178082, "loss": 0.1071363091468811, "_timestamp": 1648802364, "_runtime": 14, "_step": 99, "_wandb": {"runtime": 15}}