{"train_acc": 1.0, "test_acc": 0.6166666666666667, "val_acc": 0.6372972972972973, "loss": 1.0665292739868164, "_timestamp": 1648815010, "_runtime": 72, "_step": 249, "_wandb": {"runtime": 73}}