{"train_acc": 1.0, "test_acc": 0.7313879324942146, "val_acc": 0.7205194805194806, "loss": 0.10100577026605606, "_timestamp": 1648822056, "_runtime": 134, "_step": 599, "_wandb": {"runtime": 134}}