{"train_acc": 0.9866666666666667, "test_acc": 0.6083333333333333, "val_acc": 0.6064864864864865, "loss": 1.0414100885391235, "_timestamp": 1648811011, "_runtime": 50, "_step": 249, "_wandb": {"runtime": 49}}