{"train_acc": 1.0, "test_acc": 0.7042953095896597, "val_acc": 0.7064935064935065, "loss": 0.1249861791729927, "_timestamp": 1648806814, "_runtime": 46, "_step": 599, "_wandb": {"runtime": 46}}