{"train_acc": 0.9933333333333333, "test_acc": 0.6583333333333333, "val_acc": 0.6118918918918919, "loss": 1.022506833076477, "_timestamp": 1648723085, "_runtime": 41, "_step": 249, "_wandb": {"runtime": 41}}