{"train_acc": 1.0, "test_acc": 0.9063226580664516, "val_acc": 0.9094054054054054, "loss": 1.2704448699951172, "_timestamp": 1648726176, "_runtime": 32, "_step": 249, "_wandb": {"runtime": 34}}