{"train_acc": 1.0, "test_acc": 0.8754218855471387, "val_acc": 0.8838918918918919, "loss": 1.3033729791641235, "_timestamp": 1648825624, "_runtime": 137, "_step": 249, "_wandb": {"runtime": 139}}