{"train_acc": 1.0, "test_acc": 0.6333333333333333, "val_acc": 0.6324324324324324, "loss": 1.1536003351211548, "_timestamp": 1648805649, "_runtime": 19, "_step": 249, "_wandb": {"runtime": 20}}