{"train_acc": 1.0, "test_acc": 0.625, "val_acc": 0.6551351351351351, "loss": 1.0547616481781006, "_timestamp": 1648925899, "_runtime": 91, "_step": 249, "_wandb": {"runtime": 91}}