{"train_acc": 1.0, "test_acc": 0.729017327990066, "val_acc": 0.7350649350649351, "loss": 0.11054415255784988, "_timestamp": 1648862704, "_runtime": 38, "_step": 599, "_wandb": {"runtime": 38}}