{"train_acc": 1.0, "test_acc": 0.7066094711294237, "val_acc": 0.7142857142857143, "loss": 0.08520947396755219, "_timestamp": 1648867845, "_runtime": 52, "_step": 599, "_wandb": {"runtime": 52}}