{"train_acc": 1.0, "test_acc": 0.6792910763673308, "val_acc": 0.6825974025974026, "loss": 0.11751411110162735, "_timestamp": 1648811401, "_runtime": 60, "_step": 599, "_wandb": {"runtime": 60}}