{"train_acc": 1.0, "test_acc": 0.8858471461786545, "val_acc": 0.8936216216216216, "loss": 1.3467758893966675, "_timestamp": 1648723283, "_runtime": 33, "_step": 249, "_wandb": {"runtime": 34}}