{"train_acc": 1.0, "test_acc": 0.6641643619122877, "val_acc": 0.6374025974025974, "loss": 0.08626116812229156, "_timestamp": 1648805628, "_runtime": 46, "_step": 599, "_wandb": {"runtime": 47}}