{"train_acc": 1.0, "test_acc": 0.7, "val_acc": 0.6410810810810811, "loss": 1.062016248703003, "_timestamp": 1648912244, "_runtime": 20, "_step": 249, "_wandb": {"runtime": 21}}