{"train_acc": 1.0, "test_acc": 0.8795469886747169, "val_acc": 0.8817297297297297, "loss": 1.2486952543258667, "_timestamp": 1648863115, "_runtime": 34, "_step": 249, "_wandb": {"runtime": 35}}