{"train_acc": 1.0, "test_acc": 0.625, "val_acc": 0.6183783783783784, "loss": 1.1172375679016113, "_timestamp": 1648907813, "_runtime": 16, "_step": 249, "_wandb": {"runtime": 17}}