{"train_acc": 1.0, "test_acc": 0.7295253146695264, "val_acc": 0.7277922077922078, "loss": 0.08664465695619583, "_timestamp": 1648813615, "_runtime": 61, "_step": 599, "_wandb": {"runtime": 62}}