{"train_acc": 1.0, "test_acc": 0.675, "val_acc": 0.6210810810810811, "loss": 1.1012107133865356, "_timestamp": 1648806606, "_runtime": 60, "_step": 249, "_wandb": {"runtime": 61}}