{"train_acc": 1.0, "test_acc": 0.7896907216494845, "val_acc": 0.7561643835616438, "loss": 0.0218901876360178, "_timestamp": 1648917007, "_runtime": 29, "_step": 99, "_wandb": {"runtime": 30}}