{"train_acc": 0.9933333333333333, "test_acc": 0.6583333333333333, "val_acc": 0.6832432432432433, "loss": 1.1095143556594849, "_timestamp": 1648926207, "_runtime": 90, "_step": 249, "_wandb": {"runtime": 90}}