{"train_acc": 1.0, "test_acc": 0.8900472511812796, "val_acc": 0.8927567567567568, "loss": 1.3332598209381104, "_timestamp": 1648813854, "_runtime": 58, "_step": 249, "_wandb": {"runtime": 58}}