{"train_acc": 0.9933333333333333, "test_acc": 0.6583333333333333, "val_acc": 0.6237837837837837, "loss": 1.0230120420455933, "_timestamp": 1648861162, "_runtime": 15, "_step": 249, "_wandb": {"runtime": 16}}