{"train_acc": 1.0, "test_acc": 0.7278350515463917, "val_acc": 0.7391780821917808, "loss": 0.11578724533319473, "_timestamp": 1648910368, "_runtime": 13, "_step": 99, "_wandb": {"runtime": 14}}