{"train_acc": 1.0, "test_acc": 0.5855670103092784, "val_acc": 0.5473972602739726, "loss": 0.13880573213100433, "_timestamp": 1648803769, "_runtime": 14, "_step": 99, "_wandb": {"runtime": 15}}