{"train_acc": 1.0, "test_acc": 0.5752577319587628, "val_acc": 0.5863013698630137, "loss": 0.1250949651002884, "_timestamp": 1648720187, "_runtime": 14, "_step": 99, "_wandb": {"runtime": 15}}