{"train_acc": 1.0, "test_acc": 0.5608247422680412, "val_acc": 0.5813698630136986, "loss": 0.1313488483428955, "_timestamp": 1648721892, "_runtime": 17, "_step": 99, "_wandb": {"runtime": 19}}