{"train_acc": 1.0, "test_acc": 0.6748885251453406, "val_acc": 0.6503896103896104, "loss": 0.0702173262834549, "_timestamp": 1648830261, "_runtime": 160, "_step": 599, "_wandb": {"runtime": 160}}