{"train_acc": 0.9933333333333333, "test_acc": 0.6166666666666667, "val_acc": 0.6162162162162163, "loss": 1.0972380638122559, "_timestamp": 1648908122, "_runtime": 17, "_step": 249, "_wandb": {"runtime": 18}}