{"train_acc": 1.0, "test_acc": 0.8898972474311858, "val_acc": 0.8938378378378379, "loss": 1.2642334699630737, "_timestamp": 1648802183, "_runtime": 32, "_step": 249, "_wandb": {"runtime": 32}}