{"train_acc": 1.0, "test_acc": 0.5484536082474227, "val_acc": 0.5841095890410959, "loss": 0.12634599208831787, "_timestamp": 1648718467, "_runtime": 77, "_step": 99, "_wandb": {"runtime": 78}}