{"train_acc": 1.0, "test_acc": 0.625, "val_acc": 0.6297297297297297, "loss": 1.047282338142395, "_timestamp": 1648865261, "_runtime": 26, "_step": 249, "_wandb": {"runtime": 28}}