{"train_acc": 0.9866666666666667, "test_acc": 0.6416666666666667, "val_acc": 0.6048648648648649, "loss": 1.096901535987854, "_timestamp": 1648861702, "_runtime": 16, "_step": 249, "_wandb": {"runtime": 17}}