{"train_acc": 1.0, "test_acc": 0.5402061855670103, "val_acc": 0.5358904109589041, "loss": 0.12988042831420898, "_timestamp": 1648912375, "_runtime": 16, "_step": 99, "_wandb": {"runtime": 17}}