{"train_acc": 0.3333333333333333, "test_acc": 0.2086696393294576, "val_acc": 0.19792207792207792, "loss": NaN, "_timestamp": 1648812652, "_runtime": 107, "_step": 599, "_wandb": {"runtime": 108}}