{"train_acc": 1.0, "test_acc": 0.625, "val_acc": 0.6335135135135135, "loss": 1.1436785459518433, "_timestamp": 1648914489, "_runtime": 20, "_step": 249, "_wandb": {"runtime": 21}}