{"train_acc": 0.7866666666666666, "test_acc": 0.7156967883953266, "val_acc": 0.7085714285714285, "loss": 0.96707683801651, "_timestamp": 1648814148, "_runtime": 60, "_step": 599, "_wandb": {"runtime": 61}}