{"train_acc": 1.0, "test_acc": 0.6329896907216495, "val_acc": 0.6389041095890411, "loss": 0.08856658637523651, "_timestamp": 1648723083, "_runtime": 51, "_step": 99, "_wandb": {"runtime": 52}}