{"train_acc": 1.0, "test_acc": 0.5649484536082474, "val_acc": 0.5917808219178082, "loss": 0.16251087188720703, "_timestamp": 1648722024, "_runtime": 29, "_step": 99, "_wandb": {"runtime": 30}}