{"train_acc": 0.9933333333333333, "test_acc": 0.625, "val_acc": 0.6286486486486487, "loss": 1.0456866025924683, "_timestamp": 1648721906, "_runtime": 29, "_step": 249, "_wandb": {"runtime": 29}}