{"train_acc": 0.98, "test_acc": 0.6333333333333333, "val_acc": 0.6124324324324324, "loss": 1.106476068496704, "_timestamp": 1648806943, "_runtime": 22, "_step": 249, "_wandb": {"runtime": 23}}