{"train_acc": 0.14285714285714285, "test_acc": 0.15876288659793814, "val_acc": 0.1326027397260274, "loss": NaN, "_timestamp": 1648810280, "_runtime": 23, "_step": 99, "_wandb": {"runtime": 24}}