{"train_acc": 1.0, "test_acc": 0.6984252412936728, "val_acc": 0.6872727272727273, "loss": 0.09304367750883102, "_timestamp": 1648815721, "_runtime": 62, "_step": 599, "_wandb": {"runtime": 63}}