{"train_acc": 1.0, "test_acc": 0.6908054411017667, "val_acc": 0.6945454545454546, "loss": 0.08858072012662888, "_timestamp": 1648835499, "_runtime": 294, "_step": 599, "_wandb": {"runtime": 295}}