{"train_acc": 1.0, "test_acc": 0.575, "val_acc": 0.6156756756756757, "loss": 1.1505628824234009, "_timestamp": 1648867464, "_runtime": 23, "_step": 249, "_wandb": {"runtime": 24}}