{"train_acc": 1.0, "test_acc": 0.8989724743118578, "val_acc": 0.9033513513513514, "loss": 1.2708821296691895, "_timestamp": 1648813242, "_runtime": 39, "_step": 249, "_wandb": {"runtime": 39}}