{"train_acc": 1.0, "test_acc": 0.65, "val_acc": 0.6102702702702703, "loss": 1.087060809135437, "_timestamp": 1648815860, "_runtime": 61, "_step": 249, "_wandb": {"runtime": 61}}