{"train_acc": 0.98, "test_acc": 0.5666666666666667, "val_acc": 0.625945945945946, "loss": 1.0760612487792969, "_timestamp": 1648722992, "_runtime": 21, "_step": 249, "_wandb": {"runtime": 22}}