{"train_acc": 0.9866666666666667, "test_acc": 0.5833333333333334, "val_acc": 0.6043243243243244, "loss": 1.0130807161331177, "_timestamp": 1648912028, "_runtime": 20, "_step": 249, "_wandb": {"runtime": 21}}