{"train_acc": 1.0, "test_acc": 0.48333333333333334, "val_acc": 0.6124324324324324, "loss": 1.0955640077590942, "_timestamp": 1648818588, "_runtime": 129, "_step": 249, "_wandb": {"runtime": 130}}