{"train_acc": 1.0, "test_acc": 0.8680717017925448, "val_acc": 0.8722162162162163, "loss": 1.23944091796875, "_timestamp": 1648719056, "_runtime": 41, "_step": 249, "_wandb": {"runtime": 41}}