{"train_acc": 0.9933333333333333, "test_acc": 0.7, "val_acc": 0.6524324324324324, "loss": 1.0332304239273071, "_timestamp": 1648869368, "_runtime": 38, "_step": 249, "_wandb": {"runtime": 39}}