{"train_acc": 1.0, "test_acc": 0.8545713642841071, "val_acc": 0.8601081081081081, "loss": 1.3393125534057617, "_timestamp": 1648813549, "_runtime": 51, "_step": 249, "_wandb": {"runtime": 52}}