{"train_acc": 1.0, "test_acc": 0.8868221705542638, "val_acc": 0.8955675675675676, "loss": 1.3633419275283813, "_timestamp": 1648803339, "_runtime": 36, "_step": 249, "_wandb": {"runtime": 37}}