{"train_acc": 1.0, "test_acc": 0.6945871197155274, "val_acc": 0.7023376623376624, "loss": 0.10003355145454407, "_timestamp": 1648802189, "_runtime": 38, "_step": 599, "_wandb": {"runtime": 39}}