{"train_acc": 1.0, "test_acc": 0.5731958762886598, "val_acc": 0.5556164383561644, "loss": 0.15161176025867462, "_timestamp": 1648807082, "_runtime": 16, "_step": 99, "_wandb": {"runtime": 17}}