{"train_acc": 0.3333333333333333, "test_acc": 0.2080487667212282, "val_acc": 0.20363636363636364, "loss": NaN, "_timestamp": 1648834038, "_runtime": 158, "_step": 599, "_wandb": {"runtime": 159}}