{"train_acc": 0.9933333333333333, "test_acc": 0.525, "val_acc": 0.6232432432432432, "loss": 1.0237927436828613, "_timestamp": 1648811234, "_runtime": 43, "_step": 249, "_wandb": {"runtime": 44}}