{"train_acc": 1.0, "test_acc": 0.6041237113402061, "val_acc": 0.5841095890410959, "loss": 0.12157456576824188, "_timestamp": 1648809286, "_runtime": 21, "_step": 99, "_wandb": {"runtime": 22}}