{"train_acc": 1.0, "test_acc": 0.6333333333333333, "val_acc": 0.658918918918919, "loss": 1.1250537633895874, "_timestamp": 1648802946, "_runtime": 17, "_step": 249, "_wandb": {"runtime": 18}}