{"train_acc": 1.0, "test_acc": 0.534020618556701, "val_acc": 0.5698630136986301, "loss": 0.14022603631019592, "_timestamp": 1648864813, "_runtime": 17, "_step": 99, "_wandb": {"runtime": 17}}