{"train_acc": 0.9933333333333333, "test_acc": 0.6416666666666667, "val_acc": 0.6389189189189189, "loss": 1.0318102836608887, "_timestamp": 1648812288, "_runtime": 41, "_step": 249, "_wandb": {"runtime": 42}}