{"train_acc": 0.9866666666666667, "test_acc": 0.5833333333333334, "val_acc": 0.6286486486486487, "loss": 1.192805290222168, "_timestamp": 1648910639, "_runtime": 19, "_step": 249, "_wandb": {"runtime": 20}}