{"train_acc": 1.0, "test_acc": 0.5463917525773195, "val_acc": 0.538082191780822, "loss": 0.16248862445354462, "_timestamp": 1648814175, "_runtime": 53, "_step": 99, "_wandb": {"runtime": 54}}