{"train_acc": 0.4533333333333333, "test_acc": 0.425, "val_acc": 0.3848648648648649, "loss": 1.6782845258712769, "_timestamp": 1648916000, "_runtime": 35, "_step": 249, "_wandb": {"runtime": 35}}