{"train_acc": 0.49066666666666664, "test_acc": 0.4935123378084452, "val_acc": 0.492972972972973, "loss": 2.624811887741089, "_timestamp": 1648809593, "_runtime": 30, "_step": 249, "_wandb": {"runtime": 32}}