{"train_acc": 1.0, "test_acc": 0.6020618556701031, "val_acc": 0.5326027397260275, "loss": 0.1292780041694641, "_timestamp": 1648809621, "_runtime": 23, "_step": 99, "_wandb": {"runtime": 24}}