{"train_acc": 1.0, "test_acc": 0.5463917525773195, "val_acc": 0.5320547945205479, "loss": 0.096906878054142, "_timestamp": 1648804097, "_runtime": 15, "_step": 99, "_wandb": {"runtime": 16}}