{"train_acc": 0.9866666666666667, "test_acc": 0.6916666666666667, "val_acc": 0.6470270270270271, "loss": 1.0637484788894653, "_timestamp": 1648811343, "_runtime": 45, "_step": 249, "_wandb": {"runtime": 46}}