{"train_acc": 1.0, "test_acc": 0.707343229666422, "val_acc": 0.7137662337662337, "loss": 0.10351981967687607, "_timestamp": 1648801782, "_runtime": 38, "_step": 599, "_wandb": {"runtime": 39}}