{"train_acc": 1.0, "test_acc": 0.7500705537054806, "val_acc": 0.7662269129287599, "loss": 0.11956193298101425, "_timestamp": 1648789656, "_runtime": 50, "_step": 599, "_wandb": {"runtime": 51}}