{"train_acc": 1.0, "test_acc": 0.8785719642991074, "val_acc": 0.8812972972972973, "loss": 1.2274621725082397, "_timestamp": 1648803962, "_runtime": 26, "_step": 249, "_wandb": {"runtime": 27}}