{"train_acc": 1.0, "test_acc": 0.7657052548399842, "val_acc": 0.7828571428571428, "loss": 0.003724090289324522, "_timestamp": 1648876010, "_runtime": 133, "_step": 599, "_wandb": {"runtime": 134}}