{"train_acc": 1.0, "test_acc": 0.6416666666666667, "val_acc": 0.6270270270270271, "loss": 1.0708718299865723, "_timestamp": 1648811286, "_runtime": 40, "_step": 249, "_wandb": {"runtime": 41}}