{"train_acc": 1.0, "test_acc": 0.8866721668041702, "val_acc": 0.894054054054054, "loss": 1.3555223941802979, "_timestamp": 1648718642, "_runtime": 101, "_step": 249, "_wandb": {"runtime": 102}}