{"train_acc": 1.0, "test_acc": 0.5833333333333334, "val_acc": 0.614054054054054, "loss": 1.0456748008728027, "_timestamp": 1648907839, "_runtime": 15, "_step": 249, "_wandb": {"runtime": 16}}