{"train_acc": 1.0, "test_acc": 0.886147153678842, "val_acc": 0.8895135135135135, "loss": 1.3019030094146729, "_timestamp": 1648802855, "_runtime": 29, "_step": 249, "_wandb": {"runtime": 30}}