{"train_acc": 1.0, "test_acc": 0.8942473561839046, "val_acc": 0.896, "loss": 1.2310558557510376, "_timestamp": 1648865037, "_runtime": 37, "_step": 249, "_wandb": {"runtime": 38}}