{"train_acc": 0.9933333333333333, "test_acc": 0.6666666666666666, "val_acc": 0.6594594594594595, "loss": 1.1098792552947998, "_timestamp": 1648725642, "_runtime": 19, "_step": 249, "_wandb": {"runtime": 20}}