{"train_acc": 0.9933333333333333, "test_acc": 0.55, "val_acc": 0.64, "loss": 1.13004469871521, "_timestamp": 1648808634, "_runtime": 25, "_step": 249, "_wandb": {"runtime": 25}}