{"train_acc": 1.0, "test_acc": 0.8820220505512638, "val_acc": 0.8871351351351351, "loss": 1.2860603332519531, "_timestamp": 1648878288, "_runtime": 146, "_step": 249, "_wandb": {"runtime": 147}}