{"train_acc": 1.0, "test_acc": 0.5278350515463918, "val_acc": 0.5304109589041096, "loss": 0.13174684345722198, "_timestamp": 1648802641, "_runtime": 16, "_step": 99, "_wandb": {"runtime": 17}}