{"train_acc": 1.0, "test_acc": 0.5731958762886598, "val_acc": 0.5824657534246576, "loss": 0.11371327936649323, "_timestamp": 1648723227, "_runtime": 16, "_step": 99, "_wandb": {"runtime": 17}}