{"train_acc": 1.0, "test_acc": 0.625, "val_acc": 0.6356756756756756, "loss": 1.1830596923828125, "_timestamp": 1648803471, "_runtime": 19, "_step": 249, "_wandb": {"runtime": 20}}