{"train_acc": 0.9933333333333333, "test_acc": 0.6333333333333333, "val_acc": 0.6162162162162163, "loss": 1.089495301246643, "_timestamp": 1648918429, "_runtime": 56, "_step": 249, "_wandb": {"runtime": 57}}