{"train_acc": 0.56, "test_acc": 0.47835051546391755, "val_acc": 0.4695890410958904, "loss": 2.028507947921753, "_timestamp": 1648813115, "_runtime": 39, "_step": 99, "_wandb": {"runtime": 40}}