{"train_acc": 1.0, "test_acc": 0.5711340206185567, "val_acc": 0.5808219178082191, "loss": 0.16094449162483215, "_timestamp": 1648862657, "_runtime": 18, "_step": 99, "_wandb": {"runtime": 19}}