{"train_acc": 0.072, "test_acc": 0.04710117752943824, "val_acc": 0.04281081081081081, "loss": 264766528.0, "_timestamp": 1648803144, "_runtime": 31, "_step": 249, "_wandb": {"runtime": 31}}