{"train_acc": 1.0, "test_acc": 0.88307207680192, "val_acc": 0.884972972972973, "loss": 1.253903865814209, "_timestamp": 1648812514, "_runtime": 46, "_step": 249, "_wandb": {"runtime": 47}}