{"train_acc": 1.0, "test_acc": 0.5670103092783505, "val_acc": 0.5769863013698631, "loss": 0.11322887241840363, "_timestamp": 1648861454, "_runtime": 13, "_step": 99, "_wandb": {"runtime": 13}}