{"train_acc": 1.0, "test_acc": 0.8653716342908573, "val_acc": 0.8715675675675676, "loss": 1.3656777143478394, "_timestamp": 1648806024, "_runtime": 34, "_step": 249, "_wandb": {"runtime": 34}}