{"train_acc": 0.9666666666666667, "test_acc": 0.6833333333333333, "val_acc": 0.701081081081081, "loss": 0.7474505305290222, "_timestamp": 1648911224, "_runtime": 18, "_step": 249, "_wandb": {"runtime": 19}}