{"train_acc": 1.0, "test_acc": 0.6916666666666667, "val_acc": 0.6167567567567568, "loss": 1.1441397666931152, "_timestamp": 1648913105, "_runtime": 19, "_step": 249, "_wandb": {"runtime": 20}}