{"train_acc": 1.0, "test_acc": 0.7465710899136423, "val_acc": 0.7610389610389611, "loss": 0.012784326449036598, "_timestamp": 1648801990, "_runtime": 39, "_step": 599, "_wandb": {"runtime": 40}}