{"train_acc": 0.98, "test_acc": 0.5333333333333333, "val_acc": 0.6086486486486486, "loss": 1.0898348093032837, "_timestamp": 1648911567, "_runtime": 20, "_step": 249, "_wandb": {"runtime": 21}}