{"train_acc": 0.9933333333333333, "test_acc": 0.6166666666666667, "val_acc": 0.6302702702702703, "loss": 1.0883021354675293, "_timestamp": 1648868531, "_runtime": 38, "_step": 249, "_wandb": {"runtime": 39}}