{"train_acc": 1.0, "test_acc": 0.6833333333333333, "val_acc": 0.6237837837837837, "loss": 1.158982276916504, "_timestamp": 1648864609, "_runtime": 25, "_step": 249, "_wandb": {"runtime": 25}}