{"train_acc": 0.3333333333333333, "test_acc": 0.20793588079245923, "val_acc": 0.20467532467532468, "loss": NaN, "_timestamp": 1648892868, "_runtime": 293, "_step": 599, "_wandb": {"runtime": 293}}