{"train_acc": 1.0, "test_acc": 0.5628865979381443, "val_acc": 0.5704109589041096, "loss": 0.12747730314731598, "_timestamp": 1648911003, "_runtime": 15, "_step": 99, "_wandb": {"runtime": 17}}