{"train_acc": 1.0, "test_acc": 0.8836720918022951, "val_acc": 0.894054054054054, "loss": 1.3262598514556885, "_timestamp": 1648805373, "_runtime": 30, "_step": 249, "_wandb": {"runtime": 31}}