{"train_acc": 1.0, "test_acc": 0.881272031800795, "val_acc": 0.8836756756756756, "loss": 1.2466042041778564, "_timestamp": 1648723238, "_runtime": 33, "_step": 249, "_wandb": {"runtime": 34}}