{"train_acc": 1.0, "test_acc": 0.5257731958762887, "val_acc": 0.547945205479452, "loss": 0.13020837306976318, "_timestamp": 1648867334, "_runtime": 21, "_step": 99, "_wandb": {"runtime": 22}}