{"train_acc": 1.0, "test_acc": 0.6, "val_acc": 0.6594594594594595, "loss": 0.9982630610466003, "_timestamp": 1648923034, "_runtime": 89, "_step": 249, "_wandb": {"runtime": 90}}