{"train_acc": 1.0, "test_acc": 0.8945473636840922, "val_acc": 0.8923243243243243, "loss": 1.305000901222229, "_timestamp": 1648879905, "_runtime": 149, "_step": 249, "_wandb": {"runtime": 150}}