{"train_acc": 0.9933333333333333, "test_acc": 0.6916666666666667, "val_acc": 0.6227027027027027, "loss": 1.0512043237686157, "_timestamp": 1648812352, "_runtime": 41, "_step": 249, "_wandb": {"runtime": 41}}