{"train_acc": 1.0, "test_acc": 0.7025455776937405, "val_acc": 0.7118733509234828, "loss": 0.14707110822200775, "_timestamp": 1648785575, "_runtime": 65, "_step": 599, "_wandb": {"runtime": 66}}