{"train_acc": 1.0, "test_acc": 0.702827792515663, "val_acc": 0.704935064935065, "loss": 0.0806834027171135, "_timestamp": 1648842247, "_runtime": 293, "_step": 599, "_wandb": {"runtime": 294}}