{"train_acc": 1.0, "test_acc": 0.6350515463917525, "val_acc": 0.6208219178082192, "loss": 0.08599302917718887, "_timestamp": 1648911418, "_runtime": 13, "_step": 99, "_wandb": {"runtime": 14}}