{"train_acc": 0.14285714285714285, "test_acc": 0.12371134020618557, "val_acc": 0.14191780821917807, "loss": NaN, "_timestamp": 1648871485, "_runtime": 47, "_step": 99, "_wandb": {"runtime": 48}}