{"train_acc": 1.0, "test_acc": 0.5628865979381443, "val_acc": 0.5364383561643835, "loss": 0.14442332088947296, "_timestamp": 1648717809, "_runtime": 16, "_step": 99, "_wandb": {"runtime": 17}}