{"train_acc": 0.9657142857142857, "test_acc": 0.8, "val_acc": 0.8005479452054794, "loss": 0.3081645667552948, "_timestamp": 1648913488, "_runtime": 16, "_step": 99, "_wandb": {"runtime": 16}}