{"train_acc": 1.0, "test_acc": 0.6844273861263194, "val_acc": 0.6872727272727273, "loss": 0.1259874850511551, "_timestamp": 1648815537, "_runtime": 66, "_step": 599, "_wandb": {"runtime": 67}}