{"train_acc": 1.0, "test_acc": 0.891022275556889, "val_acc": 0.8905945945945946, "loss": 1.194699764251709, "_timestamp": 1648725054, "_runtime": 29, "_step": 249, "_wandb": {"runtime": 30}}