{"train_acc": 1.0, "test_acc": 0.688659793814433, "val_acc": 0.6772602739726027, "loss": 0.09692741185426712, "_timestamp": 1648909864, "_runtime": 14, "_step": 99, "_wandb": {"runtime": 15}}