{"train_acc": 1.0, "test_acc": 0.7281706835242987, "val_acc": 0.7271767810026385, "loss": 0.12921057641506195, "_timestamp": 1648793879, "_runtime": 50, "_step": 599, "_wandb": {"runtime": 51}}