{"train_acc": 1.0, "test_acc": 0.5773195876288659, "val_acc": 0.5786301369863014, "loss": 0.1457911729812622, "_timestamp": 1648807143, "_runtime": 16, "_step": 99, "_wandb": {"runtime": 17}}