{"train_acc": 1.0, "test_acc": 0.6350515463917525, "val_acc": 0.6142465753424657, "loss": 0.09669984877109528, "_timestamp": 1648817006, "_runtime": 59, "_step": 99, "_wandb": {"runtime": 60}}