{"train_acc": 0.9666666666666667, "test_acc": 0.6833333333333333, "val_acc": 0.6497297297297298, "loss": 1.0807324647903442, "_timestamp": 1648801499, "_runtime": 18, "_step": 249, "_wandb": {"runtime": 19}}