{"train_acc": 1.0, "test_acc": 0.7386126319354293, "val_acc": 0.732987012987013, "loss": 0.0865398570895195, "_timestamp": 1648805739, "_runtime": 44, "_step": 599, "_wandb": {"runtime": 44}}