{"train_acc": 1.0, "test_acc": 0.7752577319587629, "val_acc": 0.7517808219178083, "loss": 0.05311305448412895, "_timestamp": 1648809105, "_runtime": 29, "_step": 99, "_wandb": {"runtime": 29}}