{"train_acc": 1.0, "test_acc": 0.575, "val_acc": 0.6102702702702703, "loss": 1.1413629055023193, "_timestamp": 1648922303, "_runtime": 92, "_step": 249, "_wandb": {"runtime": 93}}