{"train_acc": 1.0, "test_acc": 0.6206185567010309, "val_acc": 0.6104109589041096, "loss": 0.1543600857257843, "_timestamp": 1648863502, "_runtime": 14, "_step": 99, "_wandb": {"runtime": 14}}