{"train_acc": 0.3333333333333333, "test_acc": 0.20833098154315063, "val_acc": 0.20103896103896104, "loss": NaN, "_timestamp": 1648853234, "_runtime": 288, "_step": 599, "_wandb": {"runtime": 288}}