{"train_acc": 1.0, "test_acc": 0.8913972849321233, "val_acc": 0.8947027027027027, "loss": 1.2567092180252075, "_timestamp": 1648880013, "_runtime": 96, "_step": 249, "_wandb": {"runtime": 96}}