{"train_acc": 1.0, "test_acc": 0.575, "val_acc": 0.6454054054054054, "loss": 1.0284427404403687, "_timestamp": 1648805155, "_runtime": 21, "_step": 249, "_wandb": {"runtime": 22}}