{"train_acc": 1.0, "test_acc": 0.887947198679967, "val_acc": 0.8884324324324324, "loss": 1.2626315355300903, "_timestamp": 1648721067, "_runtime": 65, "_step": 249, "_wandb": {"runtime": 66}}