{"train_acc": 1.0, "test_acc": 0.5567010309278351, "val_acc": 0.553972602739726, "loss": 0.1471223384141922, "_timestamp": 1648860988, "_runtime": 13, "_step": 99, "_wandb": {"runtime": 14}}