{"train_acc": 1.0, "test_acc": 0.6083333333333333, "val_acc": 0.6545945945945946, "loss": 1.109344720840454, "_timestamp": 1648910789, "_runtime": 19, "_step": 249, "_wandb": {"runtime": 19}}