{"train_acc": 1.0, "test_acc": 0.5360824742268041, "val_acc": 0.5578082191780822, "loss": 0.15621037781238556, "_timestamp": 1648811248, "_runtime": 39, "_step": 99, "_wandb": {"runtime": 40}}