{"train_acc": 1.0, "test_acc": 0.7933058644239995, "val_acc": 0.7953246753246753, "loss": 0.007425596006214619, "_timestamp": 1648821463, "_runtime": 138, "_step": 599, "_wandb": {"runtime": 139}}