{"train_acc": 0.9933333333333333, "test_acc": 0.6, "val_acc": 0.62, "loss": 1.1712898015975952, "_timestamp": 1648722921, "_runtime": 23, "_step": 249, "_wandb": {"runtime": 24}}