{"train_acc": 1.0, "test_acc": 0.5402061855670103, "val_acc": 0.5517808219178082, "loss": 0.11786965280771255, "_timestamp": 1648910766, "_runtime": 15, "_step": 99, "_wandb": {"runtime": 16}}