{"train_acc": 1.0, "test_acc": 0.7546391752577319, "val_acc": 0.7621917808219179, "loss": 0.02075878158211708, "_timestamp": 1648802457, "_runtime": 18, "_step": 99, "_wandb": {"runtime": 18}}