{"train_acc": 1.0, "test_acc": 0.5416666666666666, "val_acc": 0.6097297297297297, "loss": 1.1459617614746094, "_timestamp": 1648804003, "_runtime": 20, "_step": 249, "_wandb": {"runtime": 21}}