{"train_acc": 0.16666666666666666, "test_acc": 0.11666666666666667, "val_acc": 0.046486486486486484, "loss": NaN, "_timestamp": 1648803734, "_runtime": 20, "_step": 249, "_wandb": {"runtime": 21}}