{"train_acc": 0.9828571428571429, "test_acc": 0.8597938144329897, "val_acc": 0.8153424657534246, "loss": 0.10200154781341553, "_timestamp": 1648911443, "_runtime": 13, "_step": 99, "_wandb": {"runtime": 14}}