{"train_acc": 0.9933333333333333, "test_acc": 0.6583333333333333, "val_acc": 0.6427027027027027, "loss": 1.0046110153198242, "_timestamp": 1648861194, "_runtime": 22, "_step": 249, "_wandb": {"runtime": 22}}