{"train_acc": 1.0, "test_acc": 0.6515463917525773, "val_acc": 0.6854794520547945, "loss": 0.06843425333499908, "_timestamp": 1648805720, "_runtime": 18, "_step": 99, "_wandb": {"runtime": 18}}