{"train_acc": 1.0, "test_acc": 0.877671941798545, "val_acc": 0.8836756756756756, "loss": 1.2055543661117554, "_timestamp": 1648807324, "_runtime": 34, "_step": 249, "_wandb": {"runtime": 35}}