{"train_acc": 1.0, "test_acc": 0.5649484536082474, "val_acc": 0.5375342465753424, "loss": 0.09934337437152863, "_timestamp": 1648805297, "_runtime": 20, "_step": 99, "_wandb": {"runtime": 20}}