{"train_acc": 0.9933333333333333, "test_acc": 0.55, "val_acc": 0.6313513513513513, "loss": 1.1457550525665283, "_timestamp": 1648911751, "_runtime": 18, "_step": 249, "_wandb": {"runtime": 19}}