{"train_acc": 1.0, "test_acc": 0.7221312863351583, "val_acc": 0.7092348284960422, "loss": 0.15031112730503082, "_timestamp": 1648794036, "_runtime": 73, "_step": 599, "_wandb": {"runtime": 74}}