{"train_acc": 1.0, "test_acc": 0.6666666666666666, "val_acc": 0.6410810810810811, "loss": 1.0997562408447266, "_timestamp": 1648719210, "_runtime": 174, "_step": 249, "_wandb": {"runtime": 174}}