{"train_acc": 1.0, "test_acc": 0.8624465611640291, "val_acc": 0.8633513513513513, "loss": 1.2859121561050415, "_timestamp": 1648802441, "_runtime": 33, "_step": 249, "_wandb": {"runtime": 34}}