{"train_acc": 1.0, "test_acc": 0.5422680412371134, "val_acc": 0.5775342465753425, "loss": 0.13385461270809174, "_timestamp": 1648721073, "_runtime": 50, "_step": 99, "_wandb": {"runtime": 51}}