{"train_acc": 0.98, "test_acc": 0.6916666666666667, "val_acc": 0.6308108108108108, "loss": 1.1365938186645508, "_timestamp": 1648909269, "_runtime": 20, "_step": 249, "_wandb": {"runtime": 20}}