{"train_acc": 1.0, "test_acc": 0.5711340206185567, "val_acc": 0.566027397260274, "loss": 0.13444733619689941, "_timestamp": 1648803220, "_runtime": 16, "_step": 99, "_wandb": {"runtime": 45}}