{"train_acc": 1.0, "test_acc": 0.6083333333333333, "val_acc": 0.6102702702702703, "loss": 1.0318111181259155, "_timestamp": 1648911659, "_runtime": 18, "_step": 249, "_wandb": {"runtime": 18}}