{"train_acc": 1.0, "test_acc": 0.6185567010309279, "val_acc": 0.6093150684931506, "loss": 0.09797307848930359, "_timestamp": 1648911159, "_runtime": 16, "_step": 99, "_wandb": {"runtime": 16}}