{"train_acc": 1.0, "test_acc": 0.7007958457978213, "val_acc": 0.7085714285714285, "loss": 0.09616751968860626, "_timestamp": 1648870778, "_runtime": 66, "_step": 599, "_wandb": {"runtime": 66}}