{"train_acc": 1.0, "test_acc": 0.8733218330458261, "val_acc": 0.8782702702702703, "loss": 1.2196099758148193, "_timestamp": 1648805154, "_runtime": 31, "_step": 249, "_wandb": {"runtime": 32}}