{"train_acc": 1.0, "test_acc": 0.7319587628865979, "val_acc": 0.7112328767123288, "loss": 0.04773061349987984, "_timestamp": 1648807524, "_runtime": 20, "_step": 99, "_wandb": {"runtime": 20}}