{"train_acc": 1.0, "test_acc": 0.697296382005983, "val_acc": 0.6992207792207792, "loss": 0.12454143166542053, "_timestamp": 1648867654, "_runtime": 50, "_step": 599, "_wandb": {"runtime": 50}}