{"train_acc": 1.0, "test_acc": 0.7932494214596151, "val_acc": 0.7864935064935065, "loss": 1.1787819858000148e-05, "_timestamp": 1648810403, "_runtime": 53, "_step": 599, "_wandb": {"runtime": 54}}