{"train_acc": 1.0, "test_acc": 0.7628865979381443, "val_acc": 0.812054794520548, "loss": 0.011063610203564167, "_timestamp": 1648911701, "_runtime": 14, "_step": 99, "_wandb": {"runtime": 16}}