{"train_acc": 1.0, "test_acc": 0.7386690748998137, "val_acc": 0.7397402597402597, "loss": 0.12022140622138977, "_timestamp": 1648864988, "_runtime": 47, "_step": 599, "_wandb": {"runtime": 48}}