{"train_acc": 1.0, "test_acc": 0.8863721593039826, "val_acc": 0.8901621621621622, "loss": 1.17880117893219, "_timestamp": 1648718219, "_runtime": 167, "_step": 249, "_wandb": {"runtime": 168}}