{"train_acc": 1.0, "test_acc": 0.7657616978043686, "val_acc": 0.7553246753246753, "loss": 0.00879446230828762, "_timestamp": 1648816185, "_runtime": 67, "_step": 599, "_wandb": {"runtime": 67}}