{"train_acc": 0.14285714285714285, "test_acc": 0.15257731958762888, "val_acc": 0.13424657534246576, "loss": NaN, "_timestamp": 1648917526, "_runtime": 27, "_step": 99, "_wandb": {"runtime": 28}}