{"train_acc": 0.9857142857142858, "test_acc": 0.7628865979381443, "val_acc": 0.7645161290322581, "loss": 0.07617761939764023, "_timestamp": 1648530635, "_runtime": 84, "_step": 299, "_wandb": {"runtime": 84}}