{"train_acc": 1.0, "test_acc": 0.712874640176102, "val_acc": 0.7038961038961039, "loss": 0.08203797787427902, "_timestamp": 1648815182, "_runtime": 70, "_step": 599, "_wandb": {"runtime": 70}}