{"train_acc": 1.0, "test_acc": 0.5298969072164949, "val_acc": 0.5906849315068493, "loss": 0.11225195974111557, "_timestamp": 1648721172, "_runtime": 87, "_step": 99, "_wandb": {"runtime": 88}}