{"train_acc": 1.0, "test_acc": 0.875271881797045, "val_acc": 0.8802162162162163, "loss": 1.2975407838821411, "_timestamp": 1648804512, "_runtime": 27, "_step": 249, "_wandb": {"runtime": 28}}