{"train_acc": 0.8266666666666667, "test_acc": 0.6633177174465202, "val_acc": 0.6836363636363636, "loss": 1.0384776592254639, "_timestamp": 1648825720, "_runtime": 216, "_step": 599, "_wandb": {"runtime": 216}}