{"train_acc": 1.0, "test_acc": 0.8898972474311858, "val_acc": 0.8966486486486487, "loss": 1.3069126605987549, "_timestamp": 1648821492, "_runtime": 79, "_step": 249, "_wandb": {"runtime": 80}}