{"train_acc": 0.14285714285714285, "test_acc": 0.16082474226804125, "val_acc": 0.13205479452054794, "loss": NaN, "_timestamp": 1648804466, "_runtime": 13, "_step": 99, "_wandb": {"runtime": 14}}