{"train_acc": 1.0, "test_acc": 0.7166666666666667, "val_acc": 0.6697297297297298, "loss": 1.0665497779846191, "_timestamp": 1648912364, "_runtime": 20, "_step": 249, "_wandb": {"runtime": 20}}