{"train_acc": 1.0, "test_acc": 0.7670103092783506, "val_acc": 0.7786301369863013, "loss": 0.021162526682019234, "_timestamp": 1648907877, "_runtime": 13, "_step": 99, "_wandb": {"runtime": 15}}