{"train_acc": 0.9466666666666667, "test_acc": 0.7333333333333333, "val_acc": 0.7162162162162162, "loss": 0.6852772235870361, "_timestamp": 1648809457, "_runtime": 32, "_step": 249, "_wandb": {"runtime": 32}}