{"train_acc": 1.0, "test_acc": 0.8802220055501387, "val_acc": 0.8856216216216216, "loss": 1.215126633644104, "_timestamp": 1648869447, "_runtime": 32, "_step": 249, "_wandb": {"runtime": 33}}