{"train_acc": 0.16666666666666666, "test_acc": 0.09166666666666666, "val_acc": 0.04810810810810811, "loss": NaN, "_timestamp": 1648803403, "_runtime": 17, "_step": 249, "_wandb": {"runtime": 18}}