{"train_acc": 1.0, "test_acc": 0.5876288659793815, "val_acc": 0.5769863013698631, "loss": 0.11137962341308594, "_timestamp": 1648912039, "_runtime": 16, "_step": 99, "_wandb": {"runtime": 17}}