{"train_acc": 0.9866666666666667, "test_acc": 0.6416666666666667, "val_acc": 0.6421621621621622, "loss": 1.0355539321899414, "_timestamp": 1648871122, "_runtime": 71, "_step": 249, "_wandb": {"runtime": 72}}