{"train_acc": 1.0, "test_acc": 0.75, "val_acc": 0.6810810810810811, "loss": 1.0396966934204102, "_timestamp": 1648725711, "_runtime": 28, "_step": 249, "_wandb": {"runtime": 28}}