{"train_acc": 1.0, "test_acc": 0.5608247422680412, "val_acc": 0.570958904109589, "loss": 0.13693751394748688, "_timestamp": 1648809398, "_runtime": 24, "_step": 99, "_wandb": {"runtime": 25}}