{"train_acc": 0.9933333333333333, "test_acc": 0.65, "val_acc": 0.6459459459459459, "loss": 1.1025718450546265, "_timestamp": 1648722345, "_runtime": 171, "_step": 249, "_wandb": {"runtime": 172}}