{"train_acc": 1.0, "test_acc": 0.7361855844668962, "val_acc": 0.7428571428571429, "loss": 0.004008700605481863, "_timestamp": 1648801940, "_runtime": 42, "_step": 599, "_wandb": {"runtime": 42}}