{"train_acc": 1.0, "test_acc": 0.5711340206185567, "val_acc": 0.5747945205479452, "loss": 0.13147297501564026, "_timestamp": 1648808525, "_runtime": 23, "_step": 99, "_wandb": {"runtime": 24}}