{"train_acc": 1.0, "test_acc": 0.5833333333333334, "val_acc": 0.6221621621621621, "loss": 1.0456684827804565, "_timestamp": 1648801663, "_runtime": 21, "_step": 249, "_wandb": {"runtime": 22}}