{"train_acc": 1.0, "test_acc": 0.5752577319587628, "val_acc": 0.5687671232876712, "loss": 0.11449882388114929, "_timestamp": 1648816646, "_runtime": 59, "_step": 99, "_wandb": {"runtime": 59}}