{"train_acc": 0.9933333333333333, "test_acc": 0.6166666666666667, "val_acc": 0.6086486486486486, "loss": 1.162202000617981, "_timestamp": 1648807089, "_runtime": 23, "_step": 249, "_wandb": {"runtime": 24}}