{"train_acc": 1.0, "test_acc": 0.8835220880522013, "val_acc": 0.8830270270270271, "loss": 1.2793989181518555, "_timestamp": 1648801586, "_runtime": 29, "_step": 249, "_wandb": {"runtime": 30}}