{"train_acc": 0.050666666666666665, "test_acc": 0.06952673816845421, "val_acc": 0.07221621621621621, "loss": 2418811076608.0, "_timestamp": 1648802307, "_runtime": 29, "_step": 249, "_wandb": {"runtime": 29}}