{"train_acc": 1.0, "test_acc": 0.5484536082474227, "val_acc": 0.5643835616438356, "loss": 0.20185208320617676, "_timestamp": 1648806816, "_runtime": 18, "_step": 99, "_wandb": {"runtime": 19}}