{"train_acc": 1.0, "test_acc": 0.7402061855670103, "val_acc": 0.6986301369863014, "loss": 0.07377468794584274, "_timestamp": 1648910117, "_runtime": 14, "_step": 99, "_wandb": {"runtime": 15}}