{"train_acc": 0.9933333333333333, "test_acc": 0.65, "val_acc": 0.6183783783783784, "loss": 1.059655785560608, "_timestamp": 1648725180, "_runtime": 27, "_step": 249, "_wandb": {"runtime": 28}}