{"train_acc": 1.0, "test_acc": 0.6166666666666667, "val_acc": 0.6054054054054054, "loss": 1.1262577772140503, "_timestamp": 1648915006, "_runtime": 33, "_step": 249, "_wandb": {"runtime": 34}}