{"train_acc": 0.9866666666666667, "test_acc": 0.6, "val_acc": 0.6086486486486486, "loss": 1.0799822807312012, "_timestamp": 1648913202, "_runtime": 19, "_step": 249, "_wandb": {"runtime": 20}}