{"train_acc": 1.0, "test_acc": 0.8845721143028575, "val_acc": 0.8854054054054054, "loss": 1.317286729812622, "_timestamp": 1648861147, "_runtime": 30, "_step": 249, "_wandb": {"runtime": 31}}