{"train_acc": 1.0, "test_acc": 0.7340407518202856, "val_acc": 0.7122077922077922, "loss": 0.10239604860544205, "_timestamp": 1648870856, "_runtime": 67, "_step": 599, "_wandb": {"runtime": 67}}