{"train_acc": 1.0, "test_acc": 0.7016424902635886, "val_acc": 0.692987012987013, "loss": 0.10892126709222794, "_timestamp": 1648860761, "_runtime": 41, "_step": 599, "_wandb": {"runtime": 42}}