{"train_acc": 1.0, "test_acc": 0.8869721743043576, "val_acc": 0.8923243243243243, "loss": 1.2433898448944092, "_timestamp": 1648722644, "_runtime": 29, "_step": 249, "_wandb": {"runtime": 30}}