{"train_acc": 1.0, "test_acc": 0.5298969072164949, "val_acc": 0.536986301369863, "loss": 0.10444386303424835, "_timestamp": 1648867372, "_runtime": 27, "_step": 99, "_wandb": {"runtime": 28}}