{"train_acc": 1.0, "test_acc": 0.6083333333333333, "val_acc": 0.6264864864864865, "loss": 1.140183448791504, "_timestamp": 1648911257, "_runtime": 21, "_step": 249, "_wandb": {"runtime": 21}}