{"train_acc": 1.0, "test_acc": 0.7, "val_acc": 0.6767567567567567, "loss": 0.8061835169792175, "_timestamp": 1648802646, "_runtime": 22, "_step": 249, "_wandb": {"runtime": 23}}