{"train_acc": 0.9733333333333334, "test_acc": 0.5333333333333333, "val_acc": 0.6281081081081081, "loss": 1.0596795082092285, "_timestamp": 1648915341, "_runtime": 37, "_step": 249, "_wandb": {"runtime": 37}}