{"train_acc": 1.0, "test_acc": 0.723824575266693, "val_acc": 0.7298701298701299, "loss": 0.10974034667015076, "_timestamp": 1648870305, "_runtime": 69, "_step": 599, "_wandb": {"runtime": 70}}