{"train_acc": 0.9933333333333333, "test_acc": 0.7583333333333333, "val_acc": 0.6410810810810811, "loss": 1.1256009340286255, "_timestamp": 1648909510, "_runtime": 17, "_step": 249, "_wandb": {"runtime": 18}}