{"train_acc": 1.0, "test_acc": 0.7020375910142801, "val_acc": 0.6857142857142857, "loss": 0.1257021129131317, "_timestamp": 1648877066, "_runtime": 201, "_step": 599, "_wandb": {"runtime": 202}}