{"train_acc": 0.14285714285714285, "test_acc": 0.12989690721649486, "val_acc": 0.14027397260273972, "loss": NaN, "_timestamp": 1648919496, "_runtime": 45, "_step": 99, "_wandb": {"runtime": 46}}