{"train_acc": 0.9933333333333333, "test_acc": 0.6416666666666667, "val_acc": 0.6448648648648648, "loss": 1.1157093048095703, "_timestamp": 1648921579, "_runtime": 91, "_step": 249, "_wandb": {"runtime": 92}}