{"train_acc": 1.0, "test_acc": 0.5463917525773195, "val_acc": 0.5704109589041096, "loss": 0.1510443389415741, "_timestamp": 1648805469, "_runtime": 20, "_step": 99, "_wandb": {"runtime": 22}}