{"train_acc": 1.0, "test_acc": 0.5216494845360825, "val_acc": 0.5320547945205479, "loss": 0.15707065165042877, "_timestamp": 1648907576, "_runtime": 13, "_step": 99, "_wandb": {"runtime": 15}}