{"train_acc": 1.0, "test_acc": 0.7050855110910424, "val_acc": 0.7007792207792207, "loss": 0.07715129852294922, "_timestamp": 1648879079, "_runtime": 215, "_step": 599, "_wandb": {"runtime": 216}}