{"train_acc": 1.0, "test_acc": 0.6583333333333333, "val_acc": 0.6464864864864864, "loss": 1.0308458805084229, "_timestamp": 1648908653, "_runtime": 15, "_step": 249, "_wandb": {"runtime": 16}}