{"train_acc": 1.0, "test_acc": 0.8688217205430135, "val_acc": 0.8707027027027027, "loss": 1.1735179424285889, "_timestamp": 1648860655, "_runtime": 34, "_step": 249, "_wandb": {"runtime": 34}}