{"train_acc": 1.0, "test_acc": 0.8796969924248106, "val_acc": 0.8823783783783784, "loss": 1.2757395505905151, "_timestamp": 1648718913, "_runtime": 29, "_step": 249, "_wandb": {"runtime": 30}}