{"train_acc": 1.0, "test_acc": 0.890947273681842, "val_acc": 0.8927567567567568, "loss": 1.192578911781311, "_timestamp": 1648722603, "_runtime": 30, "_step": 249, "_wandb": {"runtime": 32}}