{"train_acc": 1.0, "test_acc": 0.5567010309278351, "val_acc": 0.5715068493150685, "loss": 0.15017962455749512, "_timestamp": 1648863933, "_runtime": 17, "_step": 99, "_wandb": {"runtime": 17}}