{"train_acc": 1.0, "test_acc": 0.5731958762886598, "val_acc": 0.5468493150684931, "loss": 0.12983015179634094, "_timestamp": 1648909317, "_runtime": 14, "_step": 99, "_wandb": {"runtime": 15}}