{"train_acc": 1.0, "test_acc": 0.5731958762886598, "val_acc": 0.564931506849315, "loss": 0.1107976883649826, "_timestamp": 1648864039, "_runtime": 17, "_step": 99, "_wandb": {"runtime": 17}}