{"train_acc": 1.0, "test_acc": 0.6333333333333333, "val_acc": 0.632972972972973, "loss": 1.080647349357605, "_timestamp": 1648803971, "_runtime": 22, "_step": 249, "_wandb": {"runtime": 23}}