{"train_acc": 1.0, "test_acc": 0.8760219005475137, "val_acc": 0.8810810810810811, "loss": 1.2740705013275146, "_timestamp": 1648866272, "_runtime": 38, "_step": 249, "_wandb": {"runtime": 39}}