{"train_acc": 0.9866666666666667, "test_acc": 0.6333333333333333, "val_acc": 0.6291891891891892, "loss": 1.0294547080993652, "_timestamp": 1648861464, "_runtime": 16, "_step": 249, "_wandb": {"runtime": 17}}