{"train_acc": 1.0, "test_acc": 0.8992724818120453, "val_acc": 0.8985945945945946, "loss": 1.28553307056427, "_timestamp": 1648877247, "_runtime": 150, "_step": 249, "_wandb": {"runtime": 151}}