{"train_acc": 1.0, "test_acc": 0.8647716192904823, "val_acc": 0.8771891891891892, "loss": 1.2866493463516235, "_timestamp": 1648802607, "_runtime": 28, "_step": 249, "_wandb": {"runtime": 29}}