{"train_acc": 0.98, "test_acc": 0.6, "val_acc": 0.607027027027027, "loss": 1.1575541496276855, "_timestamp": 1648915860, "_runtime": 37, "_step": 249, "_wandb": {"runtime": 37}}