{"train_acc": 1.0, "test_acc": 0.8763219080477012, "val_acc": 0.8856216216216216, "loss": 1.3372843265533447, "_timestamp": 1648806342, "_runtime": 36, "_step": 249, "_wandb": {"runtime": 36}}