{"train_acc": 1.0, "test_acc": 0.8900472511812796, "val_acc": 0.8925405405405406, "loss": 1.3567321300506592, "_timestamp": 1648868010, "_runtime": 33, "_step": 249, "_wandb": {"runtime": 34}}