{"train_acc": 0.9942857142857143, "test_acc": 0.5484536082474227, "val_acc": 0.5863013698630137, "loss": 0.14362892508506775, "_timestamp": 1648914936, "_runtime": 20, "_step": 99, "_wandb": {"runtime": 21}}