{"train_acc": 1.0, "test_acc": 0.7294124287407575, "val_acc": 0.7257142857142858, "loss": 0.08519607037305832, "_timestamp": 1648886171, "_runtime": 293, "_step": 599, "_wandb": {"runtime": 294}}