{"train_acc": 1.0, "test_acc": 0.6846531579838573, "val_acc": 0.6805194805194805, "loss": 0.08044551312923431, "_timestamp": 1648802342, "_runtime": 39, "_step": 599, "_wandb": {"runtime": 39}}