{"train_acc": 1.0, "test_acc": 0.6416666666666667, "val_acc": 0.6497297297297298, "loss": 1.0901962518692017, "_timestamp": 1648918560, "_runtime": 54, "_step": 249, "_wandb": {"runtime": 55}}