{"train_acc": 1.0, "test_acc": 0.8813470336758419, "val_acc": 0.8847567567567568, "loss": 1.2810146808624268, "_timestamp": 1648865928, "_runtime": 41, "_step": 249, "_wandb": {"runtime": 41}}