{"train_acc": 0.9933333333333333, "test_acc": 0.7083333333333334, "val_acc": 0.6545945945945946, "loss": 1.0940042734146118, "_timestamp": 1648869798, "_runtime": 39, "_step": 249, "_wandb": {"runtime": 39}}