{"train_acc": 1.0, "test_acc": 0.5463917525773195, "val_acc": 0.5534246575342465, "loss": 0.13034148514270782, "_timestamp": 1648862628, "_runtime": 17, "_step": 99, "_wandb": {"runtime": 18}}