{"train_acc": 0.9933333333333333, "test_acc": 0.6416666666666667, "val_acc": 0.6232432432432432, "loss": 1.0988739728927612, "_timestamp": 1648720195, "_runtime": 20, "_step": 249, "_wandb": {"runtime": 20}}