{"train_acc": 1.0, "test_acc": 0.7083333333333334, "val_acc": 0.6081081081081081, "loss": 1.1078366041183472, "_timestamp": 1648866563, "_runtime": 22, "_step": 249, "_wandb": {"runtime": 23}}