{"train_acc": 1.0, "test_acc": 0.7163741039679404, "val_acc": 0.7155672823218997, "loss": 0.11223970353603363, "_timestamp": 1648793757, "_runtime": 43, "_step": 599, "_wandb": {"runtime": 45}}