{"train_acc": 1.0, "test_acc": 0.5443298969072164, "val_acc": 0.5687671232876712, "loss": 0.1441953182220459, "_timestamp": 1648719176, "_runtime": 16, "_step": 99, "_wandb": {"runtime": 16}}