{"train_acc": 1.0, "test_acc": 0.5731958762886598, "val_acc": 0.5320547945205479, "loss": 0.1475849449634552, "_timestamp": 1648812819, "_runtime": 37, "_step": 99, "_wandb": {"runtime": 38}}