{"train_acc": 1.0, "test_acc": 0.5752577319587628, "val_acc": 0.5857534246575342, "loss": 0.11986979842185974, "_timestamp": 1648866748, "_runtime": 16, "_step": 99, "_wandb": {"runtime": 17}}