{"train_acc": 1.0, "test_acc": 0.5670103092783505, "val_acc": 0.5545205479452054, "loss": 0.13248099386692047, "_timestamp": 1648908054, "_runtime": 13, "_step": 99, "_wandb": {"runtime": 14}}