{"train_acc": 1.0, "test_acc": 0.5319587628865979, "val_acc": 0.5797260273972603, "loss": 0.13212145864963531, "_timestamp": 1648868243, "_runtime": 28, "_step": 99, "_wandb": {"runtime": 29}}