{"train_acc": 1.0, "test_acc": 0.8773719342983575, "val_acc": 0.8851891891891892, "loss": 1.3476133346557617, "_timestamp": 1648870298, "_runtime": 61, "_step": 249, "_wandb": {"runtime": 62}}