{"train_acc": 1.0, "test_acc": 0.625, "val_acc": 0.6335135135135135, "loss": 1.1356399059295654, "_timestamp": 1648861257, "_runtime": 18, "_step": 249, "_wandb": {"runtime": 19}}