{"train_acc": 1.0, "test_acc": 0.5416666666666666, "val_acc": 0.6237837837837837, "loss": 1.0881085395812988, "_timestamp": 1648806357, "_runtime": 24, "_step": 249, "_wandb": {"runtime": 26}}