{"train_acc": 0.9933333333333333, "test_acc": 0.625, "val_acc": 0.5978378378378378, "loss": 1.0794497728347778, "_timestamp": 1648806727, "_runtime": 21, "_step": 249, "_wandb": {"runtime": 22}}