{"train_acc": 1.0, "test_acc": 0.5237113402061856, "val_acc": 0.5632876712328767, "loss": 0.15445074439048767, "_timestamp": 1648801609, "_runtime": 15, "_step": 99, "_wandb": {"runtime": 16}}