{"train_acc": 0.9933333333333333, "test_acc": 0.625, "val_acc": 0.6227027027027027, "loss": 1.06373929977417, "_timestamp": 1648802750, "_runtime": 35, "_step": 249, "_wandb": {"runtime": 36}}