{"train_acc": 1.0, "test_acc": 0.696731952362138, "val_acc": 0.6883116883116883, "loss": 0.09066275507211685, "_timestamp": 1648862269, "_runtime": 47, "_step": 599, "_wandb": {"runtime": 47}}