{"train_acc": 1.0, "test_acc": 0.8790969774244356, "val_acc": 0.8890810810810811, "loss": 1.2287981510162354, "_timestamp": 1648718308, "_runtime": 33, "_step": 249, "_wandb": {"runtime": 34}}