{"train_acc": 1.0, "test_acc": 0.5463917525773195, "val_acc": 0.5287671232876713, "loss": 0.14345930516719818, "_timestamp": 1648802309, "_runtime": 14, "_step": 99, "_wandb": {"runtime": 15}}