{"train_acc": 1.0, "test_acc": 0.8784969624240606, "val_acc": 0.8812972972972973, "loss": 1.212177038192749, "_timestamp": 1648807991, "_runtime": 39, "_step": 249, "_wandb": {"runtime": 40}}