{"train_acc": 1.0, "test_acc": 0.554639175257732, "val_acc": 0.5194520547945205, "loss": 0.14804859459400177, "_timestamp": 1648807642, "_runtime": 19, "_step": 99, "_wandb": {"runtime": 19}}