{"train_acc": 0.9828571428571429, "test_acc": 0.8041237113402062, "val_acc": 0.793972602739726, "loss": 0.3099801540374756, "_timestamp": 1648916647, "_runtime": 30, "_step": 99, "_wandb": {"runtime": 30}}