{"train_acc": 1.0, "test_acc": 0.8858471461786545, "val_acc": 0.8910270270270271, "loss": 1.2849292755126953, "_timestamp": 1648804838, "_runtime": 40, "_step": 249, "_wandb": {"runtime": 41}}