{"train_acc": 1.0, "test_acc": 0.625, "val_acc": 0.6178378378378379, "loss": 1.131805419921875, "_timestamp": 1648814064, "_runtime": 66, "_step": 249, "_wandb": {"runtime": 66}}