{"train_acc": 1.0, "test_acc": 0.8877971949298733, "val_acc": 0.8918918918918919, "loss": 1.253015160560608, "_timestamp": 1648725105, "_runtime": 39, "_step": 249, "_wandb": {"runtime": 40}}