{"train_acc": 1.0, "test_acc": 0.6984816842580572, "val_acc": 0.6935064935064935, "loss": 0.06737516075372696, "_timestamp": 1648889520, "_runtime": 293, "_step": 599, "_wandb": {"runtime": 294}}