{"train_acc": 1.0, "test_acc": 0.6103092783505155, "val_acc": 0.5873972602739727, "loss": 0.14123275876045227, "_timestamp": 1648868496, "_runtime": 22, "_step": 99, "_wandb": {"runtime": 23}}