{"train_acc": 0.9866666666666667, "test_acc": 0.6166666666666667, "val_acc": 0.6189189189189189, "loss": 1.1082245111465454, "_timestamp": 1648869261, "_runtime": 50, "_step": 249, "_wandb": {"runtime": 50}}