{"train_acc": 1.0, "test_acc": 0.6412371134020619, "val_acc": 0.6301369863013698, "loss": 0.12490781396627426, "_timestamp": 1648808583, "_runtime": 20, "_step": 99, "_wandb": {"runtime": 20}}