{"train_acc": 1.0, "test_acc": 0.7023198058362026, "val_acc": 0.7111688311688311, "loss": 0.11986694484949112, "_timestamp": 1648872256, "_runtime": 127, "_step": 599, "_wandb": {"runtime": 128}}