{"train_acc": 1.0, "test_acc": 0.8728718217955449, "val_acc": 0.8806486486486487, "loss": 1.2929046154022217, "_timestamp": 1648810915, "_runtime": 36, "_step": 249, "_wandb": {"runtime": 36}}