{"train_acc": 1.0, "test_acc": 0.5298969072164949, "val_acc": 0.5578082191780822, "loss": 0.14728763699531555, "_timestamp": 1648801742, "_runtime": 14, "_step": 99, "_wandb": {"runtime": 14}}