{"train_acc": 1.0, "test_acc": 0.7353953829655133, "val_acc": 0.7480519480519481, "loss": 0.10596010833978653, "_timestamp": 1648863536, "_runtime": 42, "_step": 599, "_wandb": {"runtime": 43}}