{"train_acc": 1.0, "test_acc": 0.5525773195876289, "val_acc": 0.5430136986301369, "loss": 0.12352754920721054, "_timestamp": 1648919156, "_runtime": 43, "_step": 99, "_wandb": {"runtime": 44}}