{"train_acc": 1.0, "test_acc": 0.5731958762886598, "val_acc": 0.5506849315068493, "loss": 0.12532223761081696, "_timestamp": 1648867714, "_runtime": 34, "_step": 99, "_wandb": {"runtime": 33}}