{"train_acc": 1.0, "test_acc": 0.5876288659793815, "val_acc": 0.5424657534246575, "loss": 0.1167173907160759, "_timestamp": 1648718622, "_runtime": 24, "_step": 99, "_wandb": {"runtime": 24}}