{"train_acc": 1.0, "test_acc": 0.8778219455486387, "val_acc": 0.8856216216216216, "loss": 1.3252379894256592, "_timestamp": 1648867451, "_runtime": 30, "_step": 249, "_wandb": {"runtime": 31}}