{"train_acc": 1.0, "test_acc": 0.8862971574289358, "val_acc": 0.8912432432432432, "loss": 1.3146663904190063, "_timestamp": 1648863742, "_runtime": 34, "_step": 249, "_wandb": {"runtime": 34}}