{"train_acc": 0.14285714285714285, "test_acc": 0.1422680412371134, "val_acc": 0.136986301369863, "loss": NaN, "_timestamp": 1648866506, "_runtime": 16, "_step": 99, "_wandb": {"runtime": 16}}