{"train_acc": 1.0, "test_acc": 0.55, "val_acc": 0.6172972972972973, "loss": 1.0827518701553345, "_timestamp": 1648810666, "_runtime": 48, "_step": 249, "_wandb": {"runtime": 49}}