{"train_acc": 0.9146666666666666, "test_acc": 0.8510462761569039, "val_acc": 0.849945945945946, "loss": 2.113473653793335, "_timestamp": 1648803635, "_runtime": 32, "_step": 249, "_wandb": {"runtime": 33}}