{"train_acc": 1.0, "test_acc": 0.5216494845360825, "val_acc": 0.5386301369863014, "loss": 0.16316205263137817, "_timestamp": 1648909032, "_runtime": 14, "_step": 99, "_wandb": {"runtime": 15}}