{"train_acc": 1.0, "test_acc": 0.6333333333333333, "val_acc": 0.6156756756756757, "loss": 1.0027260780334473, "_timestamp": 1648911382, "_runtime": 19, "_step": 249, "_wandb": {"runtime": 19}}