{"train_acc": 1.0, "test_acc": 0.5833333333333334, "val_acc": 0.6291891891891892, "loss": 1.0920873880386353, "_timestamp": 1648806800, "_runtime": 24, "_step": 249, "_wandb": {"runtime": 25}}