{"train_acc": 1.0, "test_acc": 0.7201557825817012, "val_acc": 0.7324538258575198, "loss": 0.15135157108306885, "_timestamp": 1648787599, "_runtime": 297, "_step": 599, "_wandb": {"runtime": 298}}