{"train_acc": 1.0, "test_acc": 0.8803720093002325, "val_acc": 0.8851891891891892, "loss": 1.312351942062378, "_timestamp": 1648870536, "_runtime": 49, "_step": 249, "_wandb": {"runtime": 50}}