{"train_acc": 1.0, "test_acc": 0.5958762886597938, "val_acc": 0.5967123287671233, "loss": 0.11701498925685883, "_timestamp": 1648909711, "_runtime": 14, "_step": 99, "_wandb": {"runtime": 15}}