{"train_acc": 1.0, "test_acc": 0.6792910763673308, "val_acc": 0.6633766233766234, "loss": 0.07659220695495605, "_timestamp": 1648808792, "_runtime": 51, "_step": 599, "_wandb": {"runtime": 52}}