{"train_acc": 1.0, "test_acc": 0.5690721649484536, "val_acc": 0.5808219178082191, "loss": 0.13712914288043976, "_timestamp": 1648806376, "_runtime": 15, "_step": 99, "_wandb": {"runtime": 16}}