{"train_acc": 1.0, "test_acc": 0.5608247422680412, "val_acc": 0.5627397260273973, "loss": 0.11888725310564041, "_timestamp": 1648864596, "_runtime": 15, "_step": 99, "_wandb": {"runtime": 15}}