{"train_acc": 1.0, "test_acc": 0.6, "val_acc": 0.6183783783783784, "loss": 1.1561779975891113, "_timestamp": 1648917567, "_runtime": 55, "_step": 249, "_wandb": {"runtime": 56}}