{"train_acc": 1.0, "test_acc": 0.6166666666666667, "val_acc": 0.607027027027027, "loss": 1.1259444952011108, "_timestamp": 1648808948, "_runtime": 26, "_step": 249, "_wandb": {"runtime": 26}}