{"train_acc": 1.0, "test_acc": 0.6916666666666667, "val_acc": 0.6362162162162163, "loss": 1.1868705749511719, "_timestamp": 1648868318, "_runtime": 51, "_step": 249, "_wandb": {"runtime": 52}}