{"train_acc": 0.9866666666666667, "test_acc": 0.6166666666666667, "val_acc": 0.6227027027027027, "loss": 1.0573546886444092, "_timestamp": 1648865022, "_runtime": 22, "_step": 249, "_wandb": {"runtime": 23}}