{"train_acc": 0.9933333333333333, "test_acc": 0.6416666666666667, "val_acc": 0.6416216216216216, "loss": 1.1565546989440918, "_timestamp": 1648907496, "_runtime": 15, "_step": 249, "_wandb": {"runtime": 16}}