{"train_acc": 1.0, "test_acc": 0.5422680412371134, "val_acc": 0.5512328767123288, "loss": 0.14427971839904785, "_timestamp": 1648717516, "_runtime": 13, "_step": 99, "_wandb": {"runtime": 14}}