{"train_acc": 1.0, "test_acc": 0.6583333333333333, "val_acc": 0.6610810810810811, "loss": 1.0362179279327393, "_timestamp": 1648871725, "_runtime": 81, "_step": 249, "_wandb": {"runtime": 81}}