{"train_acc": 0.9866666666666667, "test_acc": 0.6166666666666667, "val_acc": 0.6502702702702703, "loss": 1.0530081987380981, "_timestamp": 1648909392, "_runtime": 20, "_step": 249, "_wandb": {"runtime": 20}}