{"train_acc": 1.0, "test_acc": 0.7119151097815657, "val_acc": 0.7184415584415584, "loss": 0.07510513067245483, "_timestamp": 1648811610, "_runtime": 57, "_step": 599, "_wandb": {"runtime": 57}}