{"train_acc": 1.0, "test_acc": 0.5216494845360825, "val_acc": 0.547945205479452, "loss": 0.1325041800737381, "_timestamp": 1648912944, "_runtime": 16, "_step": 99, "_wandb": {"runtime": 16}}