{"train_acc": 0.14285714285714285, "test_acc": 0.13195876288659794, "val_acc": 0.13924050632911392, "loss": NaN, "_timestamp": 1648711819, "_runtime": 48, "_step": 22, "_wandb": {"runtime": 50}}