{"train_acc": 0.8773333333333333, "test_acc": 0.7092927323183079, "val_acc": 0.7031351351351351, "loss": 2.085322141647339, "_timestamp": 1648880131, "_runtime": 106, "_step": 249, "_wandb": {"runtime": 107}}