{"train_acc": 1.0, "test_acc": 0.8775969399234981, "val_acc": 0.8793513513513513, "loss": 1.3749375343322754, "_timestamp": 1648806069, "_runtime": 34, "_step": 249, "_wandb": {"runtime": 35}}