{"train_acc": 1.0, "test_acc": 0.8772219305482637, "val_acc": 0.8875675675675676, "loss": 1.2250263690948486, "_timestamp": 1648724367, "_runtime": 31, "_step": 249, "_wandb": {"runtime": 31}}