{"train_acc": 1.0, "test_acc": 0.8901222530563264, "val_acc": 0.894054054054054, "loss": 1.2021064758300781, "_timestamp": 1648820468, "_runtime": 78, "_step": 249, "_wandb": {"runtime": 78}}