{"train_acc": 0.9942857142857143, "test_acc": 0.5876288659793815, "val_acc": 0.5572602739726027, "loss": 0.11944803595542908, "_timestamp": 1648910041, "_runtime": 13, "_step": 99, "_wandb": {"runtime": 13}}