{"train_acc": 0.9866666666666667, "test_acc": 0.6333333333333333, "val_acc": 0.5972972972972973, "loss": 1.1084727048873901, "_timestamp": 1648908710, "_runtime": 17, "_step": 249, "_wandb": {"runtime": 18}}