{"train_acc": 1.0, "test_acc": 0.5938144329896907, "val_acc": 0.6021917808219178, "loss": 0.18150903284549713, "_timestamp": 1648909498, "_runtime": 14, "_step": 99, "_wandb": {"runtime": 15}}