{"train_acc": 1.0, "test_acc": 0.6666666666666666, "val_acc": 0.6324324324324324, "loss": 1.1172796487808228, "_timestamp": 1648814407, "_runtime": 62, "_step": 249, "_wandb": {"runtime": 63}}