{"train_acc": 1.0, "test_acc": 0.6061855670103092, "val_acc": 0.6010958904109589, "loss": 0.10697995871305466, "_timestamp": 1648913151, "_runtime": 15, "_step": 99, "_wandb": {"runtime": 16}}