{"train_acc": 1.0, "test_acc": 0.8878721968049201, "val_acc": 0.8910270270270271, "loss": 1.2849886417388916, "_timestamp": 1648726092, "_runtime": 30, "_step": 249, "_wandb": {"runtime": 31}}