{"train_acc": 0.9866666666666667, "test_acc": 0.785742507196478, "val_acc": 0.7911688311688312, "loss": 0.014921496622264385, "_timestamp": 1648808350, "_runtime": 50, "_step": 599, "_wandb": {"runtime": 51}}