{"train_acc": 1.0, "test_acc": 0.713439069819947, "val_acc": 0.7241558441558441, "loss": 0.06777136772871017, "_timestamp": 1648878512, "_runtime": 197, "_step": 599, "_wandb": {"runtime": 196}}