{"train_acc": 1.0, "test_acc": 0.88187204680117, "val_acc": 0.8888648648648648, "loss": 1.2498208284378052, "_timestamp": 1648812456, "_runtime": 46, "_step": 249, "_wandb": {"runtime": 47}}