{"train_acc": 0.26666666666666666, "test_acc": 0.21666666666666667, "val_acc": 0.16648648648648648, "loss": 110414.1640625, "_timestamp": 1648908545, "_runtime": 14, "_step": 249, "_wandb": {"runtime": 15}}