{"train_acc": 1.0, "test_acc": 0.5484536082474227, "val_acc": 0.5687671232876712, "loss": 0.10492075234651566, "_timestamp": 1648722254, "_runtime": 19, "_step": 99, "_wandb": {"runtime": 19}}