{"train_acc": 1.0, "test_acc": 0.8103092783505155, "val_acc": 0.7726027397260274, "loss": 0.07943407446146011, "_timestamp": 1648810583, "_runtime": 26, "_step": 99, "_wandb": {"runtime": 27}}