{"train_acc": 0.98, "test_acc": 0.5833333333333334, "val_acc": 0.6508108108108108, "loss": 1.0772647857666016, "_timestamp": 1648725142, "_runtime": 24, "_step": 249, "_wandb": {"runtime": 25}}