{"train_acc": 1.0, "test_acc": 0.5833333333333334, "val_acc": 0.6102702702702703, "loss": 1.096035122871399, "_timestamp": 1648908970, "_runtime": 17, "_step": 249, "_wandb": {"runtime": 18}}