{"train_acc": 1.0, "test_acc": 0.8842721068026701, "val_acc": 0.8834594594594595, "loss": 1.2275279760360718, "_timestamp": 1648867409, "_runtime": 33, "_step": 249, "_wandb": {"runtime": 34}}