{"train_acc": 0.9933333333333333, "test_acc": 0.5916666666666667, "val_acc": 0.6016216216216216, "loss": 1.1218245029449463, "_timestamp": 1648718176, "_runtime": 25, "_step": 249, "_wandb": {"runtime": 25}}