{"train_acc": 1.0, "test_acc": 0.7440875994807248, "val_acc": 0.7503957783641161, "loss": 0.12630042433738708, "_timestamp": 1648784888, "_runtime": 188, "_step": 599, "_wandb": {"runtime": 189}}