{"train_acc": 1.0, "test_acc": 0.6206185567010309, "val_acc": 0.6032876712328767, "loss": 0.11826422810554504, "_timestamp": 1648802420, "_runtime": 14, "_step": 99, "_wandb": {"runtime": 15}}