{"train_acc": 1.0, "test_acc": 0.5916666666666667, "val_acc": 0.6129729729729729, "loss": 1.0861424207687378, "_timestamp": 1648802171, "_runtime": 18, "_step": 249, "_wandb": {"runtime": 19}}