{"train_acc": 1.0, "test_acc": 0.8821720543013576, "val_acc": 0.8856216216216216, "loss": 1.2541794776916504, "_timestamp": 1648817203, "_runtime": 95, "_step": 249, "_wandb": {"runtime": 96}}