{"train_acc": 1.0, "test_acc": 0.8739218480462011, "val_acc": 0.8804324324324324, "loss": 1.2439957857131958, "_timestamp": 1648818532, "_runtime": 93, "_step": 249, "_wandb": {"runtime": 93}}