{"train_acc": 1.0, "test_acc": 0.7080205452390359, "val_acc": 0.694025974025974, "loss": 0.08981301635503769, "_timestamp": 1648881601, "_runtime": 157, "_step": 599, "_wandb": {"runtime": 157}}