{"train_acc": 1.0, "test_acc": 0.6558672461477677, "val_acc": 0.6384415584415585, "loss": 0.11025550961494446, "_timestamp": 1648801523, "_runtime": 35, "_step": 599, "_wandb": {"runtime": 36}}