{"train_acc": 1.0, "test_acc": 0.9105227630690768, "val_acc": 0.9111351351351351, "loss": 1.3375697135925293, "_timestamp": 1648725439, "_runtime": 153, "_step": 249, "_wandb": {"runtime": 153}}