{"train_acc": 1.0, "test_acc": 0.88307207680192, "val_acc": 0.8858378378378379, "loss": 1.2781808376312256, "_timestamp": 1648815244, "_runtime": 61, "_step": 249, "_wandb": {"runtime": 61}}