{"train_acc": 1.0, "test_acc": 0.7227521589433877, "val_acc": 0.7267532467532467, "loss": 0.11471967399120331, "_timestamp": 1648875174, "_runtime": 119, "_step": 599, "_wandb": {"runtime": 120}}