{"train_acc": 1.0, "test_acc": 0.9117227930698267, "val_acc": 0.9145945945945946, "loss": 1.3426347970962524, "_timestamp": 1648802649, "_runtime": 30, "_step": 249, "_wandb": {"runtime": 31}}