{"train_acc": 1.0, "test_acc": 0.7286786702037591, "val_acc": 0.7163636363636363, "loss": 0.0934683084487915, "_timestamp": 1648861240, "_runtime": 38, "_step": 599, "_wandb": {"runtime": 39}}