{"train_acc": 1.0, "test_acc": 0.5916666666666667, "val_acc": 0.625945945945946, "loss": 1.131097674369812, "_timestamp": 1648807696, "_runtime": 26, "_step": 249, "_wandb": {"runtime": 27}}