{"train_acc": 1.0, "test_acc": 0.7590449850426144, "val_acc": 0.7678100263852242, "loss": 0.08901533484458923, "_timestamp": 1648792363, "_runtime": 45, "_step": 599, "_wandb": {"runtime": 46}}