{"train_acc": 1.0, "test_acc": 0.8792469811745294, "val_acc": 0.8828108108108108, "loss": 1.3502553701400757, "_timestamp": 1648801719, "_runtime": 32, "_step": 249, "_wandb": {"runtime": 33}}