{"train_acc": 1.0, "test_acc": 0.5216494845360825, "val_acc": 0.5589041095890411, "loss": 0.15855498611927032, "_timestamp": 1648720479, "_runtime": 77, "_step": 99, "_wandb": {"runtime": 78}}