{"train_acc": 0.9413333333333334, "test_acc": 0.8898222455561389, "val_acc": 0.8892972972972973, "loss": 1.7628302574157715, "_timestamp": 1648825034, "_runtime": 147, "_step": 249, "_wandb": {"runtime": 147}}