{"train_acc": 1.0, "test_acc": 0.6416666666666667, "val_acc": 0.6167567567567568, "loss": 1.1235499382019043, "_timestamp": 1648862665, "_runtime": 21, "_step": 249, "_wandb": {"runtime": 22}}