{"train_acc": 0.9866666666666667, "test_acc": 0.6666666666666666, "val_acc": 0.6032432432432432, "loss": 1.0885521173477173, "_timestamp": 1648913171, "_runtime": 21, "_step": 249, "_wandb": {"runtime": 23}}