{"train_acc": 1.0, "test_acc": 0.5833333333333334, "val_acc": 0.6351351351351351, "loss": 1.0055922269821167, "_timestamp": 1648911351, "_runtime": 20, "_step": 249, "_wandb": {"runtime": 21}}