{"train_acc": 1.0, "test_acc": 0.5567010309278351, "val_acc": 0.5671232876712329, "loss": 0.14994250237941742, "_timestamp": 1648911649, "_runtime": 14, "_step": 99, "_wandb": {"runtime": 15}}