{"train_acc": 0.9933333333333333, "test_acc": 0.6333333333333333, "val_acc": 0.6048648648648649, "loss": 1.1695969104766846, "_timestamp": 1648866492, "_runtime": 20, "_step": 249, "_wandb": {"runtime": 21}}