{"train_acc": 1.0, "test_acc": 0.5752577319587628, "val_acc": 0.538082191780822, "loss": 0.13515061140060425, "_timestamp": 1648722613, "_runtime": 17, "_step": 99, "_wandb": {"runtime": 18}}