{"train_acc": 1.0, "test_acc": 0.8820220505512638, "val_acc": 0.8856216216216216, "loss": 1.2861006259918213, "_timestamp": 1648806871, "_runtime": 37, "_step": 249, "_wandb": {"runtime": 39}}