{"train_acc": 1.0, "test_acc": 0.5835051546391753, "val_acc": 0.5731506849315069, "loss": 0.11421502381563187, "_timestamp": 1648802147, "_runtime": 14, "_step": 99, "_wandb": {"runtime": 15}}