{"train_acc": 0.7466666666666667, "test_acc": 0.7037873229101993, "val_acc": 0.7158441558441558, "loss": 1.069463849067688, "_timestamp": 1648832843, "_runtime": 158, "_step": 599, "_wandb": {"runtime": 158}}