{"train_acc": 1.0, "test_acc": 0.6, "val_acc": 0.6178378378378379, "loss": 1.0477904081344604, "_timestamp": 1648912854, "_runtime": 20, "_step": 249, "_wandb": {"runtime": 21}}