{"train_acc": 1.0, "test_acc": 0.6, "val_acc": 0.5736986301369863, "loss": 0.12449076771736145, "_timestamp": 1648862119, "_runtime": 14, "_step": 99, "_wandb": {"runtime": 14}}