{"train_acc": 1.0, "test_acc": 0.7208895411186995, "val_acc": 0.7272727272727273, "loss": 0.09725239127874374, "_timestamp": 1648867782, "_runtime": 49, "_step": 599, "_wandb": {"runtime": 49}}