{"train_acc": 0.31333333333333335, "test_acc": 0.225, "val_acc": 0.1881081081081081, "loss": 10017466368.0, "_timestamp": 1648910021, "_runtime": 17, "_step": 249, "_wandb": {"runtime": 18}}