{"train_acc": 1.0, "test_acc": 0.675, "val_acc": 0.6237837837837837, "loss": 1.1111962795257568, "_timestamp": 1648907924, "_runtime": 17, "_step": 249, "_wandb": {"runtime": 18}}