{"train_acc": 0.9533333333333334, "test_acc": 0.7, "val_acc": 0.7232432432432433, "loss": 0.8332098722457886, "_timestamp": 1648810213, "_runtime": 25, "_step": 249, "_wandb": {"runtime": 25}}