{"train_acc": 1.0, "test_acc": 0.6164948453608248, "val_acc": 0.6350684931506849, "loss": 0.09966737776994705, "_timestamp": 1648722410, "_runtime": 39, "_step": 99, "_wandb": {"runtime": 39}}