{"train_acc": 1.0, "test_acc": 0.5416666666666666, "val_acc": 0.6167567567567568, "loss": 1.1310651302337646, "_timestamp": 1648919159, "_runtime": 53, "_step": 249, "_wandb": {"runtime": 54}}