{"train_acc": 1.0, "test_acc": 0.5793814432989691, "val_acc": 0.5528767123287671, "loss": 0.10061843693256378, "_timestamp": 1648914638, "_runtime": 18, "_step": 99, "_wandb": {"runtime": 19}}