{"train_acc": 0.9933333333333333, "test_acc": 0.6083333333333333, "val_acc": 0.654054054054054, "loss": 1.1481685638427734, "_timestamp": 1648907865, "_runtime": 15, "_step": 249, "_wandb": {"runtime": 15}}