{"train_acc": 1.0, "test_acc": 0.8745218630465762, "val_acc": 0.8771891891891892, "loss": 1.3525447845458984, "_timestamp": 1648865349, "_runtime": 31, "_step": 249, "_wandb": {"runtime": 31}}