{"train_acc": 1.0, "test_acc": 0.5711340206185567, "val_acc": 0.5610958904109589, "loss": 0.1046583354473114, "_timestamp": 1648803550, "_runtime": 16, "_step": 99, "_wandb": {"runtime": 17}}