{"train_acc": 1.0, "test_acc": 0.8981474536863422, "val_acc": 0.9022702702702703, "loss": 1.3153859376907349, "_timestamp": 1648802226, "_runtime": 32, "_step": 249, "_wandb": {"runtime": 32}}