{"train_acc": 1.0, "test_acc": 0.7855670103092783, "val_acc": 0.7802739726027397, "loss": 0.004582166206091642, "_timestamp": 1648907652, "_runtime": 14, "_step": 99, "_wandb": {"runtime": 15}}