{"train_acc": 1.0, "test_acc": 0.5711340206185567, "val_acc": 0.555068493150685, "loss": 0.1557239294052124, "_timestamp": 1648907726, "_runtime": 13, "_step": 99, "_wandb": {"runtime": 14}}