{"train_acc": 1.0, "test_acc": 0.5670103092783505, "val_acc": 0.5698630136986301, "loss": 0.14125776290893555, "_timestamp": 1648907926, "_runtime": 12, "_step": 99, "_wandb": {"runtime": 13}}