{"train_acc": 1.0, "test_acc": 0.5175257731958763, "val_acc": 0.56, "loss": 0.13676074147224426, "_timestamp": 1648916404, "_runtime": 29, "_step": 99, "_wandb": {"runtime": 29}}