{"train_acc": 1.0, "test_acc": 0.5257731958762887, "val_acc": 0.5934246575342466, "loss": 0.11508709192276001, "_timestamp": 1648906958, "_runtime": 14, "_step": 99, "_wandb": {"runtime": 15}}