{"train_acc": 1.0, "test_acc": 0.6020618556701031, "val_acc": 0.5687671232876712, "loss": 0.1300617754459381, "_timestamp": 1648802840, "_runtime": 14, "_step": 99, "_wandb": {"runtime": 15}}