{"train_acc": 0.76, "test_acc": 0.6930067167127617, "val_acc": 0.6945454545454546, "loss": 1.0221052169799805, "_timestamp": 1648814840, "_runtime": 62, "_step": 599, "_wandb": {"runtime": 63}}