{"train_acc": 1.0, "test_acc": 0.6412371134020619, "val_acc": 0.6410958904109589, "loss": 0.12231714278459549, "_timestamp": 1648722687, "_runtime": 31, "_step": 99, "_wandb": {"runtime": 32}}