{"train_acc": 1.0, "test_acc": 0.6833333333333333, "val_acc": 0.6308108108108108, "loss": 1.091856598854065, "_timestamp": 1648911443, "_runtime": 18, "_step": 249, "_wandb": {"runtime": 19}}