{"train_acc": 0.98, "test_acc": 0.6, "val_acc": 0.6097297297297297, "loss": 1.1031795740127563, "_timestamp": 1648810095, "_runtime": 27, "_step": 249, "_wandb": {"runtime": 27}}