{"train_acc": 1.0, "test_acc": 0.5916666666666667, "val_acc": 0.6178378378378379, "loss": 1.0848504304885864, "_timestamp": 1648910943, "_runtime": 21, "_step": 249, "_wandb": {"runtime": 21}}