{"train_acc": 0.9866666666666667, "test_acc": 0.5166666666666667, "val_acc": 0.6243243243243243, "loss": 1.1126947402954102, "_timestamp": 1648810489, "_runtime": 44, "_step": 249, "_wandb": {"runtime": 45}}