{"train_acc": 1.0, "test_acc": 0.5072164948453608, "val_acc": 0.5336986301369863, "loss": 0.1144171878695488, "_timestamp": 1648722866, "_runtime": 17, "_step": 99, "_wandb": {"runtime": 19}}