{"train_acc": 1.0, "test_acc": 0.870996774919373, "val_acc": 0.8765405405405405, "loss": 1.1921980381011963, "_timestamp": 1648863030, "_runtime": 26, "_step": 249, "_wandb": {"runtime": 28}}