{"train_acc": 0.952, "test_acc": 0.780694517362934, "val_acc": 0.7807567567567567, "loss": 1.9325392246246338, "_timestamp": 1648811206, "_runtime": 35, "_step": 249, "_wandb": {"runtime": 36}}