{"train_acc": 1.0, "test_acc": 0.8123711340206186, "val_acc": 0.7983561643835616, "loss": 0.02897384949028492, "_timestamp": 1648807261, "_runtime": 17, "_step": 99, "_wandb": {"runtime": 16}}