{"train_acc": 1.0, "test_acc": 0.5628865979381443, "val_acc": 0.5873972602739727, "loss": 0.12362024933099747, "_timestamp": 1648719148, "_runtime": 82, "_step": 99, "_wandb": {"runtime": 82}}