{"train_acc": 0.9933333333333333, "test_acc": 0.6166666666666667, "val_acc": 0.6113513513513513, "loss": 1.0757752656936646, "_timestamp": 1648864989, "_runtime": 27, "_step": 249, "_wandb": {"runtime": 28}}