{"train_acc": 1.0, "test_acc": 0.8865221630540764, "val_acc": 0.8905945945945946, "loss": 1.2838515043258667, "_timestamp": 1648811511, "_runtime": 36, "_step": 249, "_wandb": {"runtime": 36}}