{"train_acc": 1.0, "test_acc": 0.5855670103092784, "val_acc": 0.5616438356164384, "loss": 0.14460472762584686, "_timestamp": 1648861126, "_runtime": 13, "_step": 99, "_wandb": {"runtime": 14}}