{"train_acc": 1.0, "test_acc": 0.5916666666666667, "val_acc": 0.5962162162162162, "loss": 1.116391658782959, "_timestamp": 1648919826, "_runtime": 55, "_step": 249, "_wandb": {"runtime": 57}}