{"train_acc": 1.0, "test_acc": 0.8784969624240606, "val_acc": 0.886054054054054, "loss": 1.2301896810531616, "_timestamp": 1648815683, "_runtime": 48, "_step": 249, "_wandb": {"runtime": 49}}