{"train_acc": 0.3333333333333333, "test_acc": 0.20765366597053678, "val_acc": 0.20727272727272728, "loss": NaN, "_timestamp": 1648812533, "_runtime": 62, "_step": 599, "_wandb": {"runtime": 63}}