{"train_acc": 1.0, "test_acc": 0.8856971424285607, "val_acc": 0.8815135135135135, "loss": 1.2633529901504517, "_timestamp": 1648803803, "_runtime": 36, "_step": 249, "_wandb": {"runtime": 37}}