{"train_acc": 0.9933333333333333, "test_acc": 0.6666666666666666, "val_acc": 0.6475675675675676, "loss": 1.215939998626709, "_timestamp": 1648875336, "_runtime": 117, "_step": 249, "_wandb": {"runtime": 118}}