{"train_acc": 1.0, "test_acc": 0.8729468236705917, "val_acc": 0.8763243243243243, "loss": 1.244598627090454, "_timestamp": 1648862747, "_runtime": 35, "_step": 249, "_wandb": {"runtime": 36}}