{"train_acc": 1.0, "test_acc": 0.5463917525773195, "val_acc": 0.5484931506849315, "loss": 0.15458953380584717, "_timestamp": 1648804547, "_runtime": 17, "_step": 99, "_wandb": {"runtime": 19}}