{"train_acc": 1.0, "test_acc": 0.5666666666666667, "val_acc": 0.6324324324324324, "loss": 1.1592779159545898, "_timestamp": 1648719276, "_runtime": 22, "_step": 249, "_wandb": {"runtime": 21}}