{"train_acc": 1.0, "test_acc": 0.625, "val_acc": 0.6264864864864865, "loss": 1.087493658065796, "_timestamp": 1648805252, "_runtime": 19, "_step": 249, "_wandb": {"runtime": 20}}