{"train_acc": 1.0, "test_acc": 0.6333333333333333, "val_acc": 0.6237837837837837, "loss": 1.0638821125030518, "_timestamp": 1648809976, "_runtime": 31, "_step": 249, "_wandb": {"runtime": 32}}