{"train_acc": 1.0, "test_acc": 0.9000225005625141, "val_acc": 0.9044324324324324, "loss": 1.297762393951416, "_timestamp": 1648876001, "_runtime": 101, "_step": 249, "_wandb": {"runtime": 102}}