{"train_acc": 1.0, "test_acc": 0.6944742337867584, "val_acc": 0.6935064935064935, "loss": 0.1513257920742035, "_timestamp": 1648810136, "_runtime": 57, "_step": 599, "_wandb": {"runtime": 57}}