{"train_acc": 1.0, "test_acc": 0.8850971274281857, "val_acc": 0.8901621621621622, "loss": 1.2962775230407715, "_timestamp": 1648860792, "_runtime": 30, "_step": 249, "_wandb": {"runtime": 30}}