{"train_acc": 0.14285714285714285, "test_acc": 0.15463917525773196, "val_acc": 0.1336986301369863, "loss": NaN, "_timestamp": 1648918488, "_runtime": 44, "_step": 99, "_wandb": {"runtime": 45}}