{"train_acc": 1.0, "test_acc": 0.7071739007732686, "val_acc": 0.691948051948052, "loss": 0.07437688112258911, "_timestamp": 1648866005, "_runtime": 49, "_step": 599, "_wandb": {"runtime": 49}}