{"train_acc": 1.0, "test_acc": 0.7360824742268042, "val_acc": 0.692054794520548, "loss": 0.05005129799246788, "_timestamp": 1648810927, "_runtime": 28, "_step": 99, "_wandb": {"runtime": 28}}