{"train_acc": 1.0, "test_acc": 0.87827195679892, "val_acc": 0.8838918918918919, "loss": 1.2469149827957153, "_timestamp": 1648816946, "_runtime": 102, "_step": 249, "_wandb": {"runtime": 103}}