{"train_acc": 1.0, "test_acc": 0.5051546391752577, "val_acc": 0.5298630136986301, "loss": 0.11690391600131989, "_timestamp": 1648910550, "_runtime": 15, "_step": 99, "_wandb": {"runtime": 16}}