{"train_acc": 0.9933333333333333, "test_acc": 0.5916666666666667, "val_acc": 0.62, "loss": 1.0724823474884033, "_timestamp": 1648808222, "_runtime": 28, "_step": 249, "_wandb": {"runtime": 29}}