{"train_acc": 1.0, "test_acc": 0.5319587628865979, "val_acc": 0.536986301369863, "loss": 0.14558713138103485, "_timestamp": 1648806121, "_runtime": 17, "_step": 99, "_wandb": {"runtime": 18}}