{"train_acc": 1.0, "test_acc": 0.6166666666666667, "val_acc": 0.6167567567567568, "loss": 1.1627519130706787, "_timestamp": 1648860731, "_runtime": 16, "_step": 249, "_wandb": {"runtime": 17}}