{"train_acc": 1.0, "test_acc": 0.6416666666666667, "val_acc": 0.6724324324324324, "loss": 1.0951989889144897, "_timestamp": 1648724017, "_runtime": 24, "_step": 249, "_wandb": {"runtime": 25}}