{"train_acc": 1.0, "test_acc": 0.7352260540723599, "val_acc": 0.7428571428571429, "loss": 0.10391196608543396, "_timestamp": 1648831638, "_runtime": 158, "_step": 599, "_wandb": {"runtime": 158}}