{"train_acc": 0.9933333333333333, "test_acc": 0.6166666666666667, "val_acc": 0.6291891891891892, "loss": 1.1457750797271729, "_timestamp": 1648820887, "_runtime": 134, "_step": 249, "_wandb": {"runtime": 134}}