{"train_acc": 1.0, "test_acc": 0.8847971199279983, "val_acc": 0.8869189189189189, "loss": 1.2762128114700317, "_timestamp": 1648805934, "_runtime": 28, "_step": 249, "_wandb": {"runtime": 29}}