{"train_acc": 1.0, "test_acc": 0.5505154639175258, "val_acc": 0.5835616438356165, "loss": 0.15078571438789368, "_timestamp": 1648864759, "_runtime": 14, "_step": 99, "_wandb": {"runtime": 15}}