{"train_acc": 1.0, "test_acc": 0.6185567010309279, "val_acc": 0.5928767123287672, "loss": 0.11399505287408829, "_timestamp": 1648801500, "_runtime": 14, "_step": 99, "_wandb": {"runtime": 14}}