{"train_acc": 1.0, "test_acc": 0.890347258681467, "val_acc": 0.8912432432432432, "loss": 1.220150113105774, "_timestamp": 1648725480, "_runtime": 29, "_step": 249, "_wandb": {"runtime": 30}}