{"train_acc": 0.9933333333333333, "test_acc": 0.6666666666666666, "val_acc": 0.6410810810810811, "loss": 1.0993787050247192, "_timestamp": 1648809183, "_runtime": 28, "_step": 249, "_wandb": {"runtime": 29}}