{"train_acc": 1.0, "test_acc": 0.7872664672348592, "val_acc": 0.7818181818181819, "loss": 0.016332577913999557, "_timestamp": 1648810335, "_runtime": 57, "_step": 599, "_wandb": {"runtime": 57}}