{"train_acc": 1.0, "test_acc": 0.6333333333333333, "val_acc": 0.6324324324324324, "loss": 1.092357873916626, "_timestamp": 1648860767, "_runtime": 19, "_step": 249, "_wandb": {"runtime": 19}}