{"train_acc": 0.98, "test_acc": 0.575, "val_acc": 0.6275675675675676, "loss": 1.0451786518096924, "_timestamp": 1648812836, "_runtime": 43, "_step": 249, "_wandb": {"runtime": 44}}