{"train_acc": 0.9866666666666667, "test_acc": 0.5916666666666667, "val_acc": 0.5945945945945946, "loss": 1.136231780052185, "_timestamp": 1648863728, "_runtime": 22, "_step": 249, "_wandb": {"runtime": 23}}