{"train_acc": 1.0, "test_acc": 0.65, "val_acc": 0.6724324324324324, "loss": 1.1183867454528809, "_timestamp": 1648869637, "_runtime": 44, "_step": 249, "_wandb": {"runtime": 45}}