{"train_acc": 1.0, "test_acc": 0.898822470561764, "val_acc": 0.9048648648648648, "loss": 1.2835735082626343, "_timestamp": 1648726050, "_runtime": 31, "_step": 249, "_wandb": {"runtime": 32}}