{"train_acc": 1.0, "test_acc": 0.6583333333333333, "val_acc": 0.6405405405405405, "loss": 1.104569673538208, "_timestamp": 1648908094, "_runtime": 18, "_step": 249, "_wandb": {"runtime": 18}}