{"train_acc": 1.0, "test_acc": 0.7192526951515493, "val_acc": 0.7231168831168832, "loss": 0.09684601426124573, "_timestamp": 1648839480, "_runtime": 295, "_step": 599, "_wandb": {"runtime": 295}}