{"train_acc": 0.9866666666666667, "test_acc": 0.675, "val_acc": 0.6794594594594595, "loss": 1.2062400579452515, "_timestamp": 1648724360, "_runtime": 97, "_step": 249, "_wandb": {"runtime": 98}}