{"train_acc": 1.0, "test_acc": 0.6937969182141446, "val_acc": 0.7122077922077922, "loss": 0.1228199377655983, "_timestamp": 1648863687, "_runtime": 41, "_step": 599, "_wandb": {"runtime": 41}}