{"train_acc": 1.0, "test_acc": 0.7380482022915843, "val_acc": 0.7335064935064936, "loss": 0.09644610434770584, "_timestamp": 1648810810, "_runtime": 56, "_step": 599, "_wandb": {"runtime": 57}}