{"train_acc": 0.9933333333333333, "test_acc": 0.575, "val_acc": 0.6054054054054054, "loss": 1.1639041900634766, "_timestamp": 1648720763, "_runtime": 23, "_step": 249, "_wandb": {"runtime": 24}}