{"train_acc": 0.9866666666666667, "test_acc": 0.6416666666666667, "val_acc": 0.6270270270270271, "loss": 1.1237629652023315, "_timestamp": 1648924166, "_runtime": 90, "_step": 249, "_wandb": {"runtime": 91}}