{"train_acc": 1.0, "test_acc": 0.6041237113402061, "val_acc": 0.5616438356164384, "loss": 0.1166444718837738, "_timestamp": 1648723199, "_runtime": 14, "_step": 99, "_wandb": {"runtime": 15}}