{"train_acc": 1.0, "test_acc": 0.5505154639175258, "val_acc": 0.5495890410958905, "loss": 0.12394417077302933, "_timestamp": 1648913125, "_runtime": 16, "_step": 99, "_wandb": {"runtime": 16}}