{"train_acc": 1.0, "test_acc": 0.8868221705542638, "val_acc": 0.8899459459459459, "loss": 1.2794016599655151, "_timestamp": 1648802015, "_runtime": 27, "_step": 249, "_wandb": {"runtime": 28}}