{"train_acc": 0.9666666666666667, "test_acc": 0.6333333333333333, "val_acc": 0.6356756756756756, "loss": 1.1119732856750488, "_timestamp": 1648807849, "_runtime": 23, "_step": 249, "_wandb": {"runtime": 24}}