{"train_acc": 0.9866666666666667, "test_acc": 0.5583333333333333, "val_acc": 0.6583783783783784, "loss": 1.1291024684906006, "_timestamp": 1648721259, "_runtime": 182, "_step": 249, "_wandb": {"runtime": 182}}