{"train_acc": 1.0, "test_acc": 0.5567010309278351, "val_acc": 0.5468493150684931, "loss": 0.11710575968027115, "_timestamp": 1648808552, "_runtime": 16, "_step": 99, "_wandb": {"runtime": 17}}