{"train_acc": 0.9933333333333333, "test_acc": 0.6666666666666666, "val_acc": 0.6232432432432432, "loss": 1.130766749382019, "_timestamp": 1648920948, "_runtime": 56, "_step": 249, "_wandb": {"runtime": 57}}