{"train_acc": 0.9933333333333333, "test_acc": 0.6666666666666666, "val_acc": 0.6221621621621621, "loss": 1.0823665857315063, "_timestamp": 1648866783, "_runtime": 29, "_step": 249, "_wandb": {"runtime": 29}}