{"train_acc": 1.0, "test_acc": 0.8820970524263106, "val_acc": 0.8847567567567568, "loss": 1.2768480777740479, "_timestamp": 1648878738, "_runtime": 122, "_step": 249, "_wandb": {"runtime": 123}}