{"train_acc": 1.0, "test_acc": 0.6583333333333333, "val_acc": 0.6551351351351351, "loss": 1.101479411125183, "_timestamp": 1648910517, "_runtime": 19, "_step": 249, "_wandb": {"runtime": 20}}