{"train_acc": 1.0, "test_acc": 0.8859221480537014, "val_acc": 0.8845405405405405, "loss": 1.3040432929992676, "_timestamp": 1648877530, "_runtime": 134, "_step": 249, "_wandb": {"runtime": 135}}