{"train_acc": 1.0, "test_acc": 0.6869108765592369, "val_acc": 0.6690909090909091, "loss": 0.08886362612247467, "_timestamp": 1648880916, "_runtime": 209, "_step": 599, "_wandb": {"runtime": 210}}