{"train_acc": 1.0, "test_acc": 0.5773195876288659, "val_acc": 0.5945205479452055, "loss": 0.14342233538627625, "_timestamp": 1648722528, "_runtime": 16, "_step": 99, "_wandb": {"runtime": 17}}