{"train_acc": 1.0, "test_acc": 0.5855670103092784, "val_acc": 0.583013698630137, "loss": 0.18804308772087097, "_timestamp": 1648810394, "_runtime": 28, "_step": 99, "_wandb": {"runtime": 28}}