{"train_acc": 0.96, "test_acc": 0.7166666666666667, "val_acc": 0.7048648648648649, "loss": 0.7022328972816467, "_timestamp": 1648913357, "_runtime": 21, "_step": 249, "_wandb": {"runtime": 22}}