{"train_acc": 1.0, "test_acc": 0.7154145735734041, "val_acc": 0.7267532467532467, "loss": 0.11718357354402542, "_timestamp": 1648822357, "_runtime": 137, "_step": 599, "_wandb": {"runtime": 138}}