{"train_acc": 0.9866666666666667, "test_acc": 0.575, "val_acc": 0.6091891891891892, "loss": 1.031143069267273, "_timestamp": 1648811812, "_runtime": 47, "_step": 249, "_wandb": {"runtime": 48}}