{"train_acc": 1.0, "test_acc": 0.5690721649484536, "val_acc": 0.538082191780822, "loss": 0.12977010011672974, "_timestamp": 1648865062, "_runtime": 21, "_step": 99, "_wandb": {"runtime": 22}}