{"train_acc": 1.0, "test_acc": 0.7, "val_acc": 0.6162162162162163, "loss": 1.1146494150161743, "_timestamp": 1648801470, "_runtime": 18, "_step": 249, "_wandb": {"runtime": 18}}