{"train_acc": 0.9866666666666667, "test_acc": 0.7083333333333334, "val_acc": 0.6583783783783784, "loss": 1.13962721824646, "_timestamp": 1648863228, "_runtime": 22, "_step": 249, "_wandb": {"runtime": 23}}