{"train_acc": 1.0, "test_acc": 0.7182367217926285, "val_acc": 0.7174025974025974, "loss": 0.10958040505647659, "_timestamp": 1648808661, "_runtime": 54, "_step": 599, "_wandb": {"runtime": 55}}