{"train_acc": 0.9733333333333334, "test_acc": 0.8944723618090452, "val_acc": 0.8918918918918919, "loss": 1.5588377714157104, "_timestamp": 1648816055, "_runtime": 53, "_step": 249, "_wandb": {"runtime": 54}}