{"train_acc": 1.0, "test_acc": 0.5587628865979382, "val_acc": 0.5824657534246576, "loss": 0.11566624045372009, "_timestamp": 1648718725, "_runtime": 51, "_step": 99, "_wandb": {"runtime": 52}}