{"train_acc": 0.9866666666666667, "test_acc": 0.5583333333333333, "val_acc": 0.5621621621621622, "loss": 1.0515741109848022, "_timestamp": 1648909361, "_runtime": 19, "_step": 249, "_wandb": {"runtime": 20}}