{"train_acc": 1.0, "test_acc": 0.7749054580346559, "val_acc": 0.7641558441558441, "loss": 0.020717406645417213, "_timestamp": 1648843478, "_runtime": 293, "_step": 599, "_wandb": {"runtime": 293}}