{"train_acc": 0.9933333333333333, "test_acc": 0.7166666666666667, "val_acc": 0.6562162162162162, "loss": 1.1017016172409058, "_timestamp": 1648872218, "_runtime": 81, "_step": 249, "_wandb": {"runtime": 82}}