{"train_acc": 1.0, "test_acc": 0.7247276626968449, "val_acc": 0.7096103896103896, "loss": 0.003348121652379632, "_timestamp": 1648803545, "_runtime": 39, "_step": 599, "_wandb": {"runtime": 40}}