{"train_acc": 1.0, "test_acc": 0.5752577319587628, "val_acc": 0.5610958904109589, "loss": 0.1430979073047638, "_timestamp": 1648810051, "_runtime": 48, "_step": 99, "_wandb": {"runtime": 48}}