{"train_acc": 1.0, "test_acc": 0.8725718142953574, "val_acc": 0.8745945945945945, "loss": 1.4627195596694946, "_timestamp": 1648811667, "_runtime": 44, "_step": 249, "_wandb": {"runtime": 44}}