{"train_acc": 1.0, "test_acc": 0.8808970224255607, "val_acc": 0.8838918918918919, "loss": 1.4013670682907104, "_timestamp": 1648815850, "_runtime": 51, "_step": 249, "_wandb": {"runtime": 51}}