{"train_acc": 0.9933333333333333, "test_acc": 0.6083333333333333, "val_acc": 0.64, "loss": 1.0576775074005127, "_timestamp": 1648721064, "_runtime": 99, "_step": 249, "_wandb": {"runtime": 100}}