{"train_acc": 1.0, "test_acc": 0.7854602923745555, "val_acc": 0.7838961038961039, "loss": 0.020704073831439018, "_timestamp": 1648832671, "_runtime": 159, "_step": 599, "_wandb": {"runtime": 160}}