{"train_acc": 1.0, "test_acc": 0.6750014110741096, "val_acc": 0.6851948051948052, "loss": 0.10555116832256317, "_timestamp": 1648869254, "_runtime": 64, "_step": 599, "_wandb": {"runtime": 65}}