{"train_acc": 0.9933333333333333, "test_acc": 0.5833333333333334, "val_acc": 0.6016216216216216, "loss": 1.1084102392196655, "_timestamp": 1648808862, "_runtime": 29, "_step": 249, "_wandb": {"runtime": 29}}