{"train_acc": 1.0, "test_acc": 0.5443298969072164, "val_acc": 0.5517808219178082, "loss": 0.13125286996364594, "_timestamp": 1648912839, "_runtime": 14, "_step": 99, "_wandb": {"runtime": 15}}