{"train_acc": 1.0, "test_acc": 0.5917525773195876, "val_acc": 0.5528767123287671, "loss": 0.12411343306303024, "_timestamp": 1648910092, "_runtime": 15, "_step": 99, "_wandb": {"runtime": 15}}