{"train_acc": 1.0, "test_acc": 0.5484536082474227, "val_acc": 0.547945205479452, "loss": 0.15352657437324524, "_timestamp": 1648809953, "_runtime": 23, "_step": 99, "_wandb": {"runtime": 25}}