{"train_acc": 1.0, "test_acc": 0.5916666666666667, "val_acc": 0.6064864864864865, "loss": 1.190576434135437, "_timestamp": 1648912887, "_runtime": 21, "_step": 249, "_wandb": {"runtime": 22}}