{"train_acc": 1.0, "test_acc": 0.6185567010309279, "val_acc": 0.5802739726027397, "loss": 0.15676110982894897, "_timestamp": 1648805351, "_runtime": 18, "_step": 99, "_wandb": {"runtime": 20}}