{"train_acc": 1.0, "test_acc": 0.8997974949373735, "val_acc": 0.9031351351351351, "loss": 1.294392704963684, "_timestamp": 1648723749, "_runtime": 170, "_step": 249, "_wandb": {"runtime": 170}}