{"train_acc": 1.0, "test_acc": 0.6989690721649484, "val_acc": 0.6986301369863014, "loss": 0.04096944257616997, "_timestamp": 1648907854, "_runtime": 14, "_step": 99, "_wandb": {"runtime": 15}}