{"train_acc": 1.0, "test_acc": 0.625, "val_acc": 0.6037837837837838, "loss": 1.1054404973983765, "_timestamp": 1648864426, "_runtime": 20, "_step": 249, "_wandb": {"runtime": 21}}