{"train_acc": 1.0, "test_acc": 0.7490545803465598, "val_acc": 0.7418181818181818, "loss": 0.050851788371801376, "_timestamp": 1648809583, "_runtime": 51, "_step": 599, "_wandb": {"runtime": 51}}