{"train_acc": 0.9933333333333333, "test_acc": 0.6333333333333333, "val_acc": 0.6318918918918919, "loss": 1.044585108757019, "_timestamp": 1648863020, "_runtime": 16, "_step": 249, "_wandb": {"runtime": 17}}