{"train_acc": 1.0, "test_acc": 0.7264773945927641, "val_acc": 0.7272727272727273, "loss": 0.08821152150630951, "_timestamp": 1648844706, "_runtime": 295, "_step": 599, "_wandb": {"runtime": 294}}