{"train_acc": 1.0, "test_acc": 0.7304848450640627, "val_acc": 0.7335092348284961, "loss": 0.10466890782117844, "_timestamp": 1648783499, "_runtime": 45, "_step": 599, "_wandb": {"runtime": 44}}