{"train_acc": 1.0, "test_acc": 0.6, "val_acc": 0.6486486486486487, "loss": 1.1100484132766724, "_timestamp": 1648913485, "_runtime": 22, "_step": 249, "_wandb": {"runtime": 22}}