{"train_acc": 1.0, "test_acc": 0.777319587628866, "val_acc": 0.8005479452054794, "loss": 0.03474831581115723, "_timestamp": 1648805066, "_runtime": 18, "_step": 99, "_wandb": {"runtime": 20}}