{"train_acc": 1.0, "test_acc": 0.5422680412371134, "val_acc": 0.5413698630136986, "loss": 0.13367252051830292, "_timestamp": 1648860631, "_runtime": 14, "_step": 99, "_wandb": {"runtime": 15}}