{"train_acc": 0.9942857142857143, "test_acc": 0.7670103092783506, "val_acc": 0.810958904109589, "loss": 0.015677588060498238, "_timestamp": 1648806644, "_runtime": 20, "_step": 99, "_wandb": {"runtime": 20}}