{"train_acc": 0.9933333333333333, "test_acc": 0.6333333333333333, "val_acc": 0.5924324324324325, "loss": 1.0854262113571167, "_timestamp": 1648810719, "_runtime": 42, "_step": 249, "_wandb": {"runtime": 42}}