{"train_acc": 1.0, "test_acc": 0.6981430264717503, "val_acc": 0.6865435356200528, "loss": 0.09749466180801392, "_timestamp": 1648788240, "_runtime": 45, "_step": 599, "_wandb": {"runtime": 45}}