{"train_acc": 1.0, "test_acc": 0.6, "val_acc": 0.6237837837837837, "loss": 1.066831111907959, "_timestamp": 1648801565, "_runtime": 21, "_step": 249, "_wandb": {"runtime": 22}}