{"train_acc": 1.0, "test_acc": 0.5443298969072164, "val_acc": 0.5715068493150685, "loss": 0.15187005698680878, "_timestamp": 1648808253, "_runtime": 16, "_step": 99, "_wandb": {"runtime": 17}}