{"train_acc": 1.0, "test_acc": 0.6061855670103092, "val_acc": 0.5638356164383561, "loss": 0.12813785672187805, "_timestamp": 1648721863, "_runtime": 17, "_step": 99, "_wandb": {"runtime": 18}}