{"train_acc": 0.9866666666666667, "test_acc": 0.6916666666666667, "val_acc": 0.6405405405405405, "loss": 1.0150504112243652, "_timestamp": 1648803702, "_runtime": 22, "_step": 249, "_wandb": {"runtime": 23}}