{"train_acc": 1.0, "test_acc": 0.6957159790032172, "val_acc": 0.6872727272727273, "loss": 0.09804146736860275, "_timestamp": 1648805124, "_runtime": 48, "_step": 599, "_wandb": {"runtime": 48}}