{"train_acc": 0.98, "test_acc": 0.5666666666666667, "val_acc": 0.6794594594594595, "loss": 1.0429614782333374, "_timestamp": 1648809933, "_runtime": 21, "_step": 249, "_wandb": {"runtime": 22}}