{"train_acc": 0.9866666666666667, "test_acc": 0.6333333333333333, "val_acc": 0.6108108108108108, "loss": 1.0630555152893066, "_timestamp": 1648872034, "_runtime": 67, "_step": 249, "_wandb": {"runtime": 68}}