{"train_acc": 1.0, "test_acc": 0.5958762886597938, "val_acc": 0.5868493150684931, "loss": 0.1416403353214264, "_timestamp": 1648717574, "_runtime": 17, "_step": 99, "_wandb": {"runtime": 17}}