{"train_acc": 1.0, "test_acc": 0.882547063676592, "val_acc": 0.886054054054054, "loss": 1.3197641372680664, "_timestamp": 1648811557, "_runtime": 35, "_step": 249, "_wandb": {"runtime": 35}}