{"train_acc": 0.9657142857142857, "test_acc": 0.8247422680412371, "val_acc": 0.8191780821917808, "loss": 0.17543190717697144, "_timestamp": 1648915424, "_runtime": 22, "_step": 99, "_wandb": {"runtime": 23}}