{"train_acc": 1.0, "test_acc": 0.732234576959982, "val_acc": 0.7176781002638523, "loss": 0.1278739720582962, "_timestamp": 1648783732, "_runtime": 87, "_step": 599, "_wandb": {"runtime": 88}}