{"train_acc": 1.0, "test_acc": 0.5360824742268041, "val_acc": 0.5764383561643835, "loss": 0.1506597101688385, "_timestamp": 1648717698, "_runtime": 42, "_step": 99, "_wandb": {"runtime": 42}}