{"train_acc": 1.0, "test_acc": 0.889147228680717, "val_acc": 0.8955675675675676, "loss": 1.281389594078064, "_timestamp": 1648717852, "_runtime": 40, "_step": 249, "_wandb": {"runtime": 40}}