{"train_acc": 1.0, "test_acc": 0.6416666666666667, "val_acc": 0.64, "loss": 1.1274381875991821, "_timestamp": 1648872292, "_runtime": 61, "_step": 249, "_wandb": {"runtime": 61}}