{"train_acc": 0.9733333333333334, "test_acc": 0.6416666666666667, "val_acc": 0.5740540540540541, "loss": 1.0844674110412598, "_timestamp": 1648862814, "_runtime": 18, "_step": 249, "_wandb": {"runtime": 19}}