{"train_acc": 0.9933333333333333, "test_acc": 0.6, "val_acc": 0.6270270270270271, "loss": 1.0470633506774902, "_timestamp": 1648821031, "_runtime": 132, "_step": 249, "_wandb": {"runtime": 133}}