{"train_acc": 1.0, "test_acc": 0.882472061801545, "val_acc": 0.8832432432432432, "loss": 1.2063788175582886, "_timestamp": 1648873112, "_runtime": 66, "_step": 249, "_wandb": {"runtime": 67}}