{"train_acc": 1.0, "test_acc": 0.49690721649484537, "val_acc": 0.5446575342465754, "loss": 0.16102872788906097, "_timestamp": 1648862876, "_runtime": 13, "_step": 99, "_wandb": {"runtime": 13}}