{"train_acc": 0.14285714285714285, "test_acc": 0.1360824742268041, "val_acc": 0.13863013698630136, "loss": NaN, "_timestamp": 1648908647, "_runtime": 12, "_step": 99, "_wandb": {"runtime": 14}}