{"train_acc": 0.9866666666666667, "test_acc": 0.6, "val_acc": 0.6178378378378379, "loss": 1.0705384016036987, "_timestamp": 1648911413, "_runtime": 20, "_step": 249, "_wandb": {"runtime": 21}}