{"train_acc": 1.0, "test_acc": 0.8907972699317483, "val_acc": 0.8921081081081081, "loss": 1.3045889139175415, "_timestamp": 1648723152, "_runtime": 169, "_step": 249, "_wandb": {"runtime": 170}}