{"train_acc": 1.0, "test_acc": 0.5628865979381443, "val_acc": 0.5463013698630137, "loss": 0.14778238534927368, "_timestamp": 1648807018, "_runtime": 14, "_step": 99, "_wandb": {"runtime": 15}}