{"train_acc": 1.0, "test_acc": 0.5666666666666667, "val_acc": 0.6097297297297297, "loss": 1.0618089437484741, "_timestamp": 1648914103, "_runtime": 21, "_step": 249, "_wandb": {"runtime": 22}}