{"train_acc": 1.0, "test_acc": 0.7368064570751256, "val_acc": 0.7345454545454545, "loss": 0.08428829908370972, "_timestamp": 1648816986, "_runtime": 142, "_step": 599, "_wandb": {"runtime": 143}}