{"train_acc": 1.0, "test_acc": 0.5463917525773195, "val_acc": 0.5654794520547946, "loss": 0.19012916088104248, "_timestamp": 1648861856, "_runtime": 13, "_step": 99, "_wandb": {"runtime": 14}}