{"train_acc": 1.0, "test_acc": 0.8766969174229355, "val_acc": 0.8847567567567568, "loss": 1.247826337814331, "_timestamp": 1648862126, "_runtime": 27, "_step": 249, "_wandb": {"runtime": 28}}