{"train_acc": 1.0, "test_acc": 0.6083333333333333, "val_acc": 0.6410810810810811, "loss": 1.11156165599823, "_timestamp": 1648721796, "_runtime": 177, "_step": 249, "_wandb": {"runtime": 177}}