{"train_acc": 1.0, "test_acc": 0.6412371134020619, "val_acc": 0.6093150684931506, "loss": 0.11538732051849365, "_timestamp": 1648914969, "_runtime": 22, "_step": 99, "_wandb": {"runtime": 23}}