{"train_acc": 1.0, "test_acc": 0.5690721649484536, "val_acc": 0.6098630136986302, "loss": 0.11205142736434937, "_timestamp": 1648813732, "_runtime": 34, "_step": 99, "_wandb": {"runtime": 35}}