{"train_acc": 0.9933333333333333, "test_acc": 0.6916666666666667, "val_acc": 0.6643243243243243, "loss": 0.9418860673904419, "_timestamp": 1648806833, "_runtime": 20, "_step": 249, "_wandb": {"runtime": 22}}