{"train_acc": 1.0, "test_acc": 0.8858471461786545, "val_acc": 0.8886486486486487, "loss": 1.1964243650436401, "_timestamp": 1648722089, "_runtime": 33, "_step": 249, "_wandb": {"runtime": 34}}