{"train_acc": 1.0, "test_acc": 0.7473048484506406, "val_acc": 0.7522077922077922, "loss": 0.10949671268463135, "_timestamp": 1648867197, "_runtime": 54, "_step": 599, "_wandb": {"runtime": 54}}