{"train_acc": 0.9933333333333333, "test_acc": 0.675, "val_acc": 0.6475675675675676, "loss": 1.0872995853424072, "_timestamp": 1648908855, "_runtime": 17, "_step": 249, "_wandb": {"runtime": 17}}