{"train_acc": 0.9933333333333333, "test_acc": 0.55, "val_acc": 0.6086486486486486, "loss": 1.1299442052841187, "_timestamp": 1648805122, "_runtime": 27, "_step": 249, "_wandb": {"runtime": 27}}