{"train_acc": 1.0, "test_acc": 0.5752577319587628, "val_acc": 0.5452054794520548, "loss": 0.1379045844078064, "_timestamp": 1648870973, "_runtime": 48, "_step": 99, "_wandb": {"runtime": 49}}