{"train_acc": 1.0, "test_acc": 0.7194784670090874, "val_acc": 0.7220779220779221, "loss": 0.11169461905956268, "_timestamp": 1648863181, "_runtime": 43, "_step": 599, "_wandb": {"runtime": 44}}