{"train_acc": 1.0, "test_acc": 0.8206185567010309, "val_acc": 0.8065753424657535, "loss": 0.012344395741820335, "_timestamp": 1648804716, "_runtime": 18, "_step": 99, "_wandb": {"runtime": 19}}