{"train_acc": 1.0, "test_acc": 0.6020618556701031, "val_acc": 0.5495890410958905, "loss": 0.13372184336185455, "_timestamp": 1648803715, "_runtime": 15, "_step": 99, "_wandb": {"runtime": 16}}