{"train_acc": 0.9866666666666667, "test_acc": 0.5916666666666667, "val_acc": 0.6264864864864865, "loss": 1.148131251335144, "_timestamp": 1648817873, "_runtime": 127, "_step": 249, "_wandb": {"runtime": 128}}