{"train_acc": 1.0, "test_acc": 0.6164948453608248, "val_acc": 0.5928767123287672, "loss": 0.12234187871217728, "_timestamp": 1648802919, "_runtime": 13, "_step": 99, "_wandb": {"runtime": 14}}