{"train_acc": 1.0, "test_acc": 0.8603465086627166, "val_acc": 0.857081081081081, "loss": 1.2519854307174683, "_timestamp": 1648818738, "_runtime": 82, "_step": 249, "_wandb": {"runtime": 82}}