{"train_acc": 0.9933333333333333, "test_acc": 0.6, "val_acc": 0.6281081081081081, "loss": 1.1567853689193726, "_timestamp": 1648721990, "_runtime": 30, "_step": 249, "_wandb": {"runtime": 31}}