{"train_acc": 0.9933333333333333, "test_acc": 0.675, "val_acc": 0.6518918918918919, "loss": 1.0764129161834717, "_timestamp": 1648810176, "_runtime": 27, "_step": 249, "_wandb": {"runtime": 28}}