{"train_acc": 1.0, "test_acc": 0.8787969699242482, "val_acc": 0.878054054054054, "loss": 1.279730200767517, "_timestamp": 1648866222, "_runtime": 35, "_step": 249, "_wandb": {"runtime": 36}}