{"train_acc": 1.0, "test_acc": 0.675, "val_acc": 0.6232432432432432, "loss": 1.147807002067566, "_timestamp": 1648808443, "_runtime": 24, "_step": 249, "_wandb": {"runtime": 24}}