{"train_acc": 0.9933333333333333, "test_acc": 0.5833333333333334, "val_acc": 0.6129729729729729, "loss": 1.0435981750488281, "_timestamp": 1648921684, "_runtime": 92, "_step": 249, "_wandb": {"runtime": 92}}