{"train_acc": 0.9866666666666667, "test_acc": 0.7333333333333333, "val_acc": 0.6832432432432433, "loss": 0.5253772735595703, "_timestamp": 1648813204, "_runtime": 54, "_step": 249, "_wandb": {"runtime": 55}}