{"train_acc": 1.0, "test_acc": 0.7229779308009256, "val_acc": 0.7246753246753247, "loss": 0.07384511083364487, "_timestamp": 1648807636, "_runtime": 47, "_step": 599, "_wandb": {"runtime": 48}}