{"train_acc": 1.0, "test_acc": 0.7172771913980922, "val_acc": 0.7106493506493506, "loss": 0.08477002382278442, "_timestamp": 1648866974, "_runtime": 44, "_step": 599, "_wandb": {"runtime": 44}}