{"train_acc": 1.0, "test_acc": 0.8852471311782795, "val_acc": 0.8888648648648648, "loss": 1.234874963760376, "_timestamp": 1648862567, "_runtime": 29, "_step": 249, "_wandb": {"runtime": 30}}