{"train_acc": 1.0, "test_acc": 0.6083333333333333, "val_acc": 0.6178378378378379, "loss": 1.0442075729370117, "_timestamp": 1648822634, "_runtime": 117, "_step": 249, "_wandb": {"runtime": 117}}