{"train_acc": 1.0, "test_acc": 0.5237113402061856, "val_acc": 0.5501369863013699, "loss": 0.10016929358243942, "_timestamp": 1648917211, "_runtime": 30, "_step": 99, "_wandb": {"runtime": 30}}