{"train_acc": 1.0, "test_acc": 0.9010725268131703, "val_acc": 0.9022702702702703, "loss": 1.4407278299331665, "_timestamp": 1648805747, "_runtime": 32, "_step": 249, "_wandb": {"runtime": 33}}