{"train_acc": 1.0, "test_acc": 0.8714467861696542, "val_acc": 0.8752432432432432, "loss": 1.1921995878219604, "_timestamp": 1648867016, "_runtime": 34, "_step": 249, "_wandb": {"runtime": 35}}