{"train_acc": 1.0, "test_acc": 0.6083333333333333, "val_acc": 0.6194594594594595, "loss": 1.1256517171859741, "_timestamp": 1648805859, "_runtime": 26, "_step": 249, "_wandb": {"runtime": 27}}