{"train_acc": 1.0, "test_acc": 0.7216797426200824, "val_acc": 0.7277922077922078, "loss": 0.01948925107717514, "_timestamp": 1648812110, "_runtime": 59, "_step": 599, "_wandb": {"runtime": 60}}