{"train_acc": 1.0, "test_acc": 0.7475870632725631, "val_acc": 0.7485714285714286, "loss": 0.04298770800232887, "_timestamp": 1648812458, "_runtime": 61, "_step": 599, "_wandb": {"runtime": 61}}