{"train_acc": 1.0, "test_acc": 0.8844221105527639, "val_acc": 0.888, "loss": 1.3325437307357788, "_timestamp": 1648720206, "_runtime": 32, "_step": 249, "_wandb": {"runtime": 33}}