{"train_acc": 0.9933333333333333, "test_acc": 0.6666666666666666, "val_acc": 0.5762162162162162, "loss": 1.1316770315170288, "_timestamp": 1648908572, "_runtime": 16, "_step": 249, "_wandb": {"runtime": 16}}