{"train_acc": 1.0, "test_acc": 0.65, "val_acc": 0.6091891891891892, "loss": 1.1260813474655151, "_timestamp": 1648867865, "_runtime": 42, "_step": 249, "_wandb": {"runtime": 43}}