{"train_acc": 1.0, "test_acc": 0.5587628865979382, "val_acc": 0.5868493150684931, "loss": 0.1430220603942871, "_timestamp": 1648912712, "_runtime": 14, "_step": 99, "_wandb": {"runtime": 14}}