{"train_acc": 1.0, "test_acc": 0.6666666666666666, "val_acc": 0.6183783783783784, "loss": 1.0599536895751953, "_timestamp": 1648718097, "_runtime": 174, "_step": 249, "_wandb": {"runtime": 175}}