{"train_acc": 1.0, "test_acc": 0.575, "val_acc": 0.6427027027027027, "loss": 1.0907471179962158, "_timestamp": 1648804624, "_runtime": 19, "_step": 249, "_wandb": {"runtime": 20}}