{"train_acc": 0.9933333333333333, "test_acc": 0.6416666666666667, "val_acc": 0.6129729729729729, "loss": 1.0788143873214722, "_timestamp": 1648864917, "_runtime": 21, "_step": 249, "_wandb": {"runtime": 22}}