{"train_acc": 0.3333333333333333, "test_acc": 0.20861319636507308, "val_acc": 0.19844155844155845, "loss": NaN, "_timestamp": 1648820424, "_runtime": 131, "_step": 599, "_wandb": {"runtime": 132}}