{"train_acc": 0.9933333333333333, "test_acc": 0.6, "val_acc": 0.66, "loss": 1.1067131757736206, "_timestamp": 1648813082, "_runtime": 40, "_step": 249, "_wandb": {"runtime": 41}}