{"train_acc": 1.0, "test_acc": 0.6041237113402061, "val_acc": 0.5863013698630137, "loss": 0.13392584025859833, "_timestamp": 1648808070, "_runtime": 16, "_step": 99, "_wandb": {"runtime": 17}}