{"train_acc": 1.0, "test_acc": 0.8814220355508888, "val_acc": 0.8830270270270271, "loss": 1.2081551551818848, "_timestamp": 1648866610, "_runtime": 32, "_step": 249, "_wandb": {"runtime": 32}}