{"train_acc": 1.0, "test_acc": 0.7466839758424112, "val_acc": 0.7511688311688312, "loss": 0.05701535567641258, "_timestamp": 1648812252, "_runtime": 60, "_step": 599, "_wandb": {"runtime": 60}}