{"train_acc": 1.0, "test_acc": 0.5916666666666667, "val_acc": 0.6091891891891892, "loss": 1.1315428018569946, "_timestamp": 1648816643, "_runtime": 72, "_step": 249, "_wandb": {"runtime": 72}}