{"train_acc": 0.98, "test_acc": 0.6833333333333333, "val_acc": 0.6691891891891892, "loss": 0.6737684011459351, "_timestamp": 1648805686, "_runtime": 24, "_step": 249, "_wandb": {"runtime": 24}}