{"train_acc": 1.0, "test_acc": 0.7342100807134391, "val_acc": 0.7482849604221636, "loss": 0.10944473743438721, "_timestamp": 1648786889, "_runtime": 49, "_step": 599, "_wandb": {"runtime": 51}}