{"train_acc": 1.0, "test_acc": 0.7420556527628831, "val_acc": 0.732987012987013, "loss": 0.08919570595026016, "_timestamp": 1648826384, "_runtime": 204, "_step": 599, "_wandb": {"runtime": 205}}