{"train_acc": 1.0, "test_acc": 0.6656883219506688, "val_acc": 0.6675324675324675, "loss": 0.10196590423583984, "_timestamp": 1648864460, "_runtime": 41, "_step": 599, "_wandb": {"runtime": 42}}