{"train_acc": 1.0, "test_acc": 0.5649484536082474, "val_acc": 0.5506849315068493, "loss": 0.09081543236970901, "_timestamp": 1648719297, "_runtime": 22, "_step": 99, "_wandb": {"runtime": 23}}