{"train_acc": 1.0, "test_acc": 0.5773195876288659, "val_acc": 0.5682191780821918, "loss": 0.11940129101276398, "_timestamp": 1648909187, "_runtime": 14, "_step": 99, "_wandb": {"runtime": 15}}