{"train_acc": 1.0, "test_acc": 0.5814432989690722, "val_acc": 0.5484931506849315, "loss": 0.12651072442531586, "_timestamp": 1648867301, "_runtime": 24, "_step": 99, "_wandb": {"runtime": 25}}