{"train_acc": 1.0, "test_acc": 0.7443298969072165, "val_acc": 0.7391780821917808, "loss": 0.04424778372049332, "_timestamp": 1648917770, "_runtime": 30, "_step": 99, "_wandb": {"runtime": 30}}