{"train_acc": 1.0, "test_acc": 0.6083333333333333, "val_acc": 0.607027027027027, "loss": 1.0267486572265625, "_timestamp": 1648811178, "_runtime": 46, "_step": 249, "_wandb": {"runtime": 47}}