{"train_acc": 1.0, "test_acc": 0.7083333333333334, "val_acc": 0.6675675675675675, "loss": 1.0673519372940063, "_timestamp": 1648867129, "_runtime": 22, "_step": 249, "_wandb": {"runtime": 23}}