{"train_acc": 0.9933333333333333, "test_acc": 0.5666666666666667, "val_acc": 0.6291891891891892, "loss": 1.0864721536636353, "_timestamp": 1648914867, "_runtime": 36, "_step": 249, "_wandb": {"runtime": 37}}