{"train_acc": 1.0, "test_acc": 0.8787219680492012, "val_acc": 0.8841081081081081, "loss": 1.3111432790756226, "_timestamp": 1648862660, "_runtime": 33, "_step": 249, "_wandb": {"runtime": 34}}