{"train_acc": 0.3333333333333333, "test_acc": 0.2096856126883784, "val_acc": 0.18857142857142858, "loss": NaN, "_timestamp": 1648882944, "_runtime": 159, "_step": 599, "_wandb": {"runtime": 159}}