{"train_acc": 0.9866666666666667, "test_acc": 0.5833333333333334, "val_acc": 0.5924324324324325, "loss": 1.0472655296325684, "_timestamp": 1648912918, "_runtime": 20, "_step": 249, "_wandb": {"runtime": 20}}