{"train_acc": 1.0, "test_acc": 0.8901222530563264, "val_acc": 0.8916756756756756, "loss": 1.3002502918243408, "_timestamp": 1648861066, "_runtime": 28, "_step": 249, "_wandb": {"runtime": 29}}