{"train_acc": 1.0, "test_acc": 0.7058757125924253, "val_acc": 0.7127272727272728, "loss": 0.09658878296613693, "_timestamp": 1648813047, "_runtime": 65, "_step": 599, "_wandb": {"runtime": 65}}