{"train_acc": 1.0, "test_acc": 0.5154639175257731, "val_acc": 0.5106849315068493, "loss": 0.15018339455127716, "_timestamp": 1648721613, "_runtime": 16, "_step": 99, "_wandb": {"runtime": 17}}