{"train_acc": 1.0, "test_acc": 0.5917525773195876, "val_acc": 0.566027397260274, "loss": 0.14656367897987366, "_timestamp": 1648718525, "_runtime": 18, "_step": 99, "_wandb": {"runtime": 19}}