{"train_acc": 1.0, "test_acc": 0.73962860529435, "val_acc": 0.7267532467532467, "loss": 0.09064506739377975, "_timestamp": 1648885251, "_runtime": 292, "_step": 599, "_wandb": {"runtime": 293}}