{"train_acc": 0.9866666666666667, "test_acc": 0.6416666666666667, "val_acc": 0.6556756756756756, "loss": 1.1350229978561401, "_timestamp": 1648723709, "_runtime": 64, "_step": 249, "_wandb": {"runtime": 65}}