{"train_acc": 0.9733333333333334, "test_acc": 0.5916666666666667, "val_acc": 0.6610810810810811, "loss": 1.1206954717636108, "_timestamp": 1648906869, "_runtime": 17, "_step": 249, "_wandb": {"runtime": 18}}