{"train_acc": 1.0, "test_acc": 0.7443133713382627, "val_acc": 0.7403693931398417, "loss": 0.013764250092208385, "_timestamp": 1648795308, "_runtime": 59, "_step": 599, "_wandb": {"runtime": 60}}