{"train_acc": 1.0, "test_acc": 0.5916666666666667, "val_acc": 0.6383783783783784, "loss": 1.1063858270645142, "_timestamp": 1648917176, "_runtime": 37, "_step": 249, "_wandb": {"runtime": 38}}