{"train_acc": 1.0, "test_acc": 0.8763969099227481, "val_acc": 0.8784864864864865, "loss": 1.2890610694885254, "_timestamp": 1648874171, "_runtime": 101, "_step": 249, "_wandb": {"runtime": 102}}