{"train_acc": 1.0, "test_acc": 0.8917722943073577, "val_acc": 0.8934054054054054, "loss": 1.1992855072021484, "_timestamp": 1648721547, "_runtime": 30, "_step": 249, "_wandb": {"runtime": 32}}