{"train_acc": 1.0, "test_acc": 0.5711340206185567, "val_acc": 0.5791780821917808, "loss": 0.18050727248191833, "_timestamp": 1648907828, "_runtime": 13, "_step": 99, "_wandb": {"runtime": 14}}