{"train_acc": 1.0, "test_acc": 0.554639175257732, "val_acc": 0.5282191780821918, "loss": 0.13691039383411407, "_timestamp": 1648861376, "_runtime": 14, "_step": 99, "_wandb": {"runtime": 14}}