{"train_acc": 0.3333333333333333, "test_acc": 0.20821809561438168, "val_acc": 0.20207792207792208, "loss": NaN, "_timestamp": 1648829741, "_runtime": 155, "_step": 599, "_wandb": {"runtime": 156}}