{"train_acc": 1.0, "test_acc": 0.6333333333333333, "val_acc": 0.6362162162162163, "loss": 1.1007057428359985, "_timestamp": 1648810546, "_runtime": 46, "_step": 249, "_wandb": {"runtime": 47}}