{"train_acc": 1.0, "test_acc": 0.5505154639175258, "val_acc": 0.5419178082191781, "loss": 0.1523890495300293, "_timestamp": 1648908927, "_runtime": 16, "_step": 99, "_wandb": {"runtime": 15}}