{"train_acc": 0.6213333333333333, "test_acc": 0.6182404560114003, "val_acc": 0.611027027027027, "loss": 2.333211898803711, "_timestamp": 1648825178, "_runtime": 132, "_step": 249, "_wandb": {"runtime": 133}}