{"train_acc": 1.0, "test_acc": 0.8750468761719044, "val_acc": 0.8845405405405405, "loss": 1.2666922807693481, "_timestamp": 1648805895, "_runtime": 34, "_step": 249, "_wandb": {"runtime": 34}}