{"train_acc": 0.9933333333333333, "test_acc": 0.5833333333333334, "val_acc": 0.6194594594594595, "loss": 1.073940634727478, "_timestamp": 1648802613, "_runtime": 18, "_step": 249, "_wandb": {"runtime": 18}}