{"train_acc": 1.0, "test_acc": 0.7009087317265903, "val_acc": 0.730909090909091, "loss": 0.09356389194726944, "_timestamp": 1648869689, "_runtime": 60, "_step": 599, "_wandb": {"runtime": 60}}