{"train_acc": 1.0, "test_acc": 0.7124795394254106, "val_acc": 0.7163636363636363, "loss": 0.10792426019906998, "_timestamp": 1648803391, "_runtime": 42, "_step": 599, "_wandb": {"runtime": 43}}