{"train_acc": 1.0, "test_acc": 0.7116328949596433, "val_acc": 0.7127272727272728, "loss": 0.10219743102788925, "_timestamp": 1648803750, "_runtime": 39, "_step": 599, "_wandb": {"runtime": 40}}