{"train_acc": 0.9942857142857143, "test_acc": 0.5731958762886598, "val_acc": 0.5835616438356165, "loss": 0.3499007225036621, "_timestamp": 1648865119, "_runtime": 15, "_step": 99, "_wandb": {"runtime": 16}}