{"train_acc": 1.0, "test_acc": 0.6583333333333333, "val_acc": 0.6005405405405405, "loss": 1.0270171165466309, "_timestamp": 1648805459, "_runtime": 26, "_step": 249, "_wandb": {"runtime": 26}}