{"train_acc": 1.0, "test_acc": 0.7271547101653779, "val_acc": 0.7376623376623377, "loss": 0.07380180805921555, "_timestamp": 1648805858, "_runtime": 48, "_step": 599, "_wandb": {"runtime": 48}}