{"train_acc": 1.0, "test_acc": 0.7137777276062539, "val_acc": 0.7262337662337662, "loss": 0.09271937608718872, "_timestamp": 1648810607, "_runtime": 58, "_step": 599, "_wandb": {"runtime": 58}}