{"train_acc": 0.14285714285714285, "test_acc": 0.11134020618556702, "val_acc": 0.14520547945205478, "loss": NaN, "_timestamp": 1648911726, "_runtime": 13, "_step": 99, "_wandb": {"runtime": 14}}