{"train_acc": 1.0, "test_acc": 0.8856221405535138, "val_acc": 0.8899459459459459, "loss": 1.3082709312438965, "_timestamp": 1648869491, "_runtime": 33, "_step": 249, "_wandb": {"runtime": 34}}