{"train_acc": 0.8914285714285715, "test_acc": 0.777319587628866, "val_acc": 0.7501369863013698, "loss": 0.6709975600242615, "_timestamp": 1648803983, "_runtime": 16, "_step": 99, "_wandb": {"runtime": 16}}