{"train_acc": 0.9866666666666667, "test_acc": 0.65, "val_acc": 0.6594594594594595, "loss": 1.084516167640686, "_timestamp": 1648725751, "_runtime": 29, "_step": 249, "_wandb": {"runtime": 29}}