{"train_acc": 1.0, "test_acc": 0.8814970374259357, "val_acc": 0.8862702702702703, "loss": 1.2051584720611572, "_timestamp": 1648860701, "_runtime": 35, "_step": 249, "_wandb": {"runtime": 35}}