{"train_acc": 1.0, "test_acc": 0.8899722493062326, "val_acc": 0.8944864864864864, "loss": 1.246099829673767, "_timestamp": 1648808472, "_runtime": 37, "_step": 249, "_wandb": {"runtime": 38}}