{"train_acc": 1.0, "test_acc": 0.7026584636225095, "val_acc": 0.7241558441558441, "loss": 0.11800836026668549, "_timestamp": 1648813768, "_runtime": 62, "_step": 599, "_wandb": {"runtime": 63}}