{"train_acc": 1.0, "test_acc": 0.6666666666666666, "val_acc": 0.6345945945945946, "loss": 1.0777541399002075, "_timestamp": 1648924063, "_runtime": 87, "_step": 249, "_wandb": {"runtime": 88}}