{"train_acc": 0.8266666666666667, "test_acc": 0.6081164982784896, "val_acc": 0.6135064935064936, "loss": 1.0153411626815796, "_timestamp": 1648811828, "_runtime": 63, "_step": 599, "_wandb": {"runtime": 63}}