{"train_acc": 1.0, "test_acc": 0.5649484536082474, "val_acc": 0.5336986301369863, "loss": 0.12933506071567535, "_timestamp": 1648913098, "_runtime": 14, "_step": 99, "_wandb": {"runtime": 15}}