{"train_acc": 1.0, "test_acc": 0.5793814432989691, "val_acc": 0.5884931506849315, "loss": 0.12167327851057053, "_timestamp": 1648801988, "_runtime": 17, "_step": 99, "_wandb": {"runtime": 18}}