{"train_acc": 1.0, "test_acc": 0.6941355760004515, "val_acc": 0.6893506493506494, "loss": 0.11584753543138504, "_timestamp": 1648866797, "_runtime": 53, "_step": 599, "_wandb": {"runtime": 54}}