{"train_acc": 1.0, "test_acc": 0.8862971574289358, "val_acc": 0.8914594594594595, "loss": 1.2979530096054077, "_timestamp": 1648863781, "_runtime": 28, "_step": 249, "_wandb": {"runtime": 30}}