{"train_acc": 1.0, "test_acc": 0.8835220880522013, "val_acc": 0.886054054054054, "loss": 1.3177388906478882, "_timestamp": 1648807461, "_runtime": 39, "_step": 249, "_wandb": {"runtime": 40}}