{"train_acc": 1.0, "test_acc": 0.8820970524263106, "val_acc": 0.8828108108108108, "loss": 1.2694511413574219, "_timestamp": 1648875009, "_runtime": 95, "_step": 249, "_wandb": {"runtime": 96}}