{"train_acc": 0.9933333333333333, "test_acc": 0.6416666666666667, "val_acc": 0.6378378378378379, "loss": 1.1423348188400269, "_timestamp": 1648724136, "_runtime": 34, "_step": 249, "_wandb": {"runtime": 34}}