{"train_acc": 0.3333333333333333, "test_acc": 0.2085567534006886, "val_acc": 0.19896103896103895, "loss": NaN, "_timestamp": 1648816789, "_runtime": 69, "_step": 599, "_wandb": {"runtime": 69}}