{"train_acc": 1.0, "test_acc": 0.5876288659793815, "val_acc": 0.5895890410958904, "loss": 0.10783577710390091, "_timestamp": 1648910898, "_runtime": 15, "_step": 99, "_wandb": {"runtime": 16}}