{"train_acc": 1.0, "test_acc": 0.625, "val_acc": 0.5962162162162162, "loss": 1.168003797531128, "_timestamp": 1648717911, "_runtime": 89, "_step": 249, "_wandb": {"runtime": 90}}