{"train_acc": 1.0, "test_acc": 0.575, "val_acc": 0.6416216216216216, "loss": 1.0699756145477295, "_timestamp": 1648870828, "_runtime": 65, "_step": 249, "_wandb": {"runtime": 66}}