{"train_acc": 0.9933333333333333, "test_acc": 0.6666666666666666, "val_acc": 0.614054054054054, "loss": 1.1178438663482666, "_timestamp": 1648907555, "_runtime": 18, "_step": 249, "_wandb": {"runtime": 19}}