{"train_acc": 0.9933333333333333, "test_acc": 0.625, "val_acc": 0.6302702702702703, "loss": 1.075348138809204, "_timestamp": 1648910728, "_runtime": 18, "_step": 249, "_wandb": {"runtime": 20}}