{"train_acc": 1.0, "test_acc": 0.8784969624240606, "val_acc": 0.8825945945945946, "loss": 1.3036350011825562, "_timestamp": 1648802486, "_runtime": 33, "_step": 249, "_wandb": {"runtime": 34}}