{"train_acc": 1.0, "test_acc": 0.7051546391752578, "val_acc": 0.6931506849315069, "loss": 0.07194104790687561, "_timestamp": 1648815052, "_runtime": 56, "_step": 99, "_wandb": {"runtime": 57}}