{"train_acc": 1.0, "test_acc": 0.5175257731958763, "val_acc": 0.5528767123287671, "loss": 0.15488609671592712, "_timestamp": 1648866192, "_runtime": 19, "_step": 99, "_wandb": {"runtime": 20}}