{"train_acc": 1.0, "test_acc": 0.6416666666666667, "val_acc": 0.6508108108108108, "loss": 1.0938501358032227, "_timestamp": 1648910427, "_runtime": 19, "_step": 249, "_wandb": {"runtime": 20}}