{"train_acc": 1.0, "test_acc": 0.5731958762886598, "val_acc": 0.5736986301369863, "loss": 0.09168179333209991, "_timestamp": 1648801475, "_runtime": 14, "_step": 99, "_wandb": {"runtime": 15}}