{"train_acc": 1.0, "test_acc": 0.511340206185567, "val_acc": 0.5101369863013698, "loss": 0.12368364632129669, "_timestamp": 1648869528, "_runtime": 28, "_step": 99, "_wandb": {"runtime": 28}}