{"train_acc": 1.0, "test_acc": 0.6416666666666667, "val_acc": 0.6291891891891892, "loss": 1.100845217704773, "_timestamp": 1648801854, "_runtime": 18, "_step": 249, "_wandb": {"runtime": 19}}