{"train_acc": 1.0, "test_acc": 0.5876288659793815, "val_acc": 0.5654794520547946, "loss": 0.12765982747077942, "_timestamp": 1648908030, "_runtime": 15, "_step": 99, "_wandb": {"runtime": 15}}