{"train_acc": 0.14285714285714285, "test_acc": 0.10309278350515463, "val_acc": 0.14731182795698924, "loss": NaN, "_timestamp": 1648530842, "_runtime": 86, "_step": 299, "_wandb": {"runtime": 85}}