{"train_acc": 1.0, "test_acc": 0.5628865979381443, "val_acc": 0.5884931506849315, "loss": 0.09703939408063889, "_timestamp": 1648864355, "_runtime": 19, "_step": 99, "_wandb": {"runtime": 21}}