{"train_acc": 1.0, "test_acc": 0.8913222830570764, "val_acc": 0.8942702702702703, "loss": 1.2619775533676147, "_timestamp": 1648725564, "_runtime": 30, "_step": 249, "_wandb": {"runtime": 31}}