{"train_acc": 0.9666666666666667, "test_acc": 0.6916666666666667, "val_acc": 0.6782122905027933, "loss": 1.218603491783142, "_timestamp": 1648783967, "_runtime": 414, "_step": 249, "_wandb": {"runtime": 414}}