{"train_acc": 1.0, "test_acc": 0.8775219380484512, "val_acc": 0.8838918918918919, "loss": 1.2371314764022827, "_timestamp": 1648871280, "_runtime": 64, "_step": 249, "_wandb": {"runtime": 65}}