{"train_acc": 1.0, "test_acc": 0.6666666666666666, "val_acc": 0.6421621621621622, "loss": 1.0577752590179443, "_timestamp": 1648863530, "_runtime": 22, "_step": 249, "_wandb": {"runtime": 24}}