{"train_acc": 1.0, "test_acc": 0.6083333333333333, "val_acc": 0.6091891891891892, "loss": 1.122139573097229, "_timestamp": 1648870156, "_runtime": 66, "_step": 249, "_wandb": {"runtime": 66}}