{"train_acc": 1.0, "test_acc": 0.5752577319587628, "val_acc": 0.5638356164383561, "loss": 0.12868689000606537, "_timestamp": 1648868809, "_runtime": 36, "_step": 99, "_wandb": {"runtime": 37}}