{"train_acc": 1.0, "test_acc": 0.5814432989690722, "val_acc": 0.5797260273972603, "loss": 0.12973839044570923, "_timestamp": 1648908724, "_runtime": 14, "_step": 99, "_wandb": {"runtime": 15}}