{"train_acc": 1.0, "test_acc": 0.7134020618556701, "val_acc": 0.7484931506849315, "loss": 0.031911641359329224, "_timestamp": 1648919439, "_runtime": 45, "_step": 99, "_wandb": {"runtime": 46}}