{"train_acc": 1.0, "test_acc": 0.8870471761794045, "val_acc": 0.8905945945945946, "loss": 1.250699758529663, "_timestamp": 1648818644, "_runtime": 99, "_step": 249, "_wandb": {"runtime": 99}}