{"train_acc": 1.0, "test_acc": 0.7511994129931704, "val_acc": 0.7548051948051948, "loss": 0.033153560012578964, "_timestamp": 1648808053, "_runtime": 49, "_step": 599, "_wandb": {"runtime": 49}}