{"train_acc": 1.0, "test_acc": 0.5711340206185567, "val_acc": 0.553972602739726, "loss": 0.13681663572788239, "_timestamp": 1648913958, "_runtime": 22, "_step": 99, "_wandb": {"runtime": 22}}