{"train_acc": 0.98, "test_acc": 0.5583333333333333, "val_acc": 0.5816216216216217, "loss": 1.0957400798797607, "_timestamp": 1648862354, "_runtime": 20, "_step": 249, "_wandb": {"runtime": 21}}