{"train_acc": 1.0, "test_acc": 0.7430716261218039, "val_acc": 0.7387012987012987, "loss": 0.07038925588130951, "_timestamp": 1648801731, "_runtime": 41, "_step": 599, "_wandb": {"runtime": 42}}