{"train_acc": 1.0, "test_acc": 0.7463917525773196, "val_acc": 0.7402739726027397, "loss": 0.048601314425468445, "_timestamp": 1648911675, "_runtime": 15, "_step": 99, "_wandb": {"runtime": 16}}