{"train_acc": 1.0, "test_acc": 0.5195876288659794, "val_acc": 0.5298630136986301, "loss": 0.1264948695898056, "_timestamp": 1648863229, "_runtime": 16, "_step": 99, "_wandb": {"runtime": 17}}