{"train_acc": 0.9866666666666667, "test_acc": 0.7416666666666667, "val_acc": 0.7124324324324325, "loss": 0.8579393625259399, "_timestamp": 1648912395, "_runtime": 20, "_step": 249, "_wandb": {"runtime": 21}}