{"train_acc": 1.0, "test_acc": 0.8041237113402062, "val_acc": 0.8054794520547945, "loss": 0.0654396191239357, "_timestamp": 1648803660, "_runtime": 14, "_step": 99, "_wandb": {"runtime": 15}}