{"train_acc": 1.0, "test_acc": 0.7403059208669639, "val_acc": 0.7345454545454545, "loss": 0.08575653284788132, "_timestamp": 1648812810, "_runtime": 60, "_step": 599, "_wandb": {"runtime": 61}}