{"train_acc": 1.0, "test_acc": 0.8753468836720918, "val_acc": 0.8769729729729729, "loss": 1.350252389907837, "_timestamp": 1648865971, "_runtime": 32, "_step": 249, "_wandb": {"runtime": 33}}