{"train_acc": 0.9904761904761905, "test_acc": 0.65, "val_acc": 0.6932960893854748, "loss": 1.2023835182189941, "_timestamp": 1648785307, "_runtime": 442, "_step": 249, "_wandb": {"runtime": 443}}