{"train_acc": 1.0, "test_acc": 0.6989690721649484, "val_acc": 0.6915068493150685, "loss": 0.07730357348918915, "_timestamp": 1648723172, "_runtime": 78, "_step": 99, "_wandb": {"runtime": 79}}