{"train_acc": 1.0, "test_acc": 0.9153228830720768, "val_acc": 0.916972972972973, "loss": 1.3501218557357788, "_timestamp": 1648726295, "_runtime": 59, "_step": 249, "_wandb": {"runtime": 59}}