{"train_acc": 1.0, "test_acc": 0.5195876288659794, "val_acc": 0.5424657534246575, "loss": 0.13216207921504974, "_timestamp": 1648909550, "_runtime": 15, "_step": 99, "_wandb": {"runtime": 15}}