{"train_acc": 1.0, "test_acc": 0.5711340206185567, "val_acc": 0.555068493150685, "loss": 0.14644576609134674, "_timestamp": 1648872431, "_runtime": 47, "_step": 99, "_wandb": {"runtime": 48}}