{"train_acc": 0.9933333333333333, "test_acc": 0.6416666666666667, "val_acc": 0.6421621621621622, "loss": 1.121180772781372, "_timestamp": 1648806321, "_runtime": 25, "_step": 249, "_wandb": {"runtime": 22}}