{"train_acc": 1.0, "test_acc": 0.5402061855670103, "val_acc": 0.5736986301369863, "loss": 0.1579260528087616, "_timestamp": 1648719234, "_runtime": 17, "_step": 99, "_wandb": {"runtime": 18}}