{"train_acc": 1.0, "test_acc": 0.8828470711767794, "val_acc": 0.881945945945946, "loss": 1.3162883520126343, "_timestamp": 1648814198, "_runtime": 48, "_step": 249, "_wandb": {"runtime": 49}}