{"train_acc": 0.16666666666666666, "test_acc": 0.025, "val_acc": 0.05243243243243243, "loss": NaN, "_timestamp": 1648918097, "_runtime": 54, "_step": 249, "_wandb": {"runtime": 55}}