{"train_acc": 1.0, "test_acc": 0.8763969099227481, "val_acc": 0.8778378378378379, "loss": 1.227541446685791, "_timestamp": 1648811104, "_runtime": 75, "_step": 249, "_wandb": {"runtime": 75}}