{"train_acc": 1.0, "test_acc": 0.8821720543013576, "val_acc": 0.8873513513513513, "loss": 1.3144657611846924, "_timestamp": 1648871016, "_runtime": 49, "_step": 249, "_wandb": {"runtime": 50}}