{"train_acc": 1.0, "test_acc": 0.8819470486762169, "val_acc": 0.8914594594594595, "loss": 1.3004719018936157, "_timestamp": 1648718263, "_runtime": 32, "_step": 249, "_wandb": {"runtime": 32}}