{"train_acc": 1.0, "test_acc": 0.6082474226804123, "val_acc": 0.5846575342465753, "loss": 0.1777079999446869, "_timestamp": 1648908775, "_runtime": 14, "_step": 99, "_wandb": {"runtime": 15}}