{"train_acc": 1.0, "test_acc": 0.5443298969072164, "val_acc": 0.5578082191780822, "loss": 0.16912999749183655, "_timestamp": 1648720916, "_runtime": 16, "_step": 99, "_wandb": {"runtime": 17}}