{"train_acc": 1.0, "test_acc": 0.6083333333333333, "val_acc": 0.6345945945945946, "loss": 1.0757908821105957, "_timestamp": 1648910397, "_runtime": 17, "_step": 249, "_wandb": {"runtime": 17}}