{"train_acc": 1.0, "test_acc": 0.8790969774244356, "val_acc": 0.886054054054054, "loss": 1.2385103702545166, "_timestamp": 1648870855, "_runtime": 62, "_step": 249, "_wandb": {"runtime": 62}}