{"train_acc": 1.0, "test_acc": 0.5628865979381443, "val_acc": 0.5534246575342465, "loss": 0.13101094961166382, "_timestamp": 1648809026, "_runtime": 25, "_step": 99, "_wandb": {"runtime": 25}}