{"train_acc": 1.0, "test_acc": 0.716091889146018, "val_acc": 0.7282321899736148, "loss": 0.1495973914861679, "_timestamp": 1648789795, "_runtime": 60, "_step": 599, "_wandb": {"runtime": 60}}