{"train_acc": 1.0, "test_acc": 0.7784613647908788, "val_acc": 0.7641160949868074, "loss": 0.06949281692504883, "_timestamp": 1648795169, "_runtime": 49, "_step": 599, "_wandb": {"runtime": 50}}