{"train_acc": 1.0, "test_acc": 0.5166666666666667, "val_acc": 0.6091891891891892, "loss": 1.0584343671798706, "_timestamp": 1648803937, "_runtime": 20, "_step": 249, "_wandb": {"runtime": 21}}