{"train_acc": 1.0, "test_acc": 0.8871971799294982, "val_acc": 0.8916756756756756, "loss": 1.2958849668502808, "_timestamp": 1648721674, "_runtime": 62, "_step": 249, "_wandb": {"runtime": 64}}