{"train_acc": 0.9933333333333333, "test_acc": 0.5916666666666667, "val_acc": 0.6394594594594595, "loss": 1.0979912281036377, "_timestamp": 1648808030, "_runtime": 24, "_step": 249, "_wandb": {"runtime": 25}}