{"train_acc": 0.5706666666666667, "test_acc": 0.43643591089777245, "val_acc": 0.41945945945945945, "loss": 2.665836811065674, "_timestamp": 1648802692, "_runtime": 32, "_step": 249, "_wandb": {"runtime": 32}}