{"train_acc": 1.0, "test_acc": 0.5583333333333333, "val_acc": 0.5972972972972973, "loss": 1.083225965499878, "_timestamp": 1648911597, "_runtime": 18, "_step": 249, "_wandb": {"runtime": 19}}