{"train_acc": 1.0, "test_acc": 0.8784969624240606, "val_acc": 0.8795675675675676, "loss": 1.2900607585906982, "_timestamp": 1648804390, "_runtime": 39, "_step": 249, "_wandb": {"runtime": 39}}