{"train_acc": 1.0, "test_acc": 0.6103092783505155, "val_acc": 0.5928767123287672, "loss": 0.14893318712711334, "_timestamp": 1648866719, "_runtime": 32, "_step": 99, "_wandb": {"runtime": 33}}