{"train_acc": 1.0, "test_acc": 0.6666666666666666, "val_acc": 0.6297297297297297, "loss": 1.106170654296875, "_timestamp": 1648919692, "_runtime": 56, "_step": 249, "_wandb": {"runtime": 57}}