{"train_acc": 1.0, "test_acc": 0.6103092783505155, "val_acc": 0.5758904109589041, "loss": 0.1467352956533432, "_timestamp": 1648908673, "_runtime": 14, "_step": 99, "_wandb": {"runtime": 15}}