{"train_acc": 1.0, "test_acc": 0.6833333333333333, "val_acc": 0.6594594594594595, "loss": 1.17289400100708, "_timestamp": 1648921080, "_runtime": 55, "_step": 249, "_wandb": {"runtime": 56}}