{"train_acc": 1.0, "test_acc": 0.8895222380559514, "val_acc": 0.8918918918918919, "loss": 1.1984620094299316, "_timestamp": 1648866567, "_runtime": 31, "_step": 249, "_wandb": {"runtime": 32}}