{"train_acc": 1.0, "test_acc": 0.8783469586739668, "val_acc": 0.8808648648648648, "loss": 1.2529475688934326, "_timestamp": 1648720940, "_runtime": 36, "_step": 249, "_wandb": {"runtime": 36}}