{"train_acc": 1.0, "test_acc": 0.5628865979381443, "val_acc": 0.5682191780821918, "loss": 0.14738677442073822, "_timestamp": 1648908550, "_runtime": 10, "_step": 99, "_wandb": {"runtime": 11}}