{"train_acc": 1.0, "test_acc": 0.5649484536082474, "val_acc": 0.5731506849315069, "loss": 0.13721142709255219, "_timestamp": 1648914350, "_runtime": 21, "_step": 99, "_wandb": {"runtime": 22}}