{"train_acc": 1.0, "test_acc": 0.8123711340206186, "val_acc": 0.8054794520547945, "loss": 0.09337568283081055, "_timestamp": 1648817263, "_runtime": 58, "_step": 99, "_wandb": {"runtime": 59}}