{"train_acc": 1.0, "test_acc": 0.7463917525773196, "val_acc": 0.7583561643835617, "loss": 0.028580622747540474, "_timestamp": 1648807828, "_runtime": 15, "_step": 99, "_wandb": {"runtime": 16}}