{"train_acc": 1.0, "test_acc": 0.55, "val_acc": 0.6097297297297297, "loss": 1.064976453781128, "_timestamp": 1648867711, "_runtime": 46, "_step": 249, "_wandb": {"runtime": 47}}