{"train_acc": 1.0, "test_acc": 0.7443133713382627, "val_acc": 0.7376623376623377, "loss": 0.08513946086168289, "_timestamp": 1648815647, "_runtime": 67, "_step": 599, "_wandb": {"runtime": 67}}