{"train_acc": 0.16666666666666666, "test_acc": 0.175, "val_acc": 0.2627027027027027, "loss": 2280688032153600.0, "_timestamp": 1648805752, "_runtime": 21, "_step": 249, "_wandb": {"runtime": 22}}