{"train_acc": 1.0, "test_acc": 0.5583333333333333, "val_acc": 0.62, "loss": 1.1365989446640015, "_timestamp": 1648862051, "_runtime": 17, "_step": 249, "_wandb": {"runtime": 18}}