{"train_acc": 0.9942857142857143, "test_acc": 0.8082474226804124, "val_acc": 0.7983561643835616, "loss": 0.03298232704401016, "_timestamp": 1648807291, "_runtime": 18, "_step": 99, "_wandb": {"runtime": 19}}