{"train_acc": 0.9933333333333333, "test_acc": 0.75, "val_acc": 0.7081081081081081, "loss": 0.666709303855896, "_timestamp": 1648807882, "_runtime": 21, "_step": 249, "_wandb": {"runtime": 22}}