{"train_acc": 1.0, "test_acc": 0.6931760456059152, "val_acc": 0.6888311688311688, "loss": 0.0837719738483429, "_timestamp": 1648823115, "_runtime": 115, "_step": 599, "_wandb": {"runtime": 116}}