{"train_acc": 1.0, "test_acc": 0.7456680024834904, "val_acc": 0.741424802110818, "loss": 0.12834405899047852, "_timestamp": 1648783442, "_runtime": 40, "_step": 599, "_wandb": {"runtime": 40}}