{"train_acc": 1.0, "test_acc": 0.5505154639175258, "val_acc": 0.5221917808219179, "loss": 0.13415087759494781, "_timestamp": 1648912400, "_runtime": 14, "_step": 99, "_wandb": {"runtime": 15}}