{"train_acc": 1.0, "test_acc": 0.7142857142857143, "val_acc": 0.704935064935065, "loss": 0.12723815441131592, "_timestamp": 1648890271, "_runtime": 293, "_step": 599, "_wandb": {"runtime": 294}}