{"train_acc": 1.0, "test_acc": 0.8919972999324983, "val_acc": 0.8998918918918919, "loss": 1.323359489440918, "_timestamp": 1648879137, "_runtime": 125, "_step": 249, "_wandb": {"runtime": 126}}