{"train_acc": 0.9933333333333333, "test_acc": 0.5583333333333333, "val_acc": 0.6016216216216216, "loss": 1.091874599456787, "_timestamp": 1648808112, "_runtime": 31, "_step": 249, "_wandb": {"runtime": 32}}