{"train_acc": 1.0, "test_acc": 0.6666666666666666, "val_acc": 0.6248648648648648, "loss": 1.0988361835479736, "_timestamp": 1648919227, "_runtime": 56, "_step": 249, "_wandb": {"runtime": 57}}