{"train_acc": 1.0, "test_acc": 0.8763219080477012, "val_acc": 0.881945945945946, "loss": 1.2256571054458618, "_timestamp": 1648807893, "_runtime": 31, "_step": 249, "_wandb": {"runtime": 33}}