{"train_acc": 1.0, "test_acc": 0.6720099339617317, "val_acc": 0.665974025974026, "loss": 0.10871100425720215, "_timestamp": 1648825941, "_runtime": 206, "_step": 599, "_wandb": {"runtime": 207}}