{"train_acc": 0.3333333333333333, "test_acc": 0.20861319636507308, "val_acc": 0.19844155844155845, "loss": NaN, "_timestamp": 1648882118, "_runtime": 157, "_step": 599, "_wandb": {"runtime": 158}}