{"train_acc": 1.0, "test_acc": 0.5628865979381443, "val_acc": 0.5753424657534246, "loss": 0.10090386867523193, "_timestamp": 1648910604, "_runtime": 15, "_step": 99, "_wandb": {"runtime": 15}}