{"train_acc": 1.0, "test_acc": 0.8872721818045451, "val_acc": 0.8901621621621622, "loss": 1.2528151273727417, "_timestamp": 1648862166, "_runtime": 27, "_step": 249, "_wandb": {"runtime": 28}}