{"train_acc": 1.0, "test_acc": 0.8717467936698418, "val_acc": 0.8698378378378379, "loss": 1.2666473388671875, "_timestamp": 1648802813, "_runtime": 28, "_step": 249, "_wandb": {"runtime": 29}}