{"train_acc": 0.9828571428571429, "test_acc": 0.6515463917525773, "val_acc": 0.6602739726027397, "loss": 0.2664008140563965, "_timestamp": 1648723956, "_runtime": 16, "_step": 99, "_wandb": {"runtime": 16}}