{"train_acc": 1.0, "test_acc": 0.9013725343133578, "val_acc": 0.9022702702702703, "loss": 1.2479732036590576, "_timestamp": 1648824875, "_runtime": 127, "_step": 249, "_wandb": {"runtime": 127}}