{"train_acc": 1.0, "test_acc": 0.712987526104871, "val_acc": 0.7033766233766233, "loss": 0.08193158358335495, "_timestamp": 1648809323, "_runtime": 55, "_step": 599, "_wandb": {"runtime": 56}}