{"train_acc": 1.0, "test_acc": 0.6956595360388328, "val_acc": 0.6690909090909091, "loss": 0.0674787387251854, "_timestamp": 1648819398, "_runtime": 133, "_step": 599, "_wandb": {"runtime": 134}}