{"train_acc": 1.0, "test_acc": 0.5690721649484536, "val_acc": 0.5736986301369863, "loss": 0.16647620499134064, "_timestamp": 1648801770, "_runtime": 16, "_step": 99, "_wandb": {"runtime": 17}}