{"train_acc": 1.0, "test_acc": 0.6333333333333333, "val_acc": 0.6308108108108108, "loss": 1.1142535209655762, "_timestamp": 1648807014, "_runtime": 21, "_step": 249, "_wandb": {"runtime": 21}}