{"train_acc": 1.0, "test_acc": 0.7084156459897274, "val_acc": 0.7007792207792207, "loss": 0.10432630032300949, "_timestamp": 1648888600, "_runtime": 293, "_step": 599, "_wandb": {"runtime": 294}}