{"train_acc": 1.0, "test_acc": 0.8692717317932949, "val_acc": 0.8730810810810811, "loss": 1.3113913536071777, "_timestamp": 1648719004, "_runtime": 38, "_step": 249, "_wandb": {"runtime": 38}}