{"train_acc": 1.0, "test_acc": 0.6957724219676017, "val_acc": 0.6763636363636364, "loss": 0.09678708761930466, "_timestamp": 1648890887, "_runtime": 293, "_step": 599, "_wandb": {"runtime": 294}}