{"train_acc": 0.9866666666666667, "test_acc": 0.5833333333333334, "val_acc": 0.6308108108108108, "loss": 1.127465009689331, "_timestamp": 1648918031, "_runtime": 52, "_step": 249, "_wandb": {"runtime": 54}}