{"train_acc": 1.0, "test_acc": 0.7115764519952588, "val_acc": 0.7246753246753247, "loss": 0.10870155692100525, "_timestamp": 1648845630, "_runtime": 292, "_step": 599, "_wandb": {"runtime": 293}}