{"train_acc": 1.0, "test_acc": 0.6806457075125586, "val_acc": 0.6758441558441558, "loss": 0.08483511209487915, "_timestamp": 1648807461, "_runtime": 51, "_step": 599, "_wandb": {"runtime": 51}}