{"train_acc": 1.0, "test_acc": 0.5298969072164949, "val_acc": 0.5347945205479452, "loss": 0.12562218308448792, "_timestamp": 1648720569, "_runtime": 19, "_step": 99, "_wandb": {"runtime": 20}}