{"train_acc": 0.9933333333333333, "test_acc": 0.65, "val_acc": 0.6221621621621621, "loss": 1.0395907163619995, "_timestamp": 1648871817, "_runtime": 80, "_step": 249, "_wandb": {"runtime": 80}}