{"train_acc": 0.9933333333333333, "test_acc": 0.5833333333333334, "val_acc": 0.6318918918918919, "loss": 1.0800763368606567, "_timestamp": 1648919294, "_runtime": 56, "_step": 249, "_wandb": {"runtime": 56}}