{"train_acc": 1.0, "test_acc": 0.873396834920873, "val_acc": 0.8802162162162163, "loss": 1.2605159282684326, "_timestamp": 1648864616, "_runtime": 35, "_step": 249, "_wandb": {"runtime": 36}}