{"train_acc": 1.0, "test_acc": 0.7016989332279732, "val_acc": 0.7174025974025974, "loss": 0.10886436700820923, "_timestamp": 1648862211, "_runtime": 41, "_step": 599, "_wandb": {"runtime": 41}}