{"train_acc": 0.9933333333333333, "test_acc": 0.5916666666666667, "val_acc": 0.6459459459459459, "loss": 1.115447998046875, "_timestamp": 1648910668, "_runtime": 18, "_step": 249, "_wandb": {"runtime": 19}}