{"train_acc": 1.0, "test_acc": 0.8896722418060452, "val_acc": 0.8996756756756756, "loss": 1.3994569778442383, "_timestamp": 1648805702, "_runtime": 30, "_step": 249, "_wandb": {"runtime": 31}}