{"train_acc": 1.0, "test_acc": 0.9017475436885922, "val_acc": 0.9035675675675676, "loss": 1.355898380279541, "_timestamp": 1648813926, "_runtime": 60, "_step": 249, "_wandb": {"runtime": 61}}