{"train_acc": 1.0, "test_acc": 0.7269289383078399, "val_acc": 0.7350649350649351, "loss": 0.08684168756008148, "_timestamp": 1648878079, "_runtime": 211, "_step": 599, "_wandb": {"runtime": 212}}