{"train_acc": 1.0, "test_acc": 0.8883222080552013, "val_acc": 0.8864864864864865, "loss": 1.3080283403396606, "_timestamp": 1648866802, "_runtime": 37, "_step": 249, "_wandb": {"runtime": 38}}