{"train_acc": 1.0, "test_acc": 0.6247422680412371, "val_acc": 0.606027397260274, "loss": 0.11442302912473679, "_timestamp": 1648911342, "_runtime": 15, "_step": 99, "_wandb": {"runtime": 16}}