{"train_acc": 0.9266666666666666, "test_acc": 0.6416666666666667, "val_acc": 0.6864864864864865, "loss": 0.818511962890625, "_timestamp": 1648813783, "_runtime": 47, "_step": 249, "_wandb": {"runtime": 48}}