{"train_acc": 0.9933333333333333, "test_acc": 0.6333333333333333, "val_acc": 0.592972972972973, "loss": 1.1198310852050781, "_timestamp": 1648908403, "_runtime": 18, "_step": 249, "_wandb": {"runtime": 19}}