{"train_acc": 0.9933333333333333, "test_acc": 0.6583333333333333, "val_acc": 0.6421621621621622, "loss": 1.0677623748779297, "_timestamp": 1648860638, "_runtime": 19, "_step": 249, "_wandb": {"runtime": 19}}