{"train_acc": 1.0, "test_acc": 0.622680412371134, "val_acc": 0.570958904109589, "loss": 0.13928008079528809, "_timestamp": 1648720268, "_runtime": 13, "_step": 99, "_wandb": {"runtime": 14}}