{"train_acc": 0.9933333333333333, "test_acc": 0.6333333333333333, "val_acc": 0.6443243243243243, "loss": 1.1194249391555786, "_timestamp": 1648803100, "_runtime": 19, "_step": 249, "_wandb": {"runtime": 20}}