{"train_acc": 1.0, "test_acc": 0.5711340206185567, "val_acc": 0.536986301369863, "loss": 0.12953965365886688, "_timestamp": 1648918261, "_runtime": 43, "_step": 99, "_wandb": {"runtime": 44}}