{"train_acc": 0.9933333333333333, "test_acc": 0.6583333333333333, "val_acc": 0.6351351351351351, "loss": 1.142459750175476, "_timestamp": 1648801982, "_runtime": 22, "_step": 249, "_wandb": {"runtime": 23}}