{"train_acc": 1.0, "test_acc": 0.8859221480537014, "val_acc": 0.8921081081081081, "loss": 1.309224247932434, "_timestamp": 1648866316, "_runtime": 32, "_step": 249, "_wandb": {"runtime": 33}}