{"train_acc": 1.0, "test_acc": 0.7830332449060224, "val_acc": 0.7788918205804749, "loss": 0.02149631455540657, "_timestamp": 1648795790, "_runtime": 205, "_step": 407}