{"train_acc": 1.0, "test_acc": 0.780323982615567, "val_acc": 0.7788918205804749, "loss": 0.0054270680993795395, "_timestamp": 1648795878, "_runtime": 293, "_step": 599, "_wandb": {"runtime": 295}}