{"train_acc": 1.0, "test_acc": 0.8799969999249981, "val_acc": 0.8858378378378379, "loss": 1.2828341722488403, "_timestamp": 1648810759, "_runtime": 34, "_step": 249, "_wandb": {"runtime": 35}}