{"train_acc": 1.0, "test_acc": 0.7200993396173166, "val_acc": 0.7075324675324676, "loss": 0.08668593317270279, "_timestamp": 1648802084, "_runtime": 36, "_step": 599, "_wandb": {"runtime": 36}}