{"train_acc": 0.3333333333333333, "test_acc": 0.20816165264999717, "val_acc": 0.2025974025974026, "loss": NaN, "_timestamp": 1648891499, "_runtime": 292, "_step": 599, "_wandb": {"runtime": 293}}