{"train_acc": 0.9933333333333333, "test_acc": 0.6666666666666666, "val_acc": 0.6816216216216217, "loss": 1.0211220979690552, "_timestamp": 1648917318, "_runtime": 35, "_step": 249, "_wandb": {"runtime": 36}}