{"train_acc": 1.0, "test_acc": 0.5402061855670103, "val_acc": 0.5397260273972603, "loss": 0.13489793241024017, "_timestamp": 1648804518, "_runtime": 13, "_step": 99, "_wandb": {"runtime": 14}}