{"train_acc": 0.9933333333333333, "test_acc": 0.5833333333333334, "val_acc": 0.5994594594594594, "loss": 1.0709306001663208, "_timestamp": 1648718480, "_runtime": 98, "_step": 249, "_wandb": {"runtime": 98}}