{"train_acc": 1.0, "test_acc": 0.5876288659793815, "val_acc": 0.5742465753424657, "loss": 0.12504035234451294, "_timestamp": 1648861232, "_runtime": 18, "_step": 99, "_wandb": {"runtime": 19}}