{"train_acc": 0.9933333333333333, "test_acc": 0.5916666666666667, "val_acc": 0.6318918918918919, "loss": 1.1226606369018555, "_timestamp": 1648913744, "_runtime": 21, "_step": 249, "_wandb": {"runtime": 22}}