{"train_acc": 1.0, "test_acc": 0.8922973074326859, "val_acc": 0.894918918918919, "loss": 1.381967306137085, "_timestamp": 1648726653, "_runtime": 29, "_step": 249, "_wandb": {"runtime": 29}}