{"train_acc": 1.0, "test_acc": 0.759101428006999, "val_acc": 0.7594805194805195, "loss": 0.012488487176597118, "_timestamp": 1648818666, "_runtime": 132, "_step": 599, "_wandb": {"runtime": 134}}