{"train_acc": 1.0, "test_acc": 0.8665716642916073, "val_acc": 0.8717837837837837, "loss": 1.2969120740890503, "_timestamp": 1648866684, "_runtime": 63, "_step": 249, "_wandb": {"runtime": 65}}