{"train_acc": 1.0, "test_acc": 0.6301292543884405, "val_acc": 0.6306493506493507, "loss": 0.10682539641857147, "_timestamp": 1648864568, "_runtime": 46, "_step": 599, "_wandb": {"runtime": 46}}