{"train_acc": 0.9476190476190476, "test_acc": 0.7333333333333333, "val_acc": 0.7027932960893855, "loss": 1.2355598211288452, "_timestamp": 1648785731, "_runtime": 411, "_step": 249, "_wandb": {"runtime": 411}}