{"train_acc": 1.0, "test_acc": 0.6144329896907217, "val_acc": 0.5961643835616438, "loss": 0.11974210292100906, "_timestamp": 1648917568, "_runtime": 29, "_step": 99, "_wandb": {"runtime": 30}}