{"train_acc": 1.0, "test_acc": 0.5422680412371134, "val_acc": 0.5282191780821918, "loss": 0.15477292239665985, "_timestamp": 1648804629, "_runtime": 15, "_step": 99, "_wandb": {"runtime": 15}}