{"train_acc": 1.0, "test_acc": 0.7637297510865271, "val_acc": 0.7522077922077922, "loss": 0.00015763580449856818, "_timestamp": 1648807231, "_runtime": 49, "_step": 599, "_wandb": {"runtime": 49}}