{"train_acc": 1.0, "test_acc": 0.7505154639175258, "val_acc": 0.7687671232876713, "loss": 0.0517723523080349, "_timestamp": 1648908129, "_runtime": 13, "_step": 99, "_wandb": {"runtime": 15}}