{"train_acc": 1.0, "test_acc": 0.7131568549980245, "val_acc": 0.72, "loss": 0.09413706511259079, "_timestamp": 1648869616, "_runtime": 61, "_step": 599, "_wandb": {"runtime": 62}}