{"train_acc": 1.0, "test_acc": 0.7337585369983631, "val_acc": 0.7356200527704485, "loss": 0.13897711038589478, "_timestamp": 1648787026, "_runtime": 58, "_step": 599, "_wandb": {"runtime": 59}}