{"train_acc": 1.0, "test_acc": 0.5257731958762887, "val_acc": 0.5764383561643835, "loss": 0.126177117228508, "_timestamp": 1648867978, "_runtime": 20, "_step": 99, "_wandb": {"runtime": 20}}