{"train_acc": 1.0, "test_acc": 0.5505154639175258, "val_acc": 0.5780821917808219, "loss": 0.13129805028438568, "_timestamp": 1648721647, "_runtime": 21, "_step": 99, "_wandb": {"runtime": 22}}