{"train_acc": 1.0, "test_acc": 0.8715217880447012, "val_acc": 0.8758918918918919, "loss": 1.2152220010757446, "_timestamp": 1648808758, "_runtime": 31, "_step": 249, "_wandb": {"runtime": 32}}