{"train_acc": 1.0, "test_acc": 0.8617715442886072, "val_acc": 0.8644324324324324, "loss": 1.3377293348312378, "_timestamp": 1648868267, "_runtime": 34, "_step": 249, "_wandb": {"runtime": 34}}