{"train_acc": 0.9546666666666667, "test_acc": 0.8789469736743418, "val_acc": 0.8709189189189189, "loss": 1.4604424238204956, "_timestamp": 1648804044, "_runtime": 28, "_step": 249, "_wandb": {"runtime": 29}}