{"train_acc": 1.0, "test_acc": 0.5979381443298969, "val_acc": 0.5868493150684931, "loss": 0.10323496907949448, "_timestamp": 1648864570, "_runtime": 16, "_step": 99, "_wandb": {"runtime": 17}}