{"train_acc": 1.0, "test_acc": 0.8750468761719044, "val_acc": 0.8802162162162163, "loss": 1.2793123722076416, "_timestamp": 1648802139, "_runtime": 34, "_step": 249, "_wandb": {"runtime": 35}}