{"train_acc": 0.9866666666666667, "test_acc": 0.55, "val_acc": 0.6243243243243243, "loss": 1.0007121562957764, "_timestamp": 1648806649, "_runtime": 24, "_step": 249, "_wandb": {"runtime": 25}}