{"train_acc": 1.0, "test_acc": 0.554639175257732, "val_acc": 0.5435616438356164, "loss": 0.14440810680389404, "_timestamp": 1648910818, "_runtime": 15, "_step": 99, "_wandb": {"runtime": 16}}