{"train_acc": 1.0, "test_acc": 0.8868221705542638, "val_acc": 0.8873513513513513, "loss": 1.2962514162063599, "_timestamp": 1648862701, "_runtime": 30, "_step": 249, "_wandb": {"runtime": 31}}