{"train_acc": 1.0, "test_acc": 0.5896907216494846, "val_acc": 0.5868493150684931, "loss": 0.10081186890602112, "_timestamp": 1648910017, "_runtime": 13, "_step": 99, "_wandb": {"runtime": 14}}