{"train_acc": 1.0, "test_acc": 0.7823559293334086, "val_acc": 0.7807792207792208, "loss": 0.007629238069057465, "_timestamp": 1648820133, "_runtime": 137, "_step": 599, "_wandb": {"runtime": 137}}