{"train_acc": 1.0, "test_acc": 0.5773195876288659, "val_acc": 0.5791780821917808, "loss": 0.1351873278617859, "_timestamp": 1648811391, "_runtime": 39, "_step": 99, "_wandb": {"runtime": 39}}