{"train_acc": 1.0, "test_acc": 0.7855670103092783, "val_acc": 0.7764383561643836, "loss": 0.025169895961880684, "_timestamp": 1648810209, "_runtime": 24, "_step": 99, "_wandb": {"runtime": 25}}