{"train_acc": 1.0, "test_acc": 0.5443298969072164, "val_acc": 0.5572602739726027, "loss": 0.12260830402374268, "_timestamp": 1648866135, "_runtime": 14, "_step": 99, "_wandb": {"runtime": 14}}