{"train_acc": 0.9933333333333333, "test_acc": 0.6833333333333333, "val_acc": 0.6210810810810811, "loss": 1.0342799425125122, "_timestamp": 1648911068, "_runtime": 18, "_step": 249, "_wandb": {"runtime": 19}}