{"train_acc": 1.0, "test_acc": 0.5752577319587628, "val_acc": 0.5347945205479452, "loss": 0.12355170398950577, "_timestamp": 1648860751, "_runtime": 20, "_step": 99, "_wandb": {"runtime": 21}}