{"train_acc": 1.0, "test_acc": 0.6464977140599424, "val_acc": 0.6451948051948052, "loss": 0.09706197679042816, "_timestamp": 1648864627, "_runtime": 48, "_step": 599, "_wandb": {"runtime": 48}}