{"train_acc": 1.0, "test_acc": 0.875196879921998, "val_acc": 0.88, "loss": 1.300674557685852, "_timestamp": 1648812398, "_runtime": 38, "_step": 249, "_wandb": {"runtime": 39}}