{"train_acc": 1.0, "test_acc": 0.8876471911797795, "val_acc": 0.8903783783783784, "loss": 1.3109115362167358, "_timestamp": 1648873498, "_runtime": 89, "_step": 249, "_wandb": {"runtime": 90}}