{"train_acc": 1.0, "test_acc": 0.5443298969072164, "val_acc": 0.5665753424657535, "loss": 0.10447605699300766, "_timestamp": 1648909524, "_runtime": 15, "_step": 99, "_wandb": {"runtime": 16}}