{"train_acc": 1.0, "test_acc": 0.88307207680192, "val_acc": 0.8830270270270271, "loss": 1.2463653087615967, "_timestamp": 1648867495, "_runtime": 32, "_step": 249, "_wandb": {"runtime": 33}}