{"train_acc": 0.9933333333333333, "test_acc": 0.6916666666666667, "val_acc": 0.6172972972972973, "loss": 1.1039563417434692, "_timestamp": 1648725071, "_runtime": 20, "_step": 249, "_wandb": {"runtime": 21}}