{"train_acc": 1.0, "test_acc": 0.525, "val_acc": 0.6227027027027027, "loss": 1.0902332067489624, "_timestamp": 1648868644, "_runtime": 44, "_step": 249, "_wandb": {"runtime": 44}}