{"train_acc": 1.0, "test_acc": 0.5855670103092784, "val_acc": 0.5682191780821918, "loss": 0.16252847015857697, "_timestamp": 1648908003, "_runtime": 14, "_step": 99, "_wandb": {"runtime": 15}}