{"train_acc": 1.0, "test_acc": 0.6041237113402061, "val_acc": 0.581917808219178, "loss": 0.1205526739358902, "_timestamp": 1648907450, "_runtime": 14, "_step": 99, "_wandb": {"runtime": 15}}