{"train_acc": 0.16666666666666666, "test_acc": 0.03333333333333333, "val_acc": 0.05189189189189189, "loss": NaN, "_timestamp": 1648726336, "_runtime": 53, "_step": 249, "_wandb": {"runtime": 53}}