{"train_acc": 1.0, "test_acc": 0.6166666666666667, "val_acc": 0.6108108108108108, "loss": 1.1447231769561768, "_timestamp": 1648911476, "_runtime": 20, "_step": 249, "_wandb": {"runtime": 21}}