{"train_acc": 0.76, "test_acc": 0.27594965287576906, "val_acc": 0.27896103896103897, "loss": 1055048576.0, "_timestamp": 1648808408, "_runtime": 46, "_step": 599, "_wandb": {"runtime": 46}}