{"train_acc": 1.0, "test_acc": 0.5505154639175258, "val_acc": 0.5726027397260274, "loss": 0.12370309978723526, "_timestamp": 1648865360, "_runtime": 18, "_step": 99, "_wandb": {"runtime": 19}}