{"train_acc": 1.0, "test_acc": 0.7505154639175258, "val_acc": 0.7463013698630137, "loss": 0.03346991539001465, "_timestamp": 1648808403, "_runtime": 18, "_step": 99, "_wandb": {"runtime": 18}}