{"train_acc": 1.0, "test_acc": 0.5443298969072164, "val_acc": 0.5605479452054795, "loss": 0.1473553329706192, "_timestamp": 1648807734, "_runtime": 20, "_step": 99, "_wandb": {"runtime": 21}}