{"train_acc": 0.14285714285714285, "test_acc": 0.1422680412371134, "val_acc": 0.136986301369863, "loss": NaN, "_timestamp": 1648804776, "_runtime": 22, "_step": 99, "_wandb": {"runtime": 21}}