{"train_acc": 1.0, "test_acc": 0.7938144329896907, "val_acc": 0.7715068493150685, "loss": 0.016467826440930367, "_timestamp": 1648921064, "_runtime": 46, "_step": 99, "_wandb": {"runtime": 46}}