{"train_acc": 0.9933333333333333, "test_acc": 0.55, "val_acc": 0.6448648648648648, "loss": 1.1418251991271973, "_timestamp": 1648909756, "_runtime": 19, "_step": 249, "_wandb": {"runtime": 20}}