{"train_acc": 1.0, "test_acc": 0.8787219680492012, "val_acc": 0.8843243243243243, "loss": 1.3492833375930786, "_timestamp": 1648722796, "_runtime": 43, "_step": 249, "_wandb": {"runtime": 44}}