{"train_acc": 1.0, "test_acc": 0.5752577319587628, "val_acc": 0.5567123287671233, "loss": 0.13866011798381805, "_timestamp": 1648912865, "_runtime": 15, "_step": 99, "_wandb": {"runtime": 17}}