{"train_acc": 0.9933333333333333, "test_acc": 0.6, "val_acc": 0.6524324324324324, "loss": 1.163869023323059, "_timestamp": 1648909570, "_runtime": 19, "_step": 249, "_wandb": {"runtime": 20}}