{"train_acc": 1.0, "test_acc": 0.6583333333333333, "val_acc": 0.6172972972972973, "loss": 1.0840126276016235, "_timestamp": 1648806177, "_runtime": 21, "_step": 249, "_wandb": {"runtime": 22}}