{"train_acc": 1.0, "test_acc": 0.5484536082474227, "val_acc": 0.5583561643835616, "loss": 0.1348525881767273, "_timestamp": 1648722952, "_runtime": 19, "_step": 99, "_wandb": {"runtime": 20}}