{"train_acc": 1.0, "test_acc": 0.5711340206185567, "val_acc": 0.5545205479452054, "loss": 0.11626570671796799, "_timestamp": 1648908229, "_runtime": 13, "_step": 99, "_wandb": {"runtime": 14}}