{"train_acc": 1.0, "test_acc": 0.7766551899305751, "val_acc": 0.775064935064935, "loss": 0.003484092652797699, "_timestamp": 1648823482, "_runtime": 128, "_step": 599, "_wandb": {"runtime": 129}}