{"train_acc": 1.0, "test_acc": 0.7356775977874358, "val_acc": 0.7430079155672823, "loss": 0.14274506270885468, "_timestamp": 1648785428, "_runtime": 55, "_step": 599, "_wandb": {"runtime": 56}}