{"train_acc": 0.9933333333333333, "test_acc": 0.5083333333333333, "val_acc": 0.6481081081081081, "loss": 1.1093206405639648, "_timestamp": 1648801695, "_runtime": 17, "_step": 249, "_wandb": {"runtime": 19}}