{"train_acc": 1.0, "test_acc": 0.65, "val_acc": 0.6394594594594595, "loss": 1.147322177886963, "_timestamp": 1648926002, "_runtime": 91, "_step": 249, "_wandb": {"runtime": 91}}