{"train_acc": 1.0, "test_acc": 0.6, "val_acc": 0.6037837837837838, "loss": 1.101980447769165, "_timestamp": 1648805929, "_runtime": 21, "_step": 249, "_wandb": {"runtime": 22}}