{"train_acc": 1.0, "test_acc": 0.8795469886747169, "val_acc": 0.8847567567567568, "loss": 1.261128544807434, "_timestamp": 1648806390, "_runtime": 34, "_step": 249, "_wandb": {"runtime": 35}}