{"train_acc": 1.0, "test_acc": 0.683580741660552, "val_acc": 0.6935064935064935, "loss": 0.07625704258680344, "_timestamp": 1648828140, "_runtime": 202, "_step": 599, "_wandb": {"runtime": 203}}