{"train_acc": 0.9866666666666667, "test_acc": 0.6916666666666667, "val_acc": 0.6048648648648649, "loss": 1.1416962146759033, "_timestamp": 1648914819, "_runtime": 36, "_step": 249, "_wandb": {"runtime": 37}}