{"train_acc": 1.0, "test_acc": 0.8850221255531389, "val_acc": 0.8897297297297297, "loss": 1.2868468761444092, "_timestamp": 1648869844, "_runtime": 36, "_step": 249, "_wandb": {"runtime": 36}}