{"train_acc": 1.0, "test_acc": 0.5833333333333334, "val_acc": 0.6648648648648648, "loss": 1.0696876049041748, "_timestamp": 1648724773, "_runtime": 54, "_step": 249, "_wandb": {"runtime": 54}}