{"train_acc": 1.0, "test_acc": 0.6416666666666667, "val_acc": 0.6221621621621621, "loss": 1.0239993333816528, "_timestamp": 1648910339, "_runtime": 19, "_step": 249, "_wandb": {"runtime": 20}}