{"train_acc": 0.9866666666666667, "test_acc": 0.6083333333333333, "val_acc": 0.6351351351351351, "loss": 1.1054081916809082, "_timestamp": 1648925085, "_runtime": 90, "_step": 249, "_wandb": {"runtime": 91}}