{"train_acc": 1.0, "test_acc": 0.7711340206185567, "val_acc": 0.7671232876712328, "loss": 0.015831762924790382, "_timestamp": 1648804413, "_runtime": 18, "_step": 99, "_wandb": {"runtime": 20}}