{"train_acc": 0.9933333333333333, "test_acc": 0.6166666666666667, "val_acc": 0.587027027027027, "loss": 1.0815749168395996, "_timestamp": 1648804728, "_runtime": 26, "_step": 249, "_wandb": {"runtime": 26}}