{"train_acc": 1.0, "test_acc": 0.8862971574289358, "val_acc": 0.8892972972972973, "loss": 1.3089371919631958, "_timestamp": 1648877840, "_runtime": 146, "_step": 249, "_wandb": {"runtime": 147}}