{"train_acc": 1.0, "test_acc": 0.6144329896907217, "val_acc": 0.5824657534246576, "loss": 0.13744448125362396, "_timestamp": 1648912611, "_runtime": 14, "_step": 99, "_wandb": {"runtime": 14}}