{"train_acc": 1.0, "test_acc": 0.5814432989690722, "val_acc": 0.5687671232876712, "loss": 0.18302394449710846, "_timestamp": 1648861648, "_runtime": 13, "_step": 99, "_wandb": {"runtime": 15}}