{"train_acc": 1.0, "test_acc": 0.5463917525773195, "val_acc": 0.5178082191780822, "loss": 0.1420992761850357, "_timestamp": 1648812173, "_runtime": 39, "_step": 99, "_wandb": {"runtime": 40}}