{"train_acc": 1.0, "test_acc": 0.6166666666666667, "val_acc": 0.6372972972972973, "loss": 1.0685052871704102, "_timestamp": 1648913910, "_runtime": 22, "_step": 249, "_wandb": {"runtime": 23}}