{"train_acc": 1.0, "test_acc": 0.5773195876288659, "val_acc": 0.5556164383561644, "loss": 0.14838948845863342, "_timestamp": 1648720244, "_runtime": 16, "_step": 99, "_wandb": {"runtime": 17}}