{"train_acc": 1.0, "test_acc": 0.5833333333333334, "val_acc": 0.5854054054054054, "loss": 0.9688541889190674, "_timestamp": 1648723554, "_runtime": 26, "_step": 249, "_wandb": {"runtime": 27}}