{"train_acc": 0.96, "test_acc": 0.6916666666666667, "val_acc": 0.6843243243243243, "loss": 0.873928427696228, "_timestamp": 1648824171, "_runtime": 117, "_step": 249, "_wandb": {"runtime": 119}}