{"train_acc": 1.0, "test_acc": 0.6515463917525773, "val_acc": 0.6038356164383561, "loss": 0.09898877888917923, "_timestamp": 1648722643, "_runtime": 19, "_step": 99, "_wandb": {"runtime": 20}}