{"train_acc": 0.9933333333333333, "test_acc": 0.6333333333333333, "val_acc": 0.6194594594594595, "loss": 1.0607675313949585, "_timestamp": 1648802200, "_runtime": 18, "_step": 249, "_wandb": {"runtime": 19}}