{"train_acc": 1.0, "test_acc": 0.6083333333333333, "val_acc": 0.6372972972972973, "loss": 1.08869206905365, "_timestamp": 1648922093, "_runtime": 91, "_step": 249, "_wandb": {"runtime": 92}}