{"train_acc": 1.0, "test_acc": 0.7123102105322572, "val_acc": 0.7194805194805195, "loss": 0.0979819968342781, "_timestamp": 1648815796, "_runtime": 62, "_step": 599, "_wandb": {"runtime": 63}}