{"train_acc": 1.0, "test_acc": 0.8829220730518264, "val_acc": 0.8845405405405405, "loss": 1.3074384927749634, "_timestamp": 1648861189, "_runtime": 32, "_step": 249, "_wandb": {"runtime": 33}}