{"train_acc": 0.936, "test_acc": 0.8828470711767794, "val_acc": 0.8797837837837837, "loss": 1.7256958484649658, "_timestamp": 1648727122, "_runtime": 153, "_step": 249, "_wandb": {"runtime": 153}}