{"train_acc": 0.9933333333333333, "test_acc": 0.6083333333333333, "val_acc": 0.634054054054054, "loss": 1.1785874366760254, "_timestamp": 1648803196, "_runtime": 19, "_step": 249, "_wandb": {"runtime": 20}}