{"train_acc": 1.0, "test_acc": 0.6474226804123712, "val_acc": 0.6564383561643835, "loss": 0.1049051582813263, "_timestamp": 1648913460, "_runtime": 13, "_step": 99, "_wandb": {"runtime": 14}}