{"train_acc": 1.0, "test_acc": 0.8757968949223731, "val_acc": 0.8776216216216216, "loss": 1.2358144521713257, "_timestamp": 1648865740, "_runtime": 39, "_step": 249, "_wandb": {"runtime": 39}}