{"train_acc": 0.9933333333333333, "test_acc": 0.5666666666666667, "val_acc": 0.6113513513513513, "loss": 1.0755079984664917, "_timestamp": 1648804210, "_runtime": 59, "_step": 249, "_wandb": {"runtime": 60}}