{"train_acc": 1.0, "test_acc": 0.8682217055426386, "val_acc": 0.8750270270270271, "loss": 1.375950813293457, "_timestamp": 1648803020, "_runtime": 28, "_step": 249, "_wandb": {"runtime": 29}}