{"train_acc": 1.0, "test_acc": 0.6416666666666667, "val_acc": 0.6221621621621621, "loss": 1.1374274492263794, "_timestamp": 1648915436, "_runtime": 36, "_step": 249, "_wandb": {"runtime": 37}}