{"train_acc": 0.9866666666666667, "test_acc": 0.7583333333333333, "val_acc": 0.7302702702702702, "loss": 0.6814225316047668, "_timestamp": 1648910819, "_runtime": 19, "_step": 249, "_wandb": {"runtime": 20}}