{"train_acc": 1.0, "test_acc": 0.6166666666666667, "val_acc": 0.6189189189189189, "loss": 1.0505528450012207, "_timestamp": 1648908319, "_runtime": 18, "_step": 249, "_wandb": {"runtime": 18}}