{"train_acc": 1.0, "test_acc": 0.7633346503358356, "val_acc": 0.7397402597402597, "loss": 0.0012349359458312392, "_timestamp": 1648823607, "_runtime": 113, "_step": 599, "_wandb": {"runtime": 114}}