{"train_acc": 1.0, "test_acc": 0.6833333333333333, "val_acc": 0.6205405405405405, "loss": 1.0621966123580933, "_timestamp": 1648863440, "_runtime": 17, "_step": 249, "_wandb": {"runtime": 18}}