{"train_acc": 1.0, "test_acc": 0.745047129875261, "val_acc": 0.7501298701298701, "loss": 0.09135892242193222, "_timestamp": 1648839787, "_runtime": 294, "_step": 599, "_wandb": {"runtime": 295}}