{"train_acc": 1.0, "test_acc": 0.5690721649484536, "val_acc": 0.5857534246575342, "loss": 0.14949801564216614, "_timestamp": 1648867050, "_runtime": 22, "_step": 99, "_wandb": {"runtime": 23}}