{"train_acc": 0.9933333333333333, "test_acc": 0.6416666666666667, "val_acc": 0.6351351351351351, "loss": 1.0680485963821411, "_timestamp": 1648911905, "_runtime": 21, "_step": 249, "_wandb": {"runtime": 21}}