{"train_acc": 1.0, "test_acc": 0.7583333333333333, "val_acc": 0.6486486486486487, "loss": 1.1048372983932495, "_timestamp": 1648813552, "_runtime": 43, "_step": 249, "_wandb": {"runtime": 44}}