{"train_acc": 1.0, "test_acc": 0.5690721649484536, "val_acc": 0.5764383561643835, "loss": 0.14385588467121124, "_timestamp": 1648908505, "_runtime": 14, "_step": 99, "_wandb": {"runtime": 15}}