{"train_acc": 1.0, "test_acc": 0.7097138341705707, "val_acc": 0.6987012987012987, "loss": 0.12110411375761032, "_timestamp": 1648803087, "_runtime": 38, "_step": 599, "_wandb": {"runtime": 38}}