{"train_acc": 1.0, "test_acc": 0.5443298969072164, "val_acc": 0.5665753424657535, "loss": 0.13436564803123474, "_timestamp": 1648916085, "_runtime": 30, "_step": 99, "_wandb": {"runtime": 30}}