{"train_acc": 1.0, "test_acc": 0.675, "val_acc": 0.6497297297297298, "loss": 1.0892691612243652, "_timestamp": 1648874944, "_runtime": 130, "_step": 249, "_wandb": {"runtime": 130}}