{"train_acc": 1.0, "test_acc": 0.9057976449411236, "val_acc": 0.9078918918918919, "loss": 1.3217785358428955, "_timestamp": 1648814932, "_runtime": 53, "_step": 249, "_wandb": {"runtime": 54}}