{"train_acc": 1.0, "test_acc": 0.7690721649484537, "val_acc": 0.7704109589041096, "loss": 0.0340866893529892, "_timestamp": 1648907627, "_runtime": 14, "_step": 99, "_wandb": {"runtime": 15}}