{"train_acc": 1.0, "test_acc": 0.6659793814432989, "val_acc": 0.6273972602739726, "loss": 0.12624815106391907, "_timestamp": 1648723874, "_runtime": 15, "_step": 99, "_wandb": {"runtime": 17}}