{"train_acc": 1.0, "test_acc": 0.7834847886210984, "val_acc": 0.7755844155844156, "loss": 0.04468756169080734, "_timestamp": 1648817438, "_runtime": 123, "_step": 599, "_wandb": {"runtime": 123}}