{"train_acc": 0.9866666666666667, "test_acc": 0.6666666666666666, "val_acc": 0.6081081081081081, "loss": 1.1609923839569092, "_timestamp": 1648862992, "_runtime": 20, "_step": 249, "_wandb": {"runtime": 20}}