{"train_acc": 0.6133333333333333, "test_acc": 0.5209630240756019, "val_acc": 0.5130810810810811, "loss": 2.6302292346954346, "_timestamp": 1648806735, "_runtime": 32, "_step": 249, "_wandb": {"runtime": 33}}