{"train_acc": 0.050666666666666665, "test_acc": 0.06570164254106353, "val_acc": 0.0652972972972973, "loss": 1.56528472489984e+16, "_timestamp": 1648802752, "_runtime": 48, "_step": 249, "_wandb": {"runtime": 51}}