{"train_acc": 1.0, "test_acc": 0.5814432989690722, "val_acc": 0.5572602739726027, "loss": 0.17115546762943268, "_timestamp": 1648719000, "_runtime": 31, "_step": 99, "_wandb": {"runtime": 32}}