{"train_acc": 1.0, "test_acc": 0.7256307501269966, "val_acc": 0.7215584415584415, "loss": 0.021365659311413765, "_timestamp": 1648802886, "_runtime": 38, "_step": 599, "_wandb": {"runtime": 39}}