{"train_acc": 1.0, "test_acc": 0.8896722418060452, "val_acc": 0.8977297297297298, "loss": 1.1876658201217651, "_timestamp": 1648869898, "_runtime": 42, "_step": 249, "_wandb": {"runtime": 43}}