{"train_acc": 1.0, "test_acc": 0.5666666666666667, "val_acc": 0.5697297297297297, "loss": 1.0744091272354126, "_timestamp": 1648868194, "_runtime": 43, "_step": 249, "_wandb": {"runtime": 44}}