{"train_acc": 1.0, "test_acc": 0.707907659310267, "val_acc": 0.6857142857142857, "loss": 0.10936257988214493, "_timestamp": 1648803338, "_runtime": 42, "_step": 599, "_wandb": {"runtime": 43}}