{"train_acc": 0.9933333333333333, "test_acc": 0.575, "val_acc": 0.6405405405405405, "loss": 1.1814669370651245, "_timestamp": 1648908177, "_runtime": 17, "_step": 249, "_wandb": {"runtime": 18}}