{"train_acc": 0.9933333333333333, "test_acc": 0.625, "val_acc": 0.6394594594594595, "loss": 1.1070750951766968, "_timestamp": 1648908374, "_runtime": 18, "_step": 249, "_wandb": {"runtime": 18}}