{"train_acc": 1.0, "test_acc": 0.8795469886747169, "val_acc": 0.8851891891891892, "loss": 1.2796821594238281, "_timestamp": 1648723834, "_runtime": 29, "_step": 249, "_wandb": {"runtime": 30}}