{"train_acc": 0.9946666666666667, "test_acc": 0.5762394059851497, "val_acc": 0.572972972972973, "loss": 1.7976418733596802, "_timestamp": 1648808190, "_runtime": 32, "_step": 249, "_wandb": {"runtime": 33}}