{"train_acc": 1.0, "test_acc": 0.8876471911797795, "val_acc": 0.8912432432432432, "loss": 1.3028966188430786, "_timestamp": 1648805417, "_runtime": 32, "_step": 249, "_wandb": {"runtime": 33}}