{"train_acc": 1.0, "test_acc": 0.475, "val_acc": 0.6097297297297297, "loss": 1.1261472702026367, "_timestamp": 1648806535, "_runtime": 25, "_step": 249, "_wandb": {"runtime": 25}}