{"train_acc": 1.0, "test_acc": 0.9003975099377485, "val_acc": 0.9005405405405406, "loss": 1.2647868394851685, "_timestamp": 1648726613, "_runtime": 32, "_step": 249, "_wandb": {"runtime": 32}}