{"train_acc": 1.0, "test_acc": 0.625, "val_acc": 0.6167567567567568, "loss": 1.100440502166748, "_timestamp": 1648810382, "_runtime": 40, "_step": 249, "_wandb": {"runtime": 41}}