{"train_acc": 0.14285714285714285, "test_acc": 0.12164948453608247, "val_acc": 0.14246575342465753, "loss": NaN, "_timestamp": 1648915458, "_runtime": 22, "_step": 99, "_wandb": {"runtime": 22}}