{"train_acc": 1.0, "test_acc": 0.7998532482926003, "val_acc": 0.8036363636363636, "loss": 0.00027779326774179935, "_timestamp": 1648806029, "_runtime": 47, "_step": 599, "_wandb": {"runtime": 48}}