{"train_acc": 1.0, "test_acc": 0.7790257944347238, "val_acc": 0.7885714285714286, "loss": 0.00221992121078074, "_timestamp": 1648807115, "_runtime": 47, "_step": 599, "_wandb": {"runtime": 47}}