{"train_acc": 0.9226666666666666, "test_acc": 0.8674716867921698, "val_acc": 0.8568648648648649, "loss": 1.5191195011138916, "_timestamp": 1648813289, "_runtime": 35, "_step": 249, "_wandb": {"runtime": 36}}