{"train_acc": 1.0, "test_acc": 0.7958762886597938, "val_acc": 0.7704109589041096, "loss": 0.04844910278916359, "_timestamp": 1648806009, "_runtime": 16, "_step": 99, "_wandb": {"runtime": 17}}