{"train_acc": 1.0, "test_acc": 0.7575210250042332, "val_acc": 0.76, "loss": 0.011711729690432549, "_timestamp": 1648813358, "_runtime": 66, "_step": 599, "_wandb": {"runtime": 67}}