{"train_acc": 1.0, "test_acc": 0.5979381443298969, "val_acc": 0.5906849315068493, "loss": 0.10525308549404144, "_timestamp": 1648803931, "_runtime": 17, "_step": 99, "_wandb": {"runtime": 18}}