{"train_acc": 0.9933333333333333, "test_acc": 0.6583333333333333, "val_acc": 0.6372972972972973, "loss": 1.040534257888794, "_timestamp": 1648802824, "_runtime": 19, "_step": 249, "_wandb": {"runtime": 19}}