{"train_acc": 1.0, "test_acc": 0.9074476861921548, "val_acc": 0.9094054054054054, "loss": 1.3525248765945435, "_timestamp": 1648812775, "_runtime": 42, "_step": 249, "_wandb": {"runtime": 42}}