{"train_acc": 1.0, "test_acc": 0.5278350515463918, "val_acc": 0.5873972602739727, "loss": 0.1849289983510971, "_timestamp": 1648864544, "_runtime": 15, "_step": 99, "_wandb": {"runtime": 16}}