{"train_acc": 1.0, "test_acc": 0.5505154639175258, "val_acc": 0.5780821917808219, "loss": 0.10716522485017776, "_timestamp": 1648717866, "_runtime": 17, "_step": 99, "_wandb": {"runtime": 17}}