{"train_acc": 1.0, "test_acc": 0.6, "val_acc": 0.5704109589041096, "loss": 0.08347195386886597, "_timestamp": 1648866479, "_runtime": 15, "_step": 99, "_wandb": {"runtime": 17}}