{"train_acc": 0.22666666666666666, "test_acc": 0.13333333333333333, "val_acc": 0.15783783783783784, "loss": 132431.6875, "_timestamp": 1648802703, "_runtime": 18, "_step": 249, "_wandb": {"runtime": 19}}