{"train_acc": 1.0, "test_acc": 0.8778969474236856, "val_acc": 0.8791351351351351, "loss": 1.3539516925811768, "_timestamp": 1648811018, "_runtime": 44, "_step": 249, "_wandb": {"runtime": 44}}