{"train_acc": 1.0, "test_acc": 0.7929672066376926, "val_acc": 0.7885714285714286, "loss": 0.06965532898902893, "_timestamp": 1648830954, "_runtime": 159, "_step": 599, "_wandb": {"runtime": 160}}