{"train_acc": 1.0, "test_acc": 0.725, "val_acc": 0.6491891891891892, "loss": 1.0965582132339478, "_timestamp": 1648920352, "_runtime": 55, "_step": 249, "_wandb": {"runtime": 56}}