{"train_acc": 1.0, "test_acc": 0.8808970224255607, "val_acc": 0.8854054054054054, "loss": 1.3022814989089966, "_timestamp": 1648810868, "_runtime": 43, "_step": 249, "_wandb": {"runtime": 43}}