{"train_acc": 1.0, "test_acc": 0.7490545803465598, "val_acc": 0.7464935064935065, "loss": 0.0029988987371325493, "_timestamp": 1648816262, "_runtime": 65, "_step": 599, "_wandb": {"runtime": 65}}