{"train_acc": 1.0, "test_acc": 0.625, "val_acc": 0.6410810810810811, "loss": 1.0583908557891846, "_timestamp": 1648909814, "_runtime": 18, "_step": 249, "_wandb": {"runtime": 19}}