{"train_acc": 0.9933333333333333, "test_acc": 0.6166666666666667, "val_acc": 0.6135135135135135, "loss": 1.131352424621582, "_timestamp": 1648868979, "_runtime": 37, "_step": 249, "_wandb": {"runtime": 37}}