{"train_acc": 1.0, "test_acc": 0.8693467336683417, "val_acc": 0.8752432432432432, "loss": 1.2841445207595825, "_timestamp": 1648808802, "_runtime": 32, "_step": 249, "_wandb": {"runtime": 33}}