{"train_acc": 1.0, "test_acc": 0.7611940298507462, "val_acc": 0.7604324324324324, "loss": 1.7758197784423828, "_timestamp": 1648802267, "_runtime": 29, "_step": 249, "_wandb": {"runtime": 30}}