{"train_acc": 0.98, "test_acc": 0.6416666666666667, "val_acc": 0.692972972972973, "loss": 0.5567694306373596, "_timestamp": 1648806465, "_runtime": 26, "_step": 249, "_wandb": {"runtime": 26}}