{"train_acc": 1.0, "test_acc": 0.6, "val_acc": 0.6572972972972972, "loss": 1.1139758825302124, "_timestamp": 1648724625, "_runtime": 23, "_step": 249, "_wandb": {"runtime": 23}}