{"train_acc": 0.3333333333333333, "test_acc": 0.2092340689733025, "val_acc": 0.19050131926121372, "loss": NaN, "_timestamp": 1648793700, "_runtime": 559, "_step": 599, "_wandb": {"runtime": 560}}