{"train_acc": 1.0, "test_acc": 0.5773195876288659, "val_acc": 0.5731506849315069, "loss": 0.13430410623550415, "_timestamp": 1648908303, "_runtime": 14, "_step": 99, "_wandb": {"runtime": 15}}