{"train_acc": 1.0, "test_acc": 0.6597938144329897, "val_acc": 0.6575342465753424, "loss": 0.07948234677314758, "_timestamp": 1648804370, "_runtime": 19, "_step": 99, "_wandb": {"runtime": 20}}