{"train_acc": 1.0, "test_acc": 0.6992718857594401, "val_acc": 0.6981818181818182, "loss": 0.11821586638689041, "_timestamp": 1648807399, "_runtime": 41, "_step": 599, "_wandb": {"runtime": 43}}