{"train_acc": 1.0, "test_acc": 0.5416666666666666, "val_acc": 0.6172972972972973, "loss": 1.0553648471832275, "_timestamp": 1648804377, "_runtime": 26, "_step": 249, "_wandb": {"runtime": 26}}