{"train_acc": 1.0, "test_acc": 0.5257731958762887, "val_acc": 0.5238356164383562, "loss": 0.13008494675159454, "_timestamp": 1648908429, "_runtime": 13, "_step": 99, "_wandb": {"runtime": 15}}