{"train_acc": 1.0, "test_acc": 0.5773195876288659, "val_acc": 0.5879452054794521, "loss": 0.1689557135105133, "_timestamp": 1648870262, "_runtime": 32, "_step": 99, "_wandb": {"runtime": 33}}