{"train_acc": 0.9933333333333333, "test_acc": 0.625, "val_acc": 0.5945945945945946, "loss": 1.1031548976898193, "_timestamp": 1648867762, "_runtime": 40, "_step": 249, "_wandb": {"runtime": 40}}