{"train_acc": 1.0, "test_acc": 0.575, "val_acc": 0.6416216216216216, "loss": 1.1651573181152344, "_timestamp": 1648808821, "_runtime": 21, "_step": 249, "_wandb": {"runtime": 21}}