{"train_acc": 1.0, "test_acc": 0.5833333333333334, "val_acc": 0.5945945945945946, "loss": 1.0621715784072876, "_timestamp": 1648860938, "_runtime": 18, "_step": 249, "_wandb": {"runtime": 19}}