{"train_acc": 1.0, "test_acc": 0.6020618556701031, "val_acc": 0.5824657534246576, "loss": 0.09888893365859985, "_timestamp": 1648801717, "_runtime": 17, "_step": 99, "_wandb": {"runtime": 17}}