{"train_acc": 1.0, "test_acc": 0.6416666666666667, "val_acc": 0.652972972972973, "loss": 1.0932786464691162, "_timestamp": 1648913013, "_runtime": 18, "_step": 249, "_wandb": {"runtime": 20}}