{"train_acc": 1.0, "test_acc": 0.625, "val_acc": 0.6318918918918919, "loss": 1.009425401687622, "_timestamp": 1648868481, "_runtime": 35, "_step": 249, "_wandb": {"runtime": 36}}