{"train_acc": 1.0, "test_acc": 0.8820970524263106, "val_acc": 0.8886486486486487, "loss": 1.259641170501709, "_timestamp": 1648721505, "_runtime": 35, "_step": 249, "_wandb": {"runtime": 36}}