{"train_acc": 1.0, "test_acc": 0.5587628865979382, "val_acc": 0.5260273972602739, "loss": 0.09469642490148544, "_timestamp": 1648806093, "_runtime": 16, "_step": 99, "_wandb": {"runtime": 17}}