{"train_acc": 1.0, "test_acc": 0.65, "val_acc": 0.5983783783783784, "loss": 1.1065350770950317, "_timestamp": 1648869318, "_runtime": 45, "_step": 249, "_wandb": {"runtime": 47}}