{"train_acc": 0.9266666666666666, "test_acc": 0.775, "val_acc": 0.7216216216216216, "loss": 0.7285229563713074, "_timestamp": 1648925287, "_runtime": 90, "_step": 249, "_wandb": {"runtime": 90}}