{"train_acc": 1.0, "test_acc": 0.7730428402099678, "val_acc": 0.7677922077922078, "loss": 0.01545785740017891, "_timestamp": 1648809057, "_runtime": 55, "_step": 599, "_wandb": {"runtime": 56}}