{"train_acc": 1.0, "test_acc": 0.5876288659793815, "val_acc": 0.5638356164383561, "loss": 0.16349022090435028, "_timestamp": 1648721746, "_runtime": 47, "_step": 99, "_wandb": {"runtime": 48}}