{"train_acc": 1.0, "test_acc": 0.8883972099302483, "val_acc": 0.8899459459459459, "loss": 1.3015457391738892, "_timestamp": 1648804307, "_runtime": 57, "_step": 249, "_wandb": {"runtime": 61}}