{"train_acc": 1.0, "test_acc": 0.7872664672348592, "val_acc": 0.7792207792207793, "loss": 0.014815360307693481, "_timestamp": 1648868380, "_runtime": 51, "_step": 599, "_wandb": {"runtime": 52}}