{"train_acc": 1.0, "test_acc": 0.8684467111677792, "val_acc": 0.8763243243243243, "loss": 1.3538367748260498, "_timestamp": 1648801629, "_runtime": 31, "_step": 249, "_wandb": {"runtime": 32}}