{"train_acc": 0.9933333333333333, "test_acc": 0.65, "val_acc": 0.5708108108108109, "loss": 1.1086889505386353, "_timestamp": 1648860965, "_runtime": 16, "_step": 249, "_wandb": {"runtime": 17}}