{"train_acc": 1.0, "test_acc": 0.5360824742268041, "val_acc": 0.5484931506849315, "loss": 0.14718127250671387, "_timestamp": 1648803498, "_runtime": 17, "_step": 99, "_wandb": {"runtime": 18}}