{"train_acc": 0.16, "test_acc": 0.15833333333333333, "val_acc": 0.25135135135135134, "loss": 307741.03125, "_timestamp": 1648802391, "_runtime": 24, "_step": 249, "_wandb": {"runtime": 24}}