{"train_acc": 0.98, "test_acc": 0.6333333333333333, "val_acc": 0.6513513513513514, "loss": 1.1209255456924438, "_timestamp": 1648925185, "_runtime": 88, "_step": 249, "_wandb": {"runtime": 88}}