{"train_acc": 1.0, "test_acc": 0.5608247422680412, "val_acc": 0.5654794520547946, "loss": 0.1483725905418396, "_timestamp": 1648804834, "_runtime": 20, "_step": 99, "_wandb": {"runtime": 21}}