{"train_acc": 1.0, "test_acc": 0.721058870011853, "val_acc": 0.7293506493506493, "loss": 0.10038764029741287, "_timestamp": 1648829912, "_runtime": 158, "_step": 599, "_wandb": {"runtime": 158}}