{"train_acc": 1.0, "test_acc": 0.6827340971947846, "val_acc": 0.6903896103896104, "loss": 0.11746950447559357, "_timestamp": 1648861534, "_runtime": 40, "_step": 599, "_wandb": {"runtime": 40}}