{"train_acc": 1.0, "test_acc": 0.5731958762886598, "val_acc": 0.5742465753424657, "loss": 0.11811886727809906, "_timestamp": 1648718035, "_runtime": 52, "_step": 99, "_wandb": {"runtime": 53}}