{"train_acc": 1.0, "test_acc": 0.7089800756335722, "val_acc": 0.716622691292876, "loss": 0.1466544270515442, "_timestamp": 1648789886, "_runtime": 78, "_step": 599, "_wandb": {"runtime": 79}}