{"train_acc": 1.0, "test_acc": 0.716091889146018, "val_acc": 0.7392207792207792, "loss": 0.06785176694393158, "_timestamp": 1648866343, "_runtime": 48, "_step": 599, "_wandb": {"runtime": 48}}