{"train_acc": 0.14285714285714285, "test_acc": 0.11752577319587629, "val_acc": 0.14356164383561643, "loss": NaN, "_timestamp": 1648914839, "_runtime": 22, "_step": 99, "_wandb": {"runtime": 22}}