{"train_acc": 1.0, "test_acc": 0.7148501439295591, "val_acc": 0.7085714285714285, "loss": 0.006634132005274296, "_timestamp": 1648862807, "_runtime": 35, "_step": 599, "_wandb": {"runtime": 35}}