{"train_acc": 0.9866666666666667, "test_acc": 0.675, "val_acc": 0.6637837837837838, "loss": 0.6290464997291565, "_timestamp": 1648908234, "_runtime": 16, "_step": 249, "_wandb": {"runtime": 16}}