{"train_acc": 1.0, "test_acc": 0.5855670103092784, "val_acc": 0.5638356164383561, "loss": 0.1339079886674881, "_timestamp": 1648718163, "_runtime": 16, "_step": 99, "_wandb": {"runtime": 17}}