{"train_acc": 0.98, "test_acc": 0.6833333333333333, "val_acc": 0.6362162162162163, "loss": 1.0624498128890991, "_timestamp": 1648815935, "_runtime": 64, "_step": 249, "_wandb": {"runtime": 64}}