{"train_acc": 1.0, "test_acc": 0.5443298969072164, "val_acc": 0.5331506849315069, "loss": 0.15294745564460754, "_timestamp": 1648919102, "_runtime": 46, "_step": 99, "_wandb": {"runtime": 46}}