{"train_acc": 1.0, "test_acc": 0.6879268499181577, "val_acc": 0.6841558441558442, "loss": 0.14039114117622375, "_timestamp": 1648860857, "_runtime": 37, "_step": 599, "_wandb": {"runtime": 38}}