{"train_acc": 1.0, "test_acc": 0.7, "val_acc": 0.6751351351351351, "loss": 1.0707818269729614, "_timestamp": 1648916423, "_runtime": 34, "_step": 249, "_wandb": {"runtime": 35}}