{"train_acc": 1.0, "test_acc": 0.68380651351809, "val_acc": 0.6581818181818182, "loss": 0.10814755409955978, "_timestamp": 1648809191, "_runtime": 54, "_step": 599, "_wandb": {"runtime": 54}}