{"train_acc": 0.9933333333333333, "test_acc": 0.6333333333333333, "val_acc": 0.6627027027027027, "loss": 1.1507102251052856, "_timestamp": 1648912951, "_runtime": 21, "_step": 249, "_wandb": {"runtime": 23}}