{"train_acc": 1.0, "test_acc": 0.6, "val_acc": 0.6654054054054054, "loss": 1.1033241748809814, "_timestamp": 1648908039, "_runtime": 18, "_step": 249, "_wandb": {"runtime": 18}}