{"train_acc": 1.0, "test_acc": 0.6761302703617994, "val_acc": 0.6825974025974026, "loss": 0.07505877315998077, "_timestamp": 1648827047, "_runtime": 214, "_step": 599, "_wandb": {"runtime": 215}}