{"train_acc": 1.0, "test_acc": 0.6666666666666666, "val_acc": 0.6081081081081081, "loss": 1.105138897895813, "_timestamp": 1648867240, "_runtime": 25, "_step": 249, "_wandb": {"runtime": 26}}