{"train_acc": 1.0, "test_acc": 0.6695264435288142, "val_acc": 0.6784415584415584, "loss": 0.09052882343530655, "_timestamp": 1648809256, "_runtime": 54, "_step": 599, "_wandb": {"runtime": 55}}