{"train_acc": 1.0, "test_acc": 0.5896907216494846, "val_acc": 0.6131506849315068, "loss": 0.10422146320343018, "_timestamp": 1648909813, "_runtime": 13, "_step": 99, "_wandb": {"runtime": 14}}