{"train_acc": 1.0, "test_acc": 0.8907972699317483, "val_acc": 0.9001081081081082, "loss": 1.237752079963684, "_timestamp": 1648821607, "_runtime": 102, "_step": 249, "_wandb": {"runtime": 102}}