{"train_acc": 0.9933333333333333, "test_acc": 0.5416666666666666, "val_acc": 0.6248648648648648, "loss": 1.0597234964370728, "_timestamp": 1648863757, "_runtime": 18, "_step": 249, "_wandb": {"runtime": 19}}