{"train_acc": 1.0, "test_acc": 0.8736968424210605, "val_acc": 0.8763243243243243, "loss": 1.2903392314910889, "_timestamp": 1648808525, "_runtime": 42, "_step": 249, "_wandb": {"runtime": 43}}