{"train_acc": 0.9866666666666667, "test_acc": 0.6333333333333333, "val_acc": 0.5643243243243243, "loss": 1.117114782333374, "_timestamp": 1648863260, "_runtime": 20, "_step": 249, "_wandb": {"runtime": 21}}