{"train_acc": 1.0, "test_acc": 0.7752577319587629, "val_acc": 0.7534246575342466, "loss": 0.035676803439855576, "_timestamp": 1648914770, "_runtime": 22, "_step": 99, "_wandb": {"runtime": 23}}