{"train_acc": 1.0, "test_acc": 0.5525773195876289, "val_acc": 0.5545205479452054, "loss": 0.17312712967395782, "_timestamp": 1648801530, "_runtime": 16, "_step": 99, "_wandb": {"runtime": 16}}