{"train_acc": 1.0, "test_acc": 0.5917525773195876, "val_acc": 0.6356164383561644, "loss": 0.12015047669410706, "_timestamp": 1648806874, "_runtime": 20, "_step": 99, "_wandb": {"runtime": 21}}