{"train_acc": 1.0, "test_acc": 0.7818479426539482, "val_acc": 0.7828571428571428, "loss": 0.025274313986301422, "_timestamp": 1648862856, "_runtime": 38, "_step": 599, "_wandb": {"runtime": 39}}