{"train_acc": 1.0, "test_acc": 0.8793969849246231, "val_acc": 0.8854054054054054, "loss": 1.264788269996643, "_timestamp": 1648720990, "_runtime": 39, "_step": 249, "_wandb": {"runtime": 39}}