{"train_acc": 1.0, "test_acc": 0.5793814432989691, "val_acc": 0.553972602739726, "loss": 0.14155778288841248, "_timestamp": 1648865330, "_runtime": 17, "_step": 99, "_wandb": {"runtime": 18}}