{"train_acc": 1.0, "test_acc": 0.7255178641982277, "val_acc": 0.7215584415584415, "loss": 0.0014457727083936334, "_timestamp": 1648807756, "_runtime": 47, "_step": 599, "_wandb": {"runtime": 48}}