{"train_acc": 1.0, "test_acc": 0.5666666666666667, "val_acc": 0.6027027027027027, "loss": 1.1029014587402344, "_timestamp": 1648918228, "_runtime": 54, "_step": 249, "_wandb": {"runtime": 54}}