{"train_acc": 0.9933333333333333, "test_acc": 0.5916666666666667, "val_acc": 0.6351351351351351, "loss": 1.1710492372512817, "_timestamp": 1648919095, "_runtime": 54, "_step": 249, "_wandb": {"runtime": 54}}