{"train_acc": 1.0, "test_acc": 0.6893379240277699, "val_acc": 0.6685714285714286, "loss": 0.09791304916143417, "_timestamp": 1648828369, "_runtime": 216, "_step": 599, "_wandb": {"runtime": 216}}