{"train_acc": 1.0, "test_acc": 0.5896907216494846, "val_acc": 0.555068493150685, "loss": 0.1391957551240921, "_timestamp": 1648907551, "_runtime": 14, "_step": 99, "_wandb": {"runtime": 15}}