{"train_acc": 1.0, "test_acc": 0.7, "val_acc": 0.6345945945945946, "loss": 1.1427241563796997, "_timestamp": 1648805579, "_runtime": 20, "_step": 249, "_wandb": {"runtime": 21}}