{"train_acc": 1.0, "test_acc": 0.7206073262967772, "val_acc": 0.7267532467532467, "loss": 0.06872719526290894, "_timestamp": 1648833357, "_runtime": 160, "_step": 599, "_wandb": {"runtime": 160}}