{"train_acc": 0.9933333333333333, "test_acc": 0.6416666666666667, "val_acc": 0.6216216216216216, "loss": 1.103427767753601, "_timestamp": 1648807055, "_runtime": 30, "_step": 249, "_wandb": {"runtime": 31}}