{"train_acc": 1.0, "test_acc": 0.7134020618556701, "val_acc": 0.7112328767123288, "loss": 0.03642645105719566, "_timestamp": 1648806596, "_runtime": 52, "_step": 99, "_wandb": {"runtime": 53}}