{"train_acc": 1.0, "test_acc": 0.6846531579838573, "val_acc": 0.692987012987013, "loss": 0.10265584290027618, "_timestamp": 1648801573, "_runtime": 38, "_step": 599, "_wandb": {"runtime": 39}}