{"train_acc": 0.9885714285714285, "test_acc": 0.622680412371134, "val_acc": 0.6010958904109589, "loss": 0.1870262622833252, "_timestamp": 1648916483, "_runtime": 27, "_step": 99, "_wandb": {"runtime": 29}}