{"train_acc": 1.0, "test_acc": 0.6, "val_acc": 0.5567123287671233, "loss": 0.10265962034463882, "_timestamp": 1648915721, "_runtime": 28, "_step": 99, "_wandb": {"runtime": 29}}